[1472:5280:0923/171821.847:WARNING:chrome_main_delegate.cc(745)] This is Chrome version 128.0.6613.138 (not a warning)
[1472:2224:0923/171823.313:ERROR:google_update_settings.cc(265)] Failed opening key Software\Chromium to set usagestats; result: 5
[1472:5280:0923/171823.878:WARNING:account_consistency_mode_manager.cc(77)] Desktop Identity Consistency cannot be enabled as no OAuth client ID and client secret have been configured.
[8396:7164:0923/171833.287:WARNING:frame_impl.cc(430)] virtual CefFrameImpl::SendProcessMessage sent to detached frame 5-642BB9F349A7BB3859FE6BD8D642D104 will be ignored
[1472:18424:0923/171834.104:ERROR:cast_crl.cc(443)] CRL - Verification failed.
[1472:18424:0923/190930.702:VERBOSE1:media_stream_manager.cc(1533)] MSPL::OnSpeedLimitChange({this=00004BFC022BED40}, {new_limit=68})
[1472:18424:0923/190933.702:VERBOSE1:media_stream_manager.cc(1533)] MSPL::OnSpeedLimitChange({this=00004BFC022BED40}, {new_limit=69})
[1472:18424:0923/190934.701:VERBOSE1:media_stream_manager.cc(1533)] MSPL::OnSpeedLimitChange({this=00004BFC022BED40}, {new_limit=68})
[1472:18424:0923/190935.701:VERBOSE1:media_stream_manager.cc(1533)] MSPL::OnSpeedLimitChange({this=00004BFC022BED40}, {new_limit=67})
[4672:7044:0923/190935.839:VERBOSE1:network_delegate.cc(36)] NetworkDelegate::NotifyBeforeURLRequest: https://optimizationguide-pa.googleapis.com/v1:GetModels?key=dummytoken
[4672:7044:0923/190935.843:VERBOSE1:tls_handshaker.cc(105)] TlsClient: Continuing handshake
[4672:7044:0923/190935.844:VERBOSE1:tls_handshaker.cc(126)] TlsClient: SSL_do_handshake returned when entering early data. After retry, rv=-1, SSL_in_early_data=1
[4672:7044:0923/190935.904:VERBOSE1:tls_handshaker.cc(105)] TlsClient: Continuing handshake
[4672:7044:0923/190935.904:VERBOSE1:tls_handshaker.cc(105)] TlsClient: Continuing handshake
[4672:7044:0923/190935.904:VERBOSE1:tls_client_handshaker.cc(528)] Client: handshake finished
[1472:18424:0923/190936.708:VERBOSE1:media_stream_manager.cc(1533)] MSPL::OnSpeedLimitChange({this=00004BFC022BED40}, {new_limit=68})
[1472:18424:0923/190937.701:VERBOSE1:media_stream_manager.cc(1533)] MSPL::OnSpeedLimitChange({this=00004BFC022BED40}, {new_limit=69})
[1472:18424:0923/190941.708:VERBOSE1:media_stream_manager.cc(1533)] MSPL::OnSpeedLimitChange({this=00004BFC022BED40}, {new_limit=70})
[1472:18424:0923/190942.707:VERBOSE1:media_stream_manager.cc(1533)] MSPL::OnSpeedLimitChange({this=00004BFC022BED40}, {new_limit=69})
[1472:18424:0923/190945.713:VERBOSE1:media_stream_manager.cc(1533)] MSPL::OnSpeedLimitChange({this=00004BFC022BED40}, {new_limit=70})
[1472:18424:0923/190949.707:VERBOSE1:media_stream_manager.cc(1533)] MSPL::OnSpeedLimitChange({this=00004BFC022BED40}, {new_limit=69})
[1472:18424:0923/190951.712:VERBOSE1:media_stream_manager.cc(1533)] MSPL::OnSpeedLimitChange({this=00004BFC022BED40}, {new_limit=70})
[1472:18424:0923/190954.716:VERBOSE1:media_stream_manager.cc(1533)] MSPL::OnSpeedLimitChange({this=00004BFC022BED40}, {new_limit=71})
[1472:18424:0923/191000.722:VERBOSE1:media_stream_manager.cc(1533)] MSPL::OnSpeedLimitChange({this=00004BFC022BED40}, {new_limit=72})
[1472:18424:0923/191005.722:VERBOSE1:media_stream_manager.cc(1533)] MSPL::OnSpeedLimitChange({this=00004BFC022BED40}, {new_limit=71})
[1472:18424:0923/191006.726:VERBOSE1:media_stream_manager.cc(1533)] MSPL::OnSpeedLimitChange({this=00004BFC022BED40}, {new_limit=72})
[1472:18424:0923/191007.723:VERBOSE1:media_stream_manager.cc(1533)] MSPL::OnSpeedLimitChange({this=00004BFC022BED40}, {new_limit=71})
[1472:18424:0923/191008.721:VERBOSE1:media_stream_manager.cc(1533)] MSPL::OnSpeedLimitChange({this=00004BFC022BED40}, {new_limit=70})
[1472:18424:0923/191009.727:VERBOSE1:media_stream_manager.cc(1533)] MSPL::OnSpeedLimitChange({this=00004BFC022BED40}, {new_limit=71})
[1472:18424:0923/191011.722:VERBOSE1:media_stream_manager.cc(1533)] MSPL::OnSpeedLimitChange({this=00004BFC022BED40}, {new_limit=70})
[1472:18424:0923/191016.729:VERBOSE1:media_stream_manager.cc(1533)] MSPL::OnSpeedLimitChange({this=00004BFC022BED40}, {new_limit=69})
[1472:18424:0923/191017.724:VERBOSE1:media_stream_manager.cc(1533)] MSPL::OnSpeedLimitChange({this=00004BFC022BED40}, {new_limit=70})
[1472:18424:0923/191031.736:VERBOSE1:media_stream_manager.cc(1533)] MSPL::OnSpeedLimitChange({this=00004BFC022BED40}, {new_limit=71})
[1472:18424:0923/191032.739:VERBOSE1:media_stream_manager.cc(1533)] MSPL::OnSpeedLimitChange({this=00004BFC022BED40}, {new_limit=70})
[1472:18424:0923/191036.744:VERBOSE1:media_stream_manager.cc(1533)] MSPL::OnSpeedLimitChange({this=00004BFC022BED40}, {new_limit=69})
[1472:18424:0923/191039.743:VERBOSE1:media_stream_manager.cc(1533)] MSPL::OnSpeedLimitChange({this=00004BFC022BED40}, {new_limit=70})
[1472:18424:0923/191040.743:VERBOSE1:media_stream_manager.cc(1533)] MSPL::OnSpeedLimitChange({this=00004BFC022BED40}, {new_limit=69})
[1472:18424:0923/191041.746:VERBOSE1:media_stream_manager.cc(1533)] MSPL::OnSpeedLimitChange({this=00004BFC022BED40}, {new_limit=68})
[1472:18424:0923/191042.743:VERBOSE1:media_stream_manager.cc(1533)] MSPL::OnSpeedLimitChange({this=00004BFC022BED40}, {new_limit=69})
[1472:18424:0923/191044.746:VERBOSE1:media_stream_manager.cc(1533)] MSPL::OnSpeedLimitChange({this=00004BFC022BED40}, {new_limit=70})
[1472:18424:0923/191047.744:VERBOSE1:media_stream_manager.cc(1533)] MSPL::OnSpeedLimitChange({this=00004BFC022BED40}, {new_limit=69})
[1472:18424:0923/191053.750:VERBOSE1:media_stream_manager.cc(1533)] MSPL::OnSpeedLimitChange({this=00004BFC022BED40}, {new_limit=68})
[1472:18424:0923/191054.747:VERBOSE1:media_stream_manager.cc(1533)] MSPL::OnSpeedLimitChange({this=00004BFC022BED40}, {new_limit=67})
[1472:18424:0923/191101.758:VERBOSE1:media_stream_manager.cc(1533)] MSPL::OnSpeedLimitChange({this=00004BFC022BED40}, {new_limit=68})
[1472:18424:0923/191102.753:VERBOSE1:media_stream_manager.cc(1533)] MSPL::OnSpeedLimitChange({this=00004BFC022BED40}, {new_limit=67})
[1472:18424:0923/191105.758:VERBOSE1:media_stream_manager.cc(1533)] MSPL::OnSpeedLimitChange({this=00004BFC022BED40}, {new_limit=66})
[1472:18424:0923/191106.755:VERBOSE1:media_stream_manager.cc(1533)] MSPL::OnSpeedLimitChange({this=00004BFC022BED40}, {new_limit=67})
[1472:18424:0923/191109.764:VERBOSE1:media_stream_manager.cc(1533)] MSPL::OnSpeedLimitChange({this=00004BFC022BED40}, {new_limit=66})
[1472:18424:0923/191110.764:VERBOSE1:media_stream_manager.cc(1533)] MSPL::OnSpeedLimitChange({this=00004BFC022BED40}, {new_limit=67})
[1472:18424:0923/191113.764:VERBOSE1:media_stream_manager.cc(1533)] MSPL::OnSpeedLimitChange({this=00004BFC022BED40}, {new_limit=68})
[1472:18424:0923/191115.758:VERBOSE1:media_stream_manager.cc(1533)] MSPL::OnSpeedLimitChange({this=00004BFC022BED40}, {new_limit=69})
[1472:18424:0923/191116.760:VERBOSE1:media_stream_manager.cc(1533)] MSPL::OnSpeedLimitChange({this=00004BFC022BED40}, {new_limit=68})
[1472:18424:0923/191117.764:VERBOSE1:media_stream_manager.cc(1533)] MSPL::OnSpeedLimitChange({this=00004BFC022BED40}, {new_limit=69})
[1472:18424:0923/191118.762:VERBOSE1:media_stream_manager.cc(1533)] MSPL::OnSpeedLimitChange({this=00004BFC022BED40}, {new_limit=68})
[1472:18424:0923/191120.763:VERBOSE1:media_stream_manager.cc(1533)] MSPL::OnSpeedLimitChange({this=00004BFC022BED40}, {new_limit=66})
[1472:18424:0923/191121.767:VERBOSE1:media_stream_manager.cc(1533)] MSPL::OnSpeedLimitChange({this=00004BFC022BED40}, {new_limit=67})
[1472:18424:0923/191124.765:VERBOSE1:media_stream_manager.cc(1533)] MSPL::OnSpeedLimitChange({this=00004BFC022BED40}, {new_limit=66})
[1472:18424:0923/191126.768:VERBOSE1:media_stream_manager.cc(1533)] MSPL::OnSpeedLimitChange({this=00004BFC022BED40}, {new_limit=67})
[1472:18424:0923/191129.772:VERBOSE1:media_stream_manager.cc(1533)] MSPL::OnSpeedLimitChange({this=00004BFC022BED40}, {new_limit=68})
[1472:18424:0923/191130.772:VERBOSE1:media_stream_manager.cc(1533)] MSPL::OnSpeedLimitChange({this=00004BFC022BED40}, {new_limit=69})
[1472:18424:0923/191131.772:VERBOSE1:media_stream_manager.cc(1533)] MSPL::OnSpeedLimitChange({this=00004BFC022BED40}, {new_limit=68})
[1472:18424:0923/191134.773:VERBOSE1:media_stream_manager.cc(1533)] MSPL::OnSpeedLimitChange({this=00004BFC022BED40}, {new_limit=69})
[1472:18424:0923/191136.774:VERBOSE1:media_stream_manager.cc(1533)] MSPL::OnSpeedLimitChange({this=00004BFC022BED40}, {new_limit=70})
[1472:18424:0923/191137.774:VERBOSE1:media_stream_manager.cc(1533)] MSPL::OnSpeedLimitChange({this=00004BFC022BED40}, {new_limit=69})
[1472:18424:0923/191141.782:VERBOSE1:media_stream_manager.cc(1533)] MSPL::OnSpeedLimitChange({this=00004BFC022BED40}, {new_limit=70})
[1472:18424:0923/191143.779:VERBOSE1:media_stream_manager.cc(1533)] MSPL::OnSpeedLimitChange({this=00004BFC022BED40}, {new_limit=69})
[1472:18424:0923/191145.780:VERBOSE1:media_stream_manager.cc(1533)] MSPL::OnSpeedLimitChange({this=00004BFC022BED40}, {new_limit=67})
[1472:18424:0923/191148.783:VERBOSE1:media_stream_manager.cc(1533)] MSPL::OnSpeedLimitChange({this=00004BFC022BED40}, {new_limit=66})
[1472:18424:0923/191150.784:VERBOSE1:media_stream_manager.cc(1533)] MSPL::OnSpeedLimitChange({this=00004BFC022BED40}, {new_limit=67})
[1472:18424:0923/191151.787:VERBOSE1:media_stream_manager.cc(1533)] MSPL::OnSpeedLimitChange({this=00004BFC022BED40}, {new_limit=66})
[1472:18424:0923/191153.788:VERBOSE1:media_stream_manager.cc(1533)] MSPL::OnSpeedLimitChange({this=00004BFC022BED40}, {new_limit=67})
[1472:18424:0923/191155.785:VERBOSE1:media_stream_manager.cc(1533)] MSPL::OnSpeedLimitChange({this=00004BFC022BED40}, {new_limit=68})
[1472:18424:0923/191201.789:VERBOSE1:media_stream_manager.cc(1533)] MSPL::OnSpeedLimitChange({this=00004BFC022BED40}, {new_limit=69})
[1472:18424:0923/191203.792:VERBOSE1:media_stream_manager.cc(1533)] MSPL::OnSpeedLimitChange({this=00004BFC022BED40}, {new_limit=68})
[1472:18424:0923/191205.791:VERBOSE1:media_stream_manager.cc(1533)] MSPL::OnSpeedLimitChange({this=00004BFC022BED40}, {new_limit=67})
[4672:7044:0923/191206.008:VERBOSE1:network_delegate.cc(36)] NetworkDelegate::NotifyBeforeURLRequest: https://optimizationguide-pa.googleapis.com/v1:GetModels?key=dummytoken
[4672:7044:0923/191206.013:VERBOSE1:tls_handshaker.cc(105)] TlsClient: Continuing handshake
[4672:7044:0923/191206.014:VERBOSE1:tls_handshaker.cc(126)] TlsClient: SSL_do_handshake returned when entering early data. After retry, rv=-1, SSL_in_early_data=1
[4672:7044:0923/191206.098:VERBOSE1:tls_handshaker.cc(105)] TlsClient: Continuing handshake
[4672:7044:0923/191206.098:VERBOSE1:tls_handshaker.cc(105)] TlsClient: Continuing handshake
[4672:7044:0923/191206.098:VERBOSE1:tls_client_handshaker.cc(528)] Client: handshake finished
[1472:18424:0923/191207.798:VERBOSE1:media_stream_manager.cc(1533)] MSPL::OnSpeedLimitChange({this=00004BFC022BED40}, {new_limit=68})
[1472:18424:0923/191208.794:VERBOSE1:media_stream_manager.cc(1533)] MSPL::OnSpeedLimitChange({this=00004BFC022BED40}, {new_limit=69})
[1472:18424:0923/191210.799:VERBOSE1:media_stream_manager.cc(1533)] MSPL::OnSpeedLimitChange({this=00004BFC022BED40}, {new_limit=70})
[1472:18424:0923/191213.801:VERBOSE1:media_stream_manager.cc(1533)] MSPL::OnSpeedLimitChange({this=00004BFC022BED40}, {new_limit=71})
[1472:18424:0923/191216.801:VERBOSE1:media_stream_manager.cc(1533)] MSPL::OnSpeedLimitChange({this=00004BFC022BED40}, {new_limit=72})
[1472:18424:0923/191217.799:VERBOSE1:media_stream_manager.cc(1533)] MSPL::OnSpeedLimitChange({this=00004BFC022BED40}, {new_limit=71})
[1472:18424:0923/191218.806:VERBOSE1:media_stream_manager.cc(1533)] MSPL::OnSpeedLimitChange({this=00004BFC022BED40}, {new_limit=72})
[1472:18424:0923/191220.806:VERBOSE1:media_stream_manager.cc(1533)] MSPL::OnSpeedLimitChange({this=00004BFC022BED40}, {new_limit=71})
[1472:18424:0923/191224.802:VERBOSE1:media_stream_manager.cc(1533)] MSPL::OnSpeedLimitChange({this=00004BFC022BED40}, {new_limit=70})
[1472:18424:0923/191225.810:VERBOSE1:media_stream_manager.cc(1533)] MSPL::OnSpeedLimitChange({this=00004BFC022BED40}, {new_limit=71})
[1472:18424:0923/191226.808:VERBOSE1:media_stream_manager.cc(1533)] MSPL::OnSpeedLimitChange({this=00004BFC022BED40}, {new_limit=70})
[1472:18424:0923/191237.811:VERBOSE1:media_stream_manager.cc(1533)] MSPL::OnSpeedLimitChange({this=00004BFC022BED40}, {new_limit=69})
[1472:18424:0923/191239.813:VERBOSE1:media_stream_manager.cc(1533)] MSPL::OnSpeedLimitChange({this=00004BFC022BED40}, {new_limit=70})
[1472:18424:0923/191247.817:VERBOSE1:media_stream_manager.cc(1533)] MSPL::OnSpeedLimitChange({this=00004BFC022BED40}, {new_limit=71})
[1472:18424:0923/191248.819:VERBOSE1:media_stream_manager.cc(1533)] MSPL::OnSpeedLimitChange({this=00004BFC022BED40}, {new_limit=70})
[1472:18424:0923/191251.826:VERBOSE1:media_stream_manager.cc(1533)] MSPL::OnSpeedLimitChange({this=00004BFC022BED40}, {new_limit=69})
[1472:18424:0923/191254.829:VERBOSE1:media_stream_manager.cc(1533)] MSPL::OnSpeedLimitChange({this=00004BFC022BED40}, {new_limit=68})
[1472:18424:0923/191255.825:VERBOSE1:media_stream_manager.cc(1533)] MSPL::OnSpeedLimitChange({this=00004BFC022BED40}, {new_limit=69})
[1472:18424:0923/191259.829:VERBOSE1:media_stream_manager.cc(1533)] MSPL::OnSpeedLimitChange({this=00004BFC022BED40}, {new_limit=70})
[1472:18424:0923/191301.829:VERBOSE1:media_stream_manager.cc(1533)] MSPL::OnSpeedLimitChange({this=00004BFC022BED40}, {new_limit=71})
[1472:18424:0923/191302.827:VERBOSE1:media_stream_manager.cc(1533)] MSPL::OnSpeedLimitChange({this=00004BFC022BED40}, {new_limit=70})
[1472:18424:0923/191303.828:VERBOSE1:media_stream_manager.cc(1533)] MSPL::OnSpeedLimitChange({this=00004BFC022BED40}, {new_limit=71})
[1472:18424:0923/191304.828:VERBOSE1:media_stream_manager.cc(1533)] MSPL::OnSpeedLimitChange({this=00004BFC022BED40}, {new_limit=72})
[1472:18424:0923/191305.831:VERBOSE1:media_stream_manager.cc(1533)] MSPL::OnSpeedLimitChange({this=00004BFC022BED40}, {new_limit=71})
[1472:18424:0923/191306.827:VERBOSE1:media_stream_manager.cc(1533)] MSPL::OnSpeedLimitChange({this=00004BFC022BED40}, {new_limit=70})
[1472:18424:0923/191308.832:VERBOSE1:media_stream_manager.cc(1533)] MSPL::OnSpeedLimitChange({this=00004BFC022BED40}, {new_limit=71})
[1472:18424:0923/191309.831:VERBOSE1:media_stream_manager.cc(1533)] MSPL::OnSpeedLimitChange({this=00004BFC022BED40}, {new_limit=70})
[1472:18424:0923/191310.838:VERBOSE1:media_stream_manager.cc(1533)] MSPL::OnSpeedLimitChange({this=00004BFC022BED40}, {new_limit=69})
[1472:18424:0923/191312.832:VERBOSE1:media_stream_manager.cc(1533)] MSPL::OnSpeedLimitChange({this=00004BFC022BED40}, {new_limit=70})
[1472:18424:0923/191313.837:VERBOSE1:media_stream_manager.cc(1533)] MSPL::OnSpeedLimitChange({this=00004BFC022BED40}, {new_limit=69})
[1472:18424:0923/191316.839:VERBOSE1:media_stream_manager.cc(1533)] MSPL::OnSpeedLimitChange({this=00004BFC022BED40}, {new_limit=68})
[1472:18424:0923/191318.841:VERBOSE1:media_stream_manager.cc(1533)] MSPL::OnSpeedLimitChange({this=00004BFC022BED40}, {new_limit=67})
[1472:18424:0923/191321.840:VERBOSE1:media_stream_manager.cc(1533)] MSPL::OnSpeedLimitChange({this=00004BFC022BED40}, {new_limit=66})
[1472:18424:0923/191322.845:VERBOSE1:media_stream_manager.cc(1533)] MSPL::OnSpeedLimitChange({this=00004BFC022BED40}, {new_limit=65})
[1472:18424:0923/191323.842:VERBOSE1:media_stream_manager.cc(1533)] MSPL::OnSpeedLimitChange({this=00004BFC022BED40}, {new_limit=66})
[1472:18424:0923/191324.839:VERBOSE1:media_stream_manager.cc(1533)] MSPL::OnSpeedLimitChange({this=00004BFC022BED40}, {new_limit=65})
[1472:18424:0923/191326.844:VERBOSE1:media_stream_manager.cc(1533)] MSPL::OnSpeedLimitChange({this=00004BFC022BED40}, {new_limit=66})
[1472:18424:0923/191328.847:VERBOSE1:media_stream_manager.cc(1533)] MSPL::OnSpeedLimitChange({this=00004BFC022BED40}, {new_limit=67})
[1472:18424:0923/191332.851:VERBOSE1:media_stream_manager.cc(1533)] MSPL::OnSpeedLimitChange({this=00004BFC022BED40}, {new_limit=68})
[1472:18424:0923/191339.851:VERBOSE1:media_stream_manager.cc(1533)] MSPL::OnSpeedLimitChange({this=00004BFC022BED40}, {new_limit=67})
[1472:18424:0923/191347.856:VERBOSE1:media_stream_manager.cc(1533)] MSPL::OnSpeedLimitChange({this=00004BFC022BED40}, {new_limit=68})
[1472:18424:0923/191348.853:VERBOSE1:media_stream_manager.cc(1533)] MSPL::OnSpeedLimitChange({this=00004BFC022BED40}, {new_limit=67})
[1472:18424:0923/191351.856:VERBOSE1:media_stream_manager.cc(1533)] MSPL::OnSpeedLimitChange({this=00004BFC022BED40}, {new_limit=68})
[1472:18424:0923/191353.859:VERBOSE1:media_stream_manager.cc(1533)] MSPL::OnSpeedLimitChange({this=00004BFC022BED40}, {new_limit=67})
[1472:18424:0923/191355.858:VERBOSE1:media_stream_manager.cc(1533)] MSPL::OnSpeedLimitChange({this=00004BFC022BED40}, {new_limit=68})
[1472:18424:0923/191356.860:VERBOSE1:media_stream_manager.cc(1533)] MSPL::OnSpeedLimitChange({this=00004BFC022BED40}, {new_limit=69})
[1472:18424:0923/191357.864:VERBOSE1:media_stream_manager.cc(1533)] MSPL::OnSpeedLimitChange({this=00004BFC022BED40}, {new_limit=68})
[1472:18424:0923/191359.860:VERBOSE1:media_stream_manager.cc(1533)] MSPL::OnSpeedLimitChange({this=00004BFC022BED40}, {new_limit=69})
[1472:18424:0923/191402.862:VERBOSE1:media_stream_manager.cc(1533)] MSPL::OnSpeedLimitChange({this=00004BFC022BED40}, {new_limit=68})
[1472:18424:0923/191403.863:VERBOSE1:media_stream_manager.cc(1533)] MSPL::OnSpeedLimitChange({this=00004BFC022BED40}, {new_limit=69})
[1472:18424:0923/191404.868:VERBOSE1:media_stream_manager.cc(1533)] MSPL::OnSpeedLimitChange({this=00004BFC022BED40}, {new_limit=70})
[1472:18424:0923/191405.865:VERBOSE1:media_stream_manager.cc(1533)] MSPL::OnSpeedLimitChange({this=00004BFC022BED40}, {new_limit=69})
[1472:18424:0923/191414.870:VERBOSE1:media_stream_manager.cc(1533)] MSPL::OnSpeedLimitChange({this=00004BFC022BED40}, {new_limit=67})
[1472:18424:0923/191415.870:VERBOSE1:media_stream_manager.cc(1533)] MSPL::OnSpeedLimitChange({this=00004BFC022BED40}, {new_limit=68})
[1472:18424:0923/191416.868:VERBOSE1:media_stream_manager.cc(1533)] MSPL::OnSpeedLimitChange({this=00004BFC022BED40}, {new_limit=69})
[1472:18424:0923/191421.871:VERBOSE1:media_stream_manager.cc(1533)] MSPL::OnSpeedLimitChange({this=00004BFC022BED40}, {new_limit=70})
[1472:18424:0923/191422.871:VERBOSE1:media_stream_manager.cc(1533)] MSPL::OnSpeedLimitChange({this=00004BFC022BED40}, {new_limit=69})
[1472:18424:0923/191423.873:VERBOSE1:media_stream_manager.cc(1533)] MSPL::OnSpeedLimitChange({this=00004BFC022BED40}, {new_limit=70})
[1472:18424:0923/191428.873:VERBOSE1:media_stream_manager.cc(1533)] MSPL::OnSpeedLimitChange({this=00004BFC022BED40}, {new_limit=69})
[1472:18424:0923/191435.886:VERBOSE1:media_stream_manager.cc(1533)] MSPL::OnSpeedLimitChange({this=00004BFC022BED40}, {new_limit=68})
[1472:18424:0923/191436.884:VERBOSE1:media_stream_manager.cc(1533)] MSPL::OnSpeedLimitChange({this=00004BFC022BED40}, {new_limit=67})
[1472:18424:0923/191437.880:VERBOSE1:media_stream_manager.cc(1533)] MSPL::OnSpeedLimitChange({this=00004BFC022BED40}, {new_limit=68})
[1472:18424:0923/191439.889:VERBOSE1:media_stream_manager.cc(1533)] MSPL::OnSpeedLimitChange({this=00004BFC022BED40}, {new_limit=69})
[1472:18424:0923/191440.882:VERBOSE1:media_stream_manager.cc(1533)] MSPL::OnSpeedLimitChange({this=00004BFC022BED40}, {new_limit=68})
[1472:18424:0923/191441.884:VERBOSE1:media_stream_manager.cc(1533)] MSPL::OnSpeedLimitChange({this=00004BFC022BED40}, {new_limit=69})
[1472:18424:0923/191444.889:VERBOSE1:media_stream_manager.cc(1533)] MSPL::OnSpeedLimitChange({this=00004BFC022BED40}, {new_limit=70})
[1472:18424:0923/191445.893:VERBOSE1:media_stream_manager.cc(1533)] MSPL::OnSpeedLimitChange({this=00004BFC022BED40}, {new_limit=71})
[1472:18424:0923/191447.889:VERBOSE1:media_stream_manager.cc(1533)] MSPL::OnSpeedLimitChange({this=00004BFC022BED40}, {new_limit=70})
[1472:18424:0923/191449.892:VERBOSE1:media_stream_manager.cc(1533)] MSPL::OnSpeedLimitChange({this=00004BFC022BED40}, {new_limit=69})
[1472:18424:0923/191457.899:VERBOSE1:media_stream_manager.cc(1533)] MSPL::OnSpeedLimitChange({this=00004BFC022BED40}, {new_limit=71})
[4672:7044:0923/191458.848:VERBOSE1:network_delegate.cc(36)] NetworkDelegate::NotifyBeforeURLRequest: https://optimizationguide-pa.googleapis.com/v1:GetModels?key=dummytoken
[4672:7044:0923/191458.854:VERBOSE1:tls_handshaker.cc(105)] TlsClient: Continuing handshake
[4672:7044:0923/191458.854:VERBOSE1:tls_handshaker.cc(126)] TlsClient: SSL_do_handshake returned when entering early data. After retry, rv=-1, SSL_in_early_data=1
[4672:7044:0923/191458.914:VERBOSE1:tls_handshaker.cc(105)] TlsClient: Continuing handshake
[4672:7044:0923/191458.914:VERBOSE1:tls_handshaker.cc(105)] TlsClient: Continuing handshake
[4672:7044:0923/191458.914:VERBOSE1:tls_client_handshaker.cc(528)] Client: handshake finished
[1472:18424:0923/191502.903:VERBOSE1:media_stream_manager.cc(1533)] MSPL::OnSpeedLimitChange({this=00004BFC022BED40}, {new_limit=70})
[1472:18424:0923/191504.901:VERBOSE1:media_stream_manager.cc(1533)] MSPL::OnSpeedLimitChange({this=00004BFC022BED40}, {new_limit=71})
[1472:18424:0923/191507.901:VERBOSE1:media_stream_manager.cc(1533)] MSPL::OnSpeedLimitChange({this=00004BFC022BED40}, {new_limit=70})
[1472:18424:0923/191508.906:VERBOSE1:media_stream_manager.cc(1533)] MSPL::OnSpeedLimitChange({this=00004BFC022BED40}, {new_limit=69})
[1472:18424:0923/191510.901:VERBOSE1:media_stream_manager.cc(1533)] MSPL::OnSpeedLimitChange({this=00004BFC022BED40}, {new_limit=70})
[1472:18424:0923/191511.903:VERBOSE1:media_stream_manager.cc(1533)] MSPL::OnSpeedLimitChange({this=00004BFC022BED40}, {new_limit=69})
[1472:18424:0923/191512.904:VERBOSE1:media_stream_manager.cc(1533)] MSPL::OnSpeedLimitChange({this=00004BFC022BED40}, {new_limit=70})
[1472:18424:0923/191514.905:VERBOSE1:media_stream_manager.cc(1533)] MSPL::OnSpeedLimitChange({this=00004BFC022BED40}, {new_limit=69})
[1472:18424:0923/191516.911:VERBOSE1:media_stream_manager.cc(1533)] MSPL::OnSpeedLimitChange({this=00004BFC022BED40}, {new_limit=68})
[1472:18424:0923/191517.905:VERBOSE1:media_stream_manager.cc(1533)] MSPL::OnSpeedLimitChange({this=00004BFC022BED40}, {new_limit=69})
[1472:18424:0923/191518.909:VERBOSE1:media_stream_manager.cc(1533)] MSPL::OnSpeedLimitChange({this=00004BFC022BED40}, {new_limit=70})
[1472:18424:0923/191521.909:VERBOSE1:media_stream_manager.cc(1533)] MSPL::OnSpeedLimitChange({this=00004BFC022BED40}, {new_limit=71})
[1472:18424:0923/191522.908:VERBOSE1:media_stream_manager.cc(1533)] MSPL::OnSpeedLimitChange({this=00004BFC022BED40}, {new_limit=70})
[1472:18424:0923/191524.911:VERBOSE1:media_stream_manager.cc(1533)] MSPL::OnSpeedLimitChange({this=00004BFC022BED40}, {new_limit=69})
[1472:18424:0923/191529.917:VERBOSE1:media_stream_manager.cc(1533)] MSPL::OnSpeedLimitChange({this=00004BFC022BED40}, {new_limit=68})
[1472:18424:0923/191531.923:VERBOSE1:media_stream_manager.cc(1533)] MSPL::OnSpeedLimitChange({this=00004BFC022BED40}, {new_limit=69})
[1472:18424:0923/191532.920:VERBOSE1:media_stream_manager.cc(1533)] MSPL::OnSpeedLimitChange({this=00004BFC022BED40}, {new_limit=70})
[1472:18424:0923/191535.922:VERBOSE1:media_stream_manager.cc(1533)] MSPL::OnSpeedLimitChange({this=00004BFC022BED40}, {new_limit=71})
[1472:18424:0923/191536.927:VERBOSE1:media_stream_manager.cc(1533)] MSPL::OnSpeedLimitChange({this=00004BFC022BED40}, {new_limit=70})
[1472:18424:0923/191538.928:VERBOSE1:media_stream_manager.cc(1533)] MSPL::OnSpeedLimitChange({this=00004BFC022BED40}, {new_limit=69})
[1472:18424:0923/191539.922:VERBOSE1:media_stream_manager.cc(1533)] MSPL::OnSpeedLimitChange({this=00004BFC022BED40}, {new_limit=70})
[1472:18424:0923/191541.930:VERBOSE1:media_stream_manager.cc(1533)] MSPL::OnSpeedLimitChange({this=00004BFC022BED40}, {new_limit=69})
[1472:18424:0923/191544.928:VERBOSE1:media_stream_manager.cc(1533)] MSPL::OnSpeedLimitChange({this=00004BFC022BED40}, {new_limit=70})
[1472:18424:0923/191545.931:VERBOSE1:media_stream_manager.cc(1533)] MSPL::OnSpeedLimitChange({this=00004BFC022BED40}, {new_limit=69})
[1472:18424:0923/191546.929:VERBOSE1:media_stream_manager.cc(1533)] MSPL::OnSpeedLimitChange({this=00004BFC022BED40}, {new_limit=70})
[1472:18424:0923/191548.932:VERBOSE1:media_stream_manager.cc(1533)] MSPL::OnSpeedLimitChange({this=00004BFC022BED40}, {new_limit=71})
[1472:18424:0923/191549.929:VERBOSE1:media_stream_manager.cc(1533)] MSPL::OnSpeedLimitChange({this=00004BFC022BED40}, {new_limit=70})
[1472:18424:0923/191555.940:VERBOSE1:media_stream_manager.cc(1533)] MSPL::OnSpeedLimitChange({this=00004BFC022BED40}, {new_limit=69})
[1472:18424:0923/191557.934:VERBOSE1:media_stream_manager.cc(1533)] MSPL::OnSpeedLimitChange({this=00004BFC022BED40}, {new_limit=70})
[1472:18424:0923/191559.935:VERBOSE1:media_stream_manager.cc(1533)] MSPL::OnSpeedLimitChange({this=00004BFC022BED40}, {new_limit=71})
[1472:18424:0923/191600.940:VERBOSE1:media_stream_manager.cc(1533)] MSPL::OnSpeedLimitChange({this=00004BFC022BED40}, {new_limit=70})
[1472:18424:0923/191601.943:VERBOSE1:media_stream_manager.cc(1533)] MSPL::OnSpeedLimitChange({this=00004BFC022BED40}, {new_limit=69})
[1472:18424:0923/191602.942:VERBOSE1:media_stream_manager.cc(1533)] MSPL::OnSpeedLimitChange({this=00004BFC022BED40}, {new_limit=70})
[1472:18424:0923/191603.940:VERBOSE1:media_stream_manager.cc(1533)] MSPL::OnSpeedLimitChange({this=00004BFC022BED40}, {new_limit=69})
[1472:18424:0923/191607.944:VERBOSE1:media_stream_manager.cc(1533)] MSPL::OnSpeedLimitChange({this=00004BFC022BED40}, {new_limit=67})
[1472:18424:0923/191608.950:VERBOSE1:media_stream_manager.cc(1533)] MSPL::OnSpeedLimitChange({this=00004BFC022BED40}, {new_limit=68})
[1472:18424:0923/191611.951:VERBOSE1:media_stream_manager.cc(1533)] MSPL::OnSpeedLimitChange({this=00004BFC022BED40}, {new_limit=69})
[1472:18424:0923/191612.949:VERBOSE1:media_stream_manager.cc(1533)] MSPL::OnSpeedLimitChange({this=00004BFC022BED40}, {new_limit=70})
[1472:18424:0923/191614.953:VERBOSE1:media_stream_manager.cc(1533)] MSPL::OnSpeedLimitChange({this=00004BFC022BED40}, {new_limit=71})
[1472:18424:0923/191616.946:VERBOSE1:media_stream_manager.cc(1533)] MSPL::OnSpeedLimitChange({this=00004BFC022BED40}, {new_limit=72})
[1472:18424:0923/191622.950:VERBOSE1:media_stream_manager.cc(1533)] MSPL::OnSpeedLimitChange({this=00004BFC022BED40}, {new_limit=71})
[1472:18424:0923/191624.957:VERBOSE1:media_stream_manager.cc(1533)] MSPL::OnSpeedLimitChange({this=00004BFC022BED40}, {new_limit=70})
[1472:18424:0923/191626.958:VERBOSE1:media_stream_manager.cc(1533)] MSPL::OnSpeedLimitChange({this=00004BFC022BED40}, {new_limit=69})
[1472:18424:0923/191627.955:VERBOSE1:media_stream_manager.cc(1533)] MSPL::OnSpeedLimitChange({this=00004BFC022BED40}, {new_limit=68})
[1472:18424:0923/191628.959:VERBOSE1:media_stream_manager.cc(1533)] MSPL::OnSpeedLimitChange({this=00004BFC022BED40}, {new_limit=69})
[1472:18424:0923/191629.956:VERBOSE1:media_stream_manager.cc(1533)] MSPL::OnSpeedLimitChange({this=00004BFC022BED40}, {new_limit=68})
[1472:18424:0923/191634.959:VERBOSE1:media_stream_manager.cc(1533)] MSPL::OnSpeedLimitChange({this=00004BFC022BED40}, {new_limit=67})
[1472:18424:0923/191635.958:VERBOSE1:media_stream_manager.cc(1533)] MSPL::OnSpeedLimitChange({this=00004BFC022BED40}, {new_limit=68})
[1472:18424:0923/191636.959:VERBOSE1:media_stream_manager.cc(1533)] MSPL::OnSpeedLimitChange({this=00004BFC022BED40}, {new_limit=69})
[1472:18424:0923/191639.961:VERBOSE1:media_stream_manager.cc(1533)] MSPL::OnSpeedLimitChange({this=00004BFC022BED40}, {new_limit=68})
[1472:18424:0923/191642.970:VERBOSE1:media_stream_manager.cc(1533)] MSPL::OnSpeedLimitChange({this=00004BFC022BED40}, {new_limit=69})
[1472:18424:0923/191645.971:VERBOSE1:media_stream_manager.cc(1533)] MSPL::OnSpeedLimitChange({this=00004BFC022BED40}, {new_limit=68})
[1472:18424:0923/191648.975:VERBOSE1:media_stream_manager.cc(1533)] MSPL::OnSpeedLimitChange({this=00004BFC022BED40}, {new_limit=67})
[1472:18424:0923/191649.969:VERBOSE1:media_stream_manager.cc(1533)] MSPL::OnSpeedLimitChange({this=00004BFC022BED40}, {new_limit=68})
[1472:18424:0923/191652.972:VERBOSE1:media_stream_manager.cc(1533)] MSPL::OnSpeedLimitChange({this=00004BFC022BED40}, {new_limit=67})
[1472:18424:0923/191657.975:VERBOSE1:media_stream_manager.cc(1533)] MSPL::OnSpeedLimitChange({this=00004BFC022BED40}, {new_limit=68})
[1472:18424:0923/191701.976:VERBOSE1:media_stream_manager.cc(1533)] MSPL::OnSpeedLimitChange({this=00004BFC022BED40}, {new_limit=67})
[1472:18424:0923/191704.982:VERBOSE1:media_stream_manager.cc(1533)] MSPL::OnSpeedLimitChange({this=00004BFC022BED40}, {new_limit=66})
[1472:18424:0923/191705.984:VERBOSE1:media_stream_manager.cc(1533)] MSPL::OnSpeedLimitChange({this=00004BFC022BED40}, {new_limit=67})
[1472:18424:0923/191710.983:VERBOSE1:media_stream_manager.cc(1533)] MSPL::OnSpeedLimitChange({this=00004BFC022BED40}, {new_limit=68})
[1472:18424:0923/191712.986:VERBOSE1:media_stream_manager.cc(1533)] MSPL::OnSpeedLimitChange({this=00004BFC022BED40}, {new_limit=69})
[1472:18424:0923/191714.989:VERBOSE1:media_stream_manager.cc(1533)] MSPL::OnSpeedLimitChange({this=00004BFC022BED40}, {new_limit=70})
[1472:18424:0923/191717.987:VERBOSE1:media_stream_manager.cc(1533)] MSPL::OnSpeedLimitChange({this=00004BFC022BED40}, {new_limit=69})
[1472:18424:0923/191718.991:VERBOSE1:media_stream_manager.cc(1533)] MSPL::OnSpeedLimitChange({this=00004BFC022BED40}, {new_limit=70})
[1472:18424:0923/191719.992:VERBOSE1:media_stream_manager.cc(1533)] MSPL::OnSpeedLimitChange({this=00004BFC022BED40}, {new_limit=69})
[1472:18424:0923/191720.991:VERBOSE1:media_stream_manager.cc(1533)] MSPL::OnSpeedLimitChange({this=00004BFC022BED40}, {new_limit=68})
[1472:18424:0923/191721.987:VERBOSE1:media_stream_manager.cc(1533)] MSPL::OnSpeedLimitChange({this=00004BFC022BED40}, {new_limit=69})
[1472:18424:0923/191723.992:VERBOSE1:media_stream_manager.cc(1533)] MSPL::OnSpeedLimitChange({this=00004BFC022BED40}, {new_limit=70})
[1472:18424:0923/191724.995:VERBOSE1:media_stream_manager.cc(1533)] MSPL::OnSpeedLimitChange({this=00004BFC022BED40}, {new_limit=71})
[1472:18424:0923/191726.996:VERBOSE1:media_stream_manager.cc(1533)] MSPL::OnSpeedLimitChange({this=00004BFC022BED40}, {new_limit=72})
[1472:18424:0923/191727.999:VERBOSE1:media_stream_manager.cc(1533)] MSPL::OnSpeedLimitChange({this=00004BFC022BED40}, {new_limit=71})
[1472:18424:0923/191733.993:VERBOSE1:media_stream_manager.cc(1533)] MSPL::OnSpeedLimitChange({this=00004BFC022BED40}, {new_limit=70})
[1472:18424:0923/191740.999:VERBOSE1:media_stream_manager.cc(1533)] MSPL::OnSpeedLimitChange({this=00004BFC022BED40}, {new_limit=69})
[1472:18424:0923/191744.000:VERBOSE1:media_stream_manager.cc(1533)] MSPL::OnSpeedLimitChange({this=00004BFC022BED40}, {new_limit=70})
[1472:18424:0923/191746.003:VERBOSE1:media_stream_manager.cc(1533)] MSPL::OnSpeedLimitChange({this=00004BFC022BED40}, {new_limit=69})
[1472:18424:0923/191749.006:VERBOSE1:media_stream_manager.cc(1533)] MSPL::OnSpeedLimitChange({this=00004BFC022BED40}, {new_limit=70})
[1472:18424:0923/191753.008:VERBOSE1:media_stream_manager.cc(1533)] MSPL::OnSpeedLimitChange({this=00004BFC022BED40}, {new_limit=71})
[1472:18424:0923/191754.005:VERBOSE1:media_stream_manager.cc(1533)] MSPL::OnSpeedLimitChange({this=00004BFC022BED40}, {new_limit=70})
[4672:7044:0923/191754.892:VERBOSE1:network_delegate.cc(36)] NetworkDelegate::NotifyBeforeURLRequest: https://optimizationguide-pa.googleapis.com/v1:GetModels?key=dummytoken
[4672:7044:0923/191754.897:VERBOSE1:tls_handshaker.cc(105)] TlsClient: Continuing handshake
[4672:7044:0923/191754.897:VERBOSE1:tls_handshaker.cc(126)] TlsClient: SSL_do_handshake returned when entering early data. After retry, rv=-1, SSL_in_early_data=1
[4672:7044:0923/191754.979:VERBOSE1:tls_handshaker.cc(105)] TlsClient: Continuing handshake
[4672:7044:0923/191754.979:VERBOSE1:tls_handshaker.cc(105)] TlsClient: Continuing handshake
[4672:7044:0923/191754.979:VERBOSE1:tls_client_handshaker.cc(528)] Client: handshake finished
[1472:18424:0923/191755.012:VERBOSE1:media_stream_manager.cc(1533)] MSPL::OnSpeedLimitChange({this=00004BFC022BED40}, {new_limit=68})
[1472:18424:0923/191757.011:VERBOSE1:media_stream_manager.cc(1533)] MSPL::OnSpeedLimitChange({this=00004BFC022BED40}, {new_limit=69})
[1472:18424:0923/191759.013:VERBOSE1:media_stream_manager.cc(1533)] MSPL::OnSpeedLimitChange({this=00004BFC022BED40}, {new_limit=68})
[1472:18424:0923/191801.013:VERBOSE1:media_stream_manager.cc(1533)] MSPL::OnSpeedLimitChange({this=00004BFC022BED40}, {new_limit=67})
[1472:18424:0923/191802.015:VERBOSE1:media_stream_manager.cc(1533)] MSPL::OnSpeedLimitChange({this=00004BFC022BED40}, {new_limit=66})
[1472:18424:0923/191803.013:VERBOSE1:media_stream_manager.cc(1533)] MSPL::OnSpeedLimitChange({this=00004BFC022BED40}, {new_limit=67})
[1472:18424:0923/191805.010:VERBOSE1:media_stream_manager.cc(1533)] MSPL::OnSpeedLimitChange({this=00004BFC022BED40}, {new_limit=68})
[1472:18424:0923/191807.013:VERBOSE1:media_stream_manager.cc(1533)] MSPL::OnSpeedLimitChange({this=00004BFC022BED40}, {new_limit=69})
[1472:18424:0923/191808.014:VERBOSE1:media_stream_manager.cc(1533)] MSPL::OnSpeedLimitChange({this=00004BFC022BED40}, {new_limit=68})
[1472:18424:0923/191809.020:VERBOSE1:media_stream_manager.cc(1533)] MSPL::OnSpeedLimitChange({this=00004BFC022BED40}, {new_limit=69})
[1472:18424:0923/191811.021:VERBOSE1:media_stream_manager.cc(1533)] MSPL::OnSpeedLimitChange({this=00004BFC022BED40}, {new_limit=70})
[1472:18424:0923/191819.021:VERBOSE1:media_stream_manager.cc(1533)] MSPL::OnSpeedLimitChange({this=00004BFC022BED40}, {new_limit=71})
[1472:18424:0923/191823.029:VERBOSE1:media_stream_manager.cc(1533)] MSPL::OnSpeedLimitChange({this=00004BFC022BED40}, {new_limit=70})
[1472:18424:0923/191826.027:VERBOSE1:media_stream_manager.cc(1533)] MSPL::OnSpeedLimitChange({this=00004BFC022BED40}, {new_limit=71})
[1472:18424:0923/191827.031:VERBOSE1:media_stream_manager.cc(1533)] MSPL::OnSpeedLimitChange({this=00004BFC022BED40}, {new_limit=70})
[1472:18424:0923/191833.030:VERBOSE1:media_stream_manager.cc(1533)] MSPL::OnSpeedLimitChange({this=00004BFC022BED40}, {new_limit=71})
[1472:18424:0923/191834.028:VERBOSE1:media_stream_manager.cc(1533)] MSPL::OnSpeedLimitChange({this=00004BFC022BED40}, {new_limit=70})
[1472:18424:0923/191839.037:VERBOSE1:media_stream_manager.cc(1533)] MSPL::OnSpeedLimitChange({this=00004BFC022BED40}, {new_limit=69})
[1472:18424:0923/191842.033:VERBOSE1:media_stream_manager.cc(1533)] MSPL::OnSpeedLimitChange({this=00004BFC022BED40}, {new_limit=68})
[1472:18424:0923/191844.039:VERBOSE1:media_stream_manager.cc(1533)] MSPL::OnSpeedLimitChange({this=00004BFC022BED40}, {new_limit=69})
[1472:18424:0923/191850.041:VERBOSE1:media_stream_manager.cc(1533)] MSPL::OnSpeedLimitChange({this=00004BFC022BED40}, {new_limit=70})
[1472:18424:0923/191853.044:VERBOSE1:media_stream_manager.cc(1533)] MSPL::OnSpeedLimitChange({this=00004BFC022BED40}, {new_limit=69})
[1472:18424:0923/191858.043:VERBOSE1:media_stream_manager.cc(1533)] MSPL::OnSpeedLimitChange({this=00004BFC022BED40}, {new_limit=70})
[1472:18424:0923/191859.045:VERBOSE1:media_stream_manager.cc(1533)] MSPL::OnSpeedLimitChange({this=00004BFC022BED40}, {new_limit=69})
[1472:18424:0923/191900.043:VERBOSE1:media_stream_manager.cc(1533)] MSPL::OnSpeedLimitChange({this=00004BFC022BED40}, {new_limit=70})
[1472:18424:0923/191902.047:VERBOSE1:media_stream_manager.cc(1533)] MSPL::OnSpeedLimitChange({this=00004BFC022BED40}, {new_limit=71})
[1472:18424:0923/191903.048:VERBOSE1:media_stream_manager.cc(1533)] MSPL::OnSpeedLimitChange({this=00004BFC022BED40}, {new_limit=72})
[1472:18424:0923/191904.049:VERBOSE1:media_stream_manager.cc(1533)] MSPL::OnSpeedLimitChange({this=00004BFC022BED40}, {new_limit=73})
[1472:18424:0923/191907.049:VERBOSE1:media_stream_manager.cc(1533)] MSPL::OnSpeedLimitChange({this=00004BFC022BED40}, {new_limit=71})
[1472:18424:0923/191908.046:VERBOSE1:media_stream_manager.cc(1533)] MSPL::OnSpeedLimitChange({this=00004BFC022BED40}, {new_limit=70})
[1472:18424:0923/191909.049:VERBOSE1:media_stream_manager.cc(1533)] MSPL::OnSpeedLimitChange({this=00004BFC022BED40}, {new_limit=71})
[1472:18424:0923/191911.052:VERBOSE1:media_stream_manager.cc(1533)] MSPL::OnSpeedLimitChange({this=00004BFC022BED40}, {new_limit=70})
[1472:18424:0923/191912.054:VERBOSE1:media_stream_manager.cc(1533)] MSPL::OnSpeedLimitChange({this=00004BFC022BED40}, {new_limit=69})
[1472:18424:0923/191915.055:VERBOSE1:media_stream_manager.cc(1533)] MSPL::OnSpeedLimitChange({this=00004BFC022BED40}, {new_limit=68})
[1472:18424:0923/191916.049:VERBOSE1:media_stream_manager.cc(1533)] MSPL::OnSpeedLimitChange({this=00004BFC022BED40}, {new_limit=69})
[1472:18424:0923/191917.054:VERBOSE1:media_stream_manager.cc(1533)] MSPL::OnSpeedLimitChange({this=00004BFC022BED40}, {new_limit=70})
[1472:18424:0923/191920.050:VERBOSE1:media_stream_manager.cc(1533)] MSPL::OnSpeedLimitChange({this=00004BFC022BED40}, {new_limit=71})
[1472:18424:0923/191924.060:VERBOSE1:media_stream_manager.cc(1533)] MSPL::OnSpeedLimitChange({this=00004BFC022BED40}, {new_limit=70})
[1472:18424:0923/191927.057:VERBOSE1:media_stream_manager.cc(1533)] MSPL::OnSpeedLimitChange({this=00004BFC022BED40}, {new_limit=69})
[1472:18424:0923/191929.057:VERBOSE1:media_stream_manager.cc(1533)] MSPL::OnSpeedLimitChange({this=00004BFC022BED40}, {new_limit=68})
[1472:18424:0923/191931.057:VERBOSE1:media_stream_manager.cc(1533)] MSPL::OnSpeedLimitChange({this=00004BFC022BED40}, {new_limit=67})
[1472:18424:0923/191932.068:VERBOSE1:media_stream_manager.cc(1533)] MSPL::OnSpeedLimitChange({this=00004BFC022BED40}, {new_limit=66})
[1472:18424:0923/191933.058:VERBOSE1:media_stream_manager.cc(1533)] MSPL::OnSpeedLimitChange({this=00004BFC022BED40}, {new_limit=67})
[1472:18424:0923/191935.059:VERBOSE1:media_stream_manager.cc(1533)] MSPL::OnSpeedLimitChange({this=00004BFC022BED40}, {new_limit=68})
[1472:18424:0923/191938.064:VERBOSE1:media_stream_manager.cc(1533)] MSPL::OnSpeedLimitChange({this=00004BFC022BED40}, {new_limit=67})
[1472:18424:0923/191940.066:VERBOSE1:media_stream_manager.cc(1533)] MSPL::OnSpeedLimitChange({this=00004BFC022BED40}, {new_limit=68})
[1472:18424:0923/191945.073:VERBOSE1:media_stream_manager.cc(1533)] MSPL::OnSpeedLimitChange({this=00004BFC022BED40}, {new_limit=67})
[1472:18424:0923/191950.067:VERBOSE1:media_stream_manager.cc(1533)] MSPL::OnSpeedLimitChange({this=00004BFC022BED40}, {new_limit=66})
[1472:18424:0923/191951.070:VERBOSE1:media_stream_manager.cc(1533)] MSPL::OnSpeedLimitChange({this=00004BFC022BED40}, {new_limit=67})
[1472:18424:0923/191954.078:VERBOSE1:media_stream_manager.cc(1533)] MSPL::OnSpeedLimitChange({this=00004BFC022BED40}, {new_limit=68})
[1472:18424:0923/191955.078:VERBOSE1:media_stream_manager.cc(1533)] MSPL::OnSpeedLimitChange({this=00004BFC022BED40}, {new_limit=69})
[1472:18424:0923/191958.073:VERBOSE1:media_stream_manager.cc(1533)] MSPL::OnSpeedLimitChange({this=00004BFC022BED40}, {new_limit=70})
[1472:18424:0923/192002.077:VERBOSE1:media_stream_manager.cc(1533)] MSPL::OnSpeedLimitChange({this=00004BFC022BED40}, {new_limit=71})
[1472:18424:0923/192004.079:VERBOSE1:media_stream_manager.cc(1533)] MSPL::OnSpeedLimitChange({this=00004BFC022BED40}, {new_limit=70})
[1472:18424:0923/192005.084:VERBOSE1:media_stream_manager.cc(1533)] MSPL::OnSpeedLimitChange({this=00004BFC022BED40}, {new_limit=69})
[1472:18424:0923/192006.079:VERBOSE1:media_stream_manager.cc(1533)] MSPL::OnSpeedLimitChange({this=00004BFC022BED40}, {new_limit=71})
[1472:18424:0923/192007.087:VERBOSE1:media_stream_manager.cc(1533)] MSPL::OnSpeedLimitChange({this=00004BFC022BED40}, {new_limit=70})
[1472:18424:0923/192014.090:VERBOSE1:media_stream_manager.cc(1533)] MSPL::OnSpeedLimitChange({this=00004BFC022BED40}, {new_limit=71})
[1472:18424:0923/192016.091:VERBOSE1:media_stream_manager.cc(1533)] MSPL::OnSpeedLimitChange({this=00004BFC022BED40}, {new_limit=70})
[1472:18424:0923/192025.097:VERBOSE1:media_stream_manager.cc(1533)] MSPL::OnSpeedLimitChange({this=00004BFC022BED40}, {new_limit=69})
[1472:18424:0923/192026.095:VERBOSE1:media_stream_manager.cc(1533)] MSPL::OnSpeedLimitChange({this=00004BFC022BED40}, {new_limit=70})
[1472:18424:0923/192031.095:VERBOSE1:media_stream_manager.cc(1533)] MSPL::OnSpeedLimitChange({this=00004BFC022BED40}, {new_limit=71})
[1472:18424:0923/192032.098:VERBOSE1:media_stream_manager.cc(1533)] MSPL::OnSpeedLimitChange({this=00004BFC022BED40}, {new_limit=69})
[1472:18424:0923/192036.103:VERBOSE1:media_stream_manager.cc(1533)] MSPL::OnSpeedLimitChange({this=00004BFC022BED40}, {new_limit=70})
[4672:7044:0923/192040.843:VERBOSE1:network_delegate.cc(36)] NetworkDelegate::NotifyBeforeURLRequest: https://optimizationguide-pa.googleapis.com/v1:GetModels?key=dummytoken
[4672:7044:0923/192040.848:VERBOSE1:tls_handshaker.cc(105)] TlsClient: Continuing handshake
[4672:7044:0923/192040.849:VERBOSE1:tls_handshaker.cc(126)] TlsClient: SSL_do_handshake returned when entering early data. After retry, rv=-1, SSL_in_early_data=1
[4672:7044:0923/192040.908:VERBOSE1:tls_handshaker.cc(105)] TlsClient: Continuing handshake
[4672:7044:0923/192040.908:VERBOSE1:tls_handshaker.cc(105)] TlsClient: Continuing handshake
[4672:7044:0923/192040.908:VERBOSE1:tls_client_handshaker.cc(528)] Client: handshake finished
[1472:18424:0923/192041.098:VERBOSE1:media_stream_manager.cc(1533)] MSPL::OnSpeedLimitChange({this=00004BFC022BED40}, {new_limit=69})
[1472:18424:0923/192045.108:VERBOSE1:media_stream_manager.cc(1533)] MSPL::OnSpeedLimitChange({this=00004BFC022BED40}, {new_limit=68})
[1472:18424:0923/192048.103:VERBOSE1:media_stream_manager.cc(1533)] MSPL::OnSpeedLimitChange({this=00004BFC022BED40}, {new_limit=67})
[1472:18424:0923/192055.107:VERBOSE1:media_stream_manager.cc(1533)] MSPL::OnSpeedLimitChange({this=00004BFC022BED40}, {new_limit=68})
[1472:18424:0923/192056.111:VERBOSE1:media_stream_manager.cc(1533)] MSPL::OnSpeedLimitChange({this=00004BFC022BED40}, {new_limit=67})
[1472:18424:0923/192058.110:VERBOSE1:media_stream_manager.cc(1533)] MSPL::OnSpeedLimitChange({this=00004BFC022BED40}, {new_limit=68})
[1472:18424:0923/192103.120:VERBOSE1:media_stream_manager.cc(1533)] MSPL::OnSpeedLimitChange({this=00004BFC022BED40}, {new_limit=69})
[1472:18424:0923/192113.119:VERBOSE1:media_stream_manager.cc(1533)] MSPL::OnSpeedLimitChange({this=00004BFC022BED40}, {new_limit=68})
[1472:18424:0923/192114.125:VERBOSE1:media_stream_manager.cc(1533)] MSPL::OnSpeedLimitChange({this=00004BFC022BED40}, {new_limit=69})
[1472:18424:0923/192116.124:VERBOSE1:media_stream_manager.cc(1533)] MSPL::OnSpeedLimitChange({this=00004BFC022BED40}, {new_limit=70})
[1472:18424:0923/192118.124:VERBOSE1:media_stream_manager.cc(1533)] MSPL::OnSpeedLimitChange({this=00004BFC022BED40}, {new_limit=72})
[1472:18424:0923/192119.122:VERBOSE1:media_stream_manager.cc(1533)] MSPL::OnSpeedLimitChange({this=00004BFC022BED40}, {new_limit=71})
[1472:18424:0923/192120.125:VERBOSE1:media_stream_manager.cc(1533)] MSPL::OnSpeedLimitChange({this=00004BFC022BED40}, {new_limit=72})
[1472:18424:0923/192123.133:VERBOSE1:media_stream_manager.cc(1533)] MSPL::OnSpeedLimitChange({this=00004BFC022BED40}, {new_limit=73})
[1472:18424:0923/192124.132:VERBOSE1:media_stream_manager.cc(1533)] MSPL::OnSpeedLimitChange({this=00004BFC022BED40}, {new_limit=72})
[1472:18424:0923/192126.134:VERBOSE1:media_stream_manager.cc(1533)] MSPL::OnSpeedLimitChange({this=00004BFC022BED40}, {new_limit=71})
[1472:18424:0923/192128.131:VERBOSE1:media_stream_manager.cc(1533)] MSPL::OnSpeedLimitChange({this=00004BFC022BED40}, {new_limit=70})
[1472:18424:0923/192131.137:VERBOSE1:media_stream_manager.cc(1533)] MSPL::OnSpeedLimitChange({this=00004BFC022BED40}, {new_limit=69})
[1472:18424:0923/192133.133:VERBOSE1:media_stream_manager.cc(1533)] MSPL::OnSpeedLimitChange({this=00004BFC022BED40}, {new_limit=68})
[1472:18424:0923/192136.134:VERBOSE1:media_stream_manager.cc(1533)] MSPL::OnSpeedLimitChange({this=00004BFC022BED40}, {new_limit=69})
[1472:18424:0923/192137.135:VERBOSE1:media_stream_manager.cc(1533)] MSPL::OnSpeedLimitChange({this=00004BFC022BED40}, {new_limit=68})
[1472:18424:0923/192139.133:VERBOSE1:media_stream_manager.cc(1533)] MSPL::OnSpeedLimitChange({this=00004BFC022BED40}, {new_limit=69})
[1472:18424:0923/192141.138:VERBOSE1:media_stream_manager.cc(1533)] MSPL::OnSpeedLimitChange({this=00004BFC022BED40}, {new_limit=71})
[1472:18424:0923/192144.140:VERBOSE1:media_stream_manager.cc(1533)] MSPL::OnSpeedLimitChange({this=00004BFC022BED40}, {new_limit=70})
[1472:18424:0923/192149.143:VERBOSE1:media_stream_manager.cc(1533)] MSPL::OnSpeedLimitChange({this=00004BFC022BED40}, {new_limit=69})
[1472:18424:0923/192154.146:VERBOSE1:media_stream_manager.cc(1533)] MSPL::OnSpeedLimitChange({this=00004BFC022BED40}, {new_limit=68})
[1472:18424:0923/192156.143:VERBOSE1:media_stream_manager.cc(1533)] MSPL::OnSpeedLimitChange({this=00004BFC022BED40}, {new_limit=69})
[1472:18424:0923/192157.148:VERBOSE1:media_stream_manager.cc(1533)] MSPL::OnSpeedLimitChange({this=00004BFC022BED40}, {new_limit=70})
[1472:18424:0923/192158.145:VERBOSE1:media_stream_manager.cc(1533)] MSPL::OnSpeedLimitChange({this=00004BFC022BED40}, {new_limit=69})
[1472:18424:0923/192159.146:VERBOSE1:media_stream_manager.cc(1533)] MSPL::OnSpeedLimitChange({this=00004BFC022BED40}, {new_limit=70})
[1472:18424:0923/192200.152:VERBOSE1:media_stream_manager.cc(1533)] MSPL::OnSpeedLimitChange({this=00004BFC022BED40}, {new_limit=69})
[1472:18424:0923/192204.151:VERBOSE1:media_stream_manager.cc(1533)] MSPL::OnSpeedLimitChange({this=00004BFC022BED40}, {new_limit=70})
[1472:18424:0923/192205.150:VERBOSE1:media_stream_manager.cc(1533)] MSPL::OnSpeedLimitChange({this=00004BFC022BED40}, {new_limit=69})
[1472:18424:0923/192207.155:VERBOSE1:media_stream_manager.cc(1533)] MSPL::OnSpeedLimitChange({this=00004BFC022BED40}, {new_limit=68})
[1472:18424:0923/192208.156:VERBOSE1:media_stream_manager.cc(1533)] MSPL::OnSpeedLimitChange({this=00004BFC022BED40}, {new_limit=69})
[1472:18424:0923/192209.158:VERBOSE1:media_stream_manager.cc(1533)] MSPL::OnSpeedLimitChange({this=00004BFC022BED40}, {new_limit=68})
[1472:18424:0923/192210.153:VERBOSE1:media_stream_manager.cc(1533)] MSPL::OnSpeedLimitChange({this=00004BFC022BED40}, {new_limit=69})
[1472:18424:0923/192220.157:VERBOSE1:media_stream_manager.cc(1533)] MSPL::OnSpeedLimitChange({this=00004BFC022BED40}, {new_limit=68})
[1472:18424:0923/192222.159:VERBOSE1:media_stream_manager.cc(1533)] MSPL::OnSpeedLimitChange({this=00004BFC022BED40}, {new_limit=67})
[1472:18424:0923/192224.159:VERBOSE1:media_stream_manager.cc(1533)] MSPL::OnSpeedLimitChange({this=00004BFC022BED40}, {new_limit=68})
[1472:18424:0923/192227.162:VERBOSE1:media_stream_manager.cc(1533)] MSPL::OnSpeedLimitChange({this=00004BFC022BED40}, {new_limit=69})
[1472:18424:0923/192230.164:VERBOSE1:media_stream_manager.cc(1533)] MSPL::OnSpeedLimitChange({this=00004BFC022BED40}, {new_limit=70})
[1472:18424:0923/192231.170:VERBOSE1:media_stream_manager.cc(1533)] MSPL::OnSpeedLimitChange({this=00004BFC022BED40}, {new_limit=69})
[1472:18424:0923/192237.172:VERBOSE1:media_stream_manager.cc(1533)] MSPL::OnSpeedLimitChange({this=00004BFC022BED40}, {new_limit=70})
[1472:18424:0923/192238.172:VERBOSE1:media_stream_manager.cc(1533)] MSPL::OnSpeedLimitChange({this=00004BFC022BED40}, {new_limit=71})
[1472:18424:0923/192242.173:VERBOSE1:media_stream_manager.cc(1533)] MSPL::OnSpeedLimitChange({this=00004BFC022BED40}, {new_limit=72})
[1472:18424:0923/192244.177:VERBOSE1:media_stream_manager.cc(1533)] MSPL::OnSpeedLimitChange({this=00004BFC022BED40}, {new_limit=71})
[1472:18424:0923/192248.178:VERBOSE1:media_stream_manager.cc(1533)] MSPL::OnSpeedLimitChange({this=00004BFC022BED40}, {new_limit=70})
[1472:18424:0923/192251.181:VERBOSE1:media_stream_manager.cc(1533)] MSPL::OnSpeedLimitChange({this=00004BFC022BED40}, {new_limit=69})
[1472:18424:0923/192257.179:VERBOSE1:media_stream_manager.cc(1533)] MSPL::OnSpeedLimitChange({this=00004BFC022BED40}, {new_limit=68})
[1472:18424:0923/192258.183:VERBOSE1:media_stream_manager.cc(1533)] MSPL::OnSpeedLimitChange({this=00004BFC022BED40}, {new_limit=70})
[1472:18424:0923/192300.182:VERBOSE1:media_stream_manager.cc(1533)] MSPL::OnSpeedLimitChange({this=00004BFC022BED40}, {new_limit=71})
[1472:18424:0923/192304.188:VERBOSE1:media_stream_manager.cc(1533)] MSPL::OnSpeedLimitChange({this=00004BFC022BED40}, {new_limit=72})
[1472:18424:0923/192306.187:VERBOSE1:media_stream_manager.cc(1533)] MSPL::OnSpeedLimitChange({this=00004BFC022BED40}, {new_limit=71})
[1472:18424:0923/192310.194:VERBOSE1:media_stream_manager.cc(1533)] MSPL::OnSpeedLimitChange({this=00004BFC022BED40}, {new_limit=70})
[4672:7044:0923/192311.411:VERBOSE1:network_delegate.cc(36)] NetworkDelegate::NotifyBeforeURLRequest: https://optimizationguide-pa.googleapis.com/v1:GetModels?key=dummytoken
[4672:7044:0923/192311.418:VERBOSE1:tls_handshaker.cc(105)] TlsClient: Continuing handshake
[4672:7044:0923/192311.418:VERBOSE1:tls_handshaker.cc(126)] TlsClient: SSL_do_handshake returned when entering early data. After retry, rv=-1, SSL_in_early_data=1
[4672:7044:0923/192311.481:VERBOSE1:tls_handshaker.cc(105)] TlsClient: Continuing handshake
[4672:7044:0923/192311.481:VERBOSE1:tls_handshaker.cc(105)] TlsClient: Continuing handshake
[4672:7044:0923/192311.481:VERBOSE1:tls_client_handshaker.cc(528)] Client: handshake finished
[1472:18424:0923/192315.197:VERBOSE1:media_stream_manager.cc(1533)] MSPL::OnSpeedLimitChange({this=00004BFC022BED40}, {new_limit=69})
[1472:18424:0923/192316.196:VERBOSE1:media_stream_manager.cc(1533)] MSPL::OnSpeedLimitChange({this=00004BFC022BED40}, {new_limit=70})
[1472:18424:0923/192317.197:VERBOSE1:media_stream_manager.cc(1533)] MSPL::OnSpeedLimitChange({this=00004BFC022BED40}, {new_limit=68})
[1472:18424:0923/192318.200:VERBOSE1:media_stream_manager.cc(1533)] MSPL::OnSpeedLimitChange({this=00004BFC022BED40}, {new_limit=69})
[1472:18424:0923/192324.207:VERBOSE1:media_stream_manager.cc(1533)] MSPL::OnSpeedLimitChange({this=00004BFC022BED40}, {new_limit=68})
[1472:18424:0923/192325.204:VERBOSE1:media_stream_manager.cc(1533)] MSPL::OnSpeedLimitChange({this=00004BFC022BED40}, {new_limit=69})
[1472:18424:0923/192332.214:VERBOSE1:media_stream_manager.cc(1533)] MSPL::OnSpeedLimitChange({this=00004BFC022BED40}, {new_limit=70})
[1472:18424:0923/192333.213:VERBOSE1:media_stream_manager.cc(1533)] MSPL::OnSpeedLimitChange({this=00004BFC022BED40}, {new_limit=69})
[1472:18424:0923/192344.212:VERBOSE1:media_stream_manager.cc(1533)] MSPL::OnSpeedLimitChange({this=00004BFC022BED40}, {new_limit=70})
[1472:18424:0923/192347.213:VERBOSE1:media_stream_manager.cc(1533)] MSPL::OnSpeedLimitChange({this=00004BFC022BED40}, {new_limit=71})
[1472:18424:0923/192348.218:VERBOSE1:media_stream_manager.cc(1533)] MSPL::OnSpeedLimitChange({this=00004BFC022BED40}, {new_limit=72})
[1472:18424:0923/192349.218:VERBOSE1:media_stream_manager.cc(1533)] MSPL::OnSpeedLimitChange({this=00004BFC022BED40}, {new_limit=71})
[1472:18424:0923/192350.218:VERBOSE1:media_stream_manager.cc(1533)] MSPL::OnSpeedLimitChange({this=00004BFC022BED40}, {new_limit=70})
[1472:18424:0923/192355.221:VERBOSE1:media_stream_manager.cc(1533)] MSPL::OnSpeedLimitChange({this=00004BFC022BED40}, {new_limit=71})
[1472:18424:0923/192357.222:VERBOSE1:media_stream_manager.cc(1533)] MSPL::OnSpeedLimitChange({this=00004BFC022BED40}, {new_limit=70})
[1472:18424:0923/192358.221:VERBOSE1:media_stream_manager.cc(1533)] MSPL::OnSpeedLimitChange({this=00004BFC022BED40}, {new_limit=69})
[1472:18424:0923/192400.226:VERBOSE1:media_stream_manager.cc(1533)] MSPL::OnSpeedLimitChange({this=00004BFC022BED40}, {new_limit=70})
[1472:18424:0923/192401.224:VERBOSE1:media_stream_manager.cc(1533)] MSPL::OnSpeedLimitChange({this=00004BFC022BED40}, {new_limit=69})
[1472:18424:0923/192402.225:VERBOSE1:media_stream_manager.cc(1533)] MSPL::OnSpeedLimitChange({this=00004BFC022BED40}, {new_limit=70})
[1472:18424:0923/192407.226:VERBOSE1:media_stream_manager.cc(1533)] MSPL::OnSpeedLimitChange({this=00004BFC022BED40}, {new_limit=69})
[1472:18424:0923/192408.227:VERBOSE1:media_stream_manager.cc(1533)] MSPL::OnSpeedLimitChange({this=00004BFC022BED40}, {new_limit=70})
[1472:18424:0923/192410.227:VERBOSE1:media_stream_manager.cc(1533)] MSPL::OnSpeedLimitChange({this=00004BFC022BED40}, {new_limit=69})
[1472:18424:0923/192411.230:VERBOSE1:media_stream_manager.cc(1533)] MSPL::OnSpeedLimitChange({this=00004BFC022BED40}, {new_limit=70})
[1472:18424:0923/192412.229:VERBOSE1:media_stream_manager.cc(1533)] MSPL::OnSpeedLimitChange({this=00004BFC022BED40}, {new_limit=69})
[1472:18424:0923/192413.233:VERBOSE1:media_stream_manager.cc(1533)] MSPL::OnSpeedLimitChange({this=00004BFC022BED40}, {new_limit=70})
[1472:18424:0923/192416.237:VERBOSE1:media_stream_manager.cc(1533)] MSPL::OnSpeedLimitChange({this=00004BFC022BED40}, {new_limit=69})
[1472:18424:0923/192417.233:VERBOSE1:media_stream_manager.cc(1533)] MSPL::OnSpeedLimitChange({this=00004BFC022BED40}, {new_limit=70})
[1472:18424:0923/192418.232:VERBOSE1:media_stream_manager.cc(1533)] MSPL::OnSpeedLimitChange({this=00004BFC022BED40}, {new_limit=69})
[1472:18424:0923/192420.234:VERBOSE1:media_stream_manager.cc(1533)] MSPL::OnSpeedLimitChange({this=00004BFC022BED40}, {new_limit=71})
[1472:18424:0923/192422.236:VERBOSE1:media_stream_manager.cc(1533)] MSPL::OnSpeedLimitChange({this=00004BFC022BED40}, {new_limit=70})
[1472:18424:0923/192430.244:VERBOSE1:media_stream_manager.cc(1533)] MSPL::OnSpeedLimitChange({this=00004BFC022BED40}, {new_limit=69})
[1472:18424:0923/192433.250:VERBOSE1:media_stream_manager.cc(1533)] MSPL::OnSpeedLimitChange({this=00004BFC022BED40}, {new_limit=68})
[1472:18424:0923/192434.244:VERBOSE1:media_stream_manager.cc(1533)] MSPL::OnSpeedLimitChange({this=00004BFC022BED40}, {new_limit=67})
[1472:18424:0923/192438.250:VERBOSE1:media_stream_manager.cc(1533)] MSPL::OnSpeedLimitChange({this=00004BFC022BED40}, {new_limit=68})
[1472:18424:0923/192441.253:VERBOSE1:media_stream_manager.cc(1533)] MSPL::OnSpeedLimitChange({this=00004BFC022BED40}, {new_limit=69})
[1472:18424:0923/192447.259:VERBOSE1:media_stream_manager.cc(1533)] MSPL::OnSpeedLimitChange({this=00004BFC022BED40}, {new_limit=68})
[1472:18424:0923/192450.253:VERBOSE1:media_stream_manager.cc(1533)] MSPL::OnSpeedLimitChange({this=00004BFC022BED40}, {new_limit=67})
[1472:18424:0923/192453.257:VERBOSE1:media_stream_manager.cc(1533)] MSPL::OnSpeedLimitChange({this=00004BFC022BED40}, {new_limit=68})
[1472:18424:0923/192459.265:VERBOSE1:media_stream_manager.cc(1533)] MSPL::OnSpeedLimitChange({this=00004BFC022BED40}, {new_limit=67})
[1472:18424:0923/192503.266:VERBOSE1:media_stream_manager.cc(1533)] MSPL::OnSpeedLimitChange({this=00004BFC022BED40}, {new_limit=66})
[1472:18424:0923/192505.271:VERBOSE1:media_stream_manager.cc(1533)] MSPL::OnSpeedLimitChange({this=00004BFC022BED40}, {new_limit=65})
[1472:18424:0923/192508.269:VERBOSE1:media_stream_manager.cc(1533)] MSPL::OnSpeedLimitChange({this=00004BFC022BED40}, {new_limit=64})
[1472:18424:0923/192509.272:VERBOSE1:media_stream_manager.cc(1533)] MSPL::OnSpeedLimitChange({this=00004BFC022BED40}, {new_limit=65})
[1472:18424:0923/192511.270:VERBOSE1:media_stream_manager.cc(1533)] MSPL::OnSpeedLimitChange({this=00004BFC022BED40}, {new_limit=66})
[1472:18424:0923/192512.271:VERBOSE1:media_stream_manager.cc(1533)] MSPL::OnSpeedLimitChange({this=00004BFC022BED40}, {new_limit=67})
[1472:18424:0923/192515.272:VERBOSE1:media_stream_manager.cc(1533)] MSPL::OnSpeedLimitChange({this=00004BFC022BED40}, {new_limit=68})
[1472:18424:0923/192516.274:VERBOSE1:media_stream_manager.cc(1533)] MSPL::OnSpeedLimitChange({this=00004BFC022BED40}, {new_limit=69})
[1472:18424:0923/192518.277:VERBOSE1:media_stream_manager.cc(1533)] MSPL::OnSpeedLimitChange({this=00004BFC022BED40}, {new_limit=70})
[1472:18424:0923/192530.290:VERBOSE1:media_stream_manager.cc(1533)] MSPL::OnSpeedLimitChange({this=00004BFC022BED40}, {new_limit=69})
[1472:18424:0923/192532.287:VERBOSE1:media_stream_manager.cc(1533)] MSPL::OnSpeedLimitChange({this=00004BFC022BED40}, {new_limit=68})
[1472:18424:0923/192534.284:VERBOSE1:media_stream_manager.cc(1533)] MSPL::OnSpeedLimitChange({this=00004BFC022BED40}, {new_limit=69})
[1472:18424:0923/192535.289:VERBOSE1:media_stream_manager.cc(1533)] MSPL::OnSpeedLimitChange({this=00004BFC022BED40}, {new_limit=70})
[1472:18424:0923/192539.293:VERBOSE1:media_stream_manager.cc(1533)] MSPL::OnSpeedLimitChange({this=00004BFC022BED40}, {new_limit=71})
[1472:18424:0923/192540.290:VERBOSE1:media_stream_manager.cc(1533)] MSPL::OnSpeedLimitChange({this=00004BFC022BED40}, {new_limit=72})
[1472:18424:0923/192542.297:VERBOSE1:media_stream_manager.cc(1533)] MSPL::OnSpeedLimitChange({this=00004BFC022BED40}, {new_limit=73})
[1472:18424:0923/192545.297:VERBOSE1:media_stream_manager.cc(1533)] MSPL::OnSpeedLimitChange({this=00004BFC022BED40}, {new_limit=72})
[4672:7044:0923/192546.450:VERBOSE1:network_delegate.cc(36)] NetworkDelegate::NotifyBeforeURLRequest: https://optimizationguide-pa.googleapis.com/v1:GetModels?key=dummytoken
[4672:7044:0923/192546.455:VERBOSE1:tls_handshaker.cc(105)] TlsClient: Continuing handshake
[4672:7044:0923/192546.456:VERBOSE1:tls_handshaker.cc(126)] TlsClient: SSL_do_handshake returned when entering early data. After retry, rv=-1, SSL_in_early_data=1
[4672:7044:0923/192546.518:VERBOSE1:tls_handshaker.cc(105)] TlsClient: Continuing handshake
[4672:7044:0923/192546.518:VERBOSE1:tls_handshaker.cc(105)] TlsClient: Continuing handshake
[4672:7044:0923/192546.518:VERBOSE1:tls_client_handshaker.cc(625)] 0-RTT handshake attempted but was rejected by the server
[4672:7044:0923/192546.518:VERBOSE1:tls_handshaker.cc(105)] TlsClient: Continuing handshake
[4672:7044:0923/192546.518:VERBOSE1:tls_handshaker.cc(105)] TlsClient: Continuing handshake
[4672:7044:0923/192546.518:VERBOSE1:tls_client_handshaker.cc(528)] Client: handshake finished
[1472:18424:0923/192548.295:VERBOSE1:media_stream_manager.cc(1533)] MSPL::OnSpeedLimitChange({this=00004BFC022BED40}, {new_limit=71})
[1472:18424:0923/192549.293:VERBOSE1:media_stream_manager.cc(1533)] MSPL::OnSpeedLimitChange({this=00004BFC022BED40}, {new_limit=70})
[1472:18424:0923/192549.885:VERBOSE1:cast_message_handler.cc(362)] OnMessage: channel_id: 1, message: {source_id: receiver-0, destination_id: *, namespace: urn:x-cast:com.google.cast.receiver, payload_utf8: {"requestId":0,"status":{"isActiveInput":true,"isStandBy":false,"userEq":{},"volume":{"controlType":"attenuation","level":0.46666666865348816,"muted":false,"stepInterval":0.06666667014360428}},"type":"RECEIVER_STATUS"}}
[1472:18424:0923/192549.943:VERBOSE1:cast_message_handler.cc(362)] OnMessage: channel_id: 1, message: {source_id: receiver-0, destination_id: *, namespace: urn:x-cast:com.google.cast.receiver, payload_utf8: {"requestId":0,"status":{"applications":[{"appId":"2C6A6E3D","appType":"ANDROID_TV","displayName":"YouTube","iconUrl":"","isIdleScreen":false,"launchedFromCloud":false,"namespaces":[{"name":"urn:x-cast:com.google.cast.media"},{"name":"urn:x-cast:com.google.cast.system"},{"name":"urn:x-cast:com.google.cast.cac"},{"name":"urn:x-cast:com.google.cast.customdata"},{"name":"urn:x-cast:com.google.youtube.mdx"}],"senderConnected":false,"sessionId":"986c0960-f3ad-4bc0-ac39-0501a40afb18","statusText":"Youtube","transportId":"986c0960-f3ad-4bc0-ac39-0501a40afb18","universalAppId":"233637DE"}],"isActiveInput":true,"isStandBy":false,"userEq":{},"volume":{"controlType":"attenuation","level":0.46666666865348816,"muted":false,"stepInterval":0.06666667014360428}},"type":"RECEIVER_STATUS"}}
[1472:18424:0923/192550.301:VERBOSE1:media_stream_manager.cc(1533)] MSPL::OnSpeedLimitChange({this=00004BFC022BED40}, {new_limit=69})
[1472:5280:0923/192551.803:VERBOSE1:service_discovery_device_lister.cc(54)] OnServiceUpdated: service_type: _googlecast._tcp.local, service_name: UHD4K-6ca8be4b2cc762c00b375312bcce4dc0._googlecast._tcp.local, update: 1
[1472:5280:0923/192551.803:VERBOSE1:service_discovery_device_lister.cc(75)] Adding resolver for service_name: UHD4K-6ca8be4b2cc762c00b375312bcce4dc0._googlecast._tcp.local
[1472:5280:0923/192551.815:VERBOSE1:service_discovery_device_lister.cc(91)] OnResolveComplete: service_type: _googlecast._tcp.local, service_name: UHD4K-6ca8be4b2cc762c00b375312bcce4dc0._googlecast._tcp.local, status: 0
[1472:18424:0923/192552.295:VERBOSE1:media_stream_manager.cc(1533)] MSPL::OnSpeedLimitChange({this=00004BFC022BED40}, {new_limit=68})
[1472:18424:0923/192554.300:VERBOSE1:media_stream_manager.cc(1533)] MSPL::OnSpeedLimitChange({this=00004BFC022BED40}, {new_limit=67})
[1472:18424:0923/192557.302:VERBOSE1:media_stream_manager.cc(1533)] MSPL::OnSpeedLimitChange({this=00004BFC022BED40}, {new_limit=68})
[1472:18424:0923/192559.307:VERBOSE1:media_stream_manager.cc(1533)] MSPL::OnSpeedLimitChange({this=00004BFC022BED40}, {new_limit=69})
[1472:18424:0923/192600.304:VERBOSE1:media_stream_manager.cc(1533)] MSPL::OnSpeedLimitChange({this=00004BFC022BED40}, {new_limit=70})
[1472:18424:0923/192601.305:VERBOSE1:media_stream_manager.cc(1533)] MSPL::OnSpeedLimitChange({this=00004BFC022BED40}, {new_limit=71})
[1472:18424:0923/192605.307:VERBOSE1:media_stream_manager.cc(1533)] MSPL::OnSpeedLimitChange({this=00004BFC022BED40}, {new_limit=72})
[1472:18424:0923/192607.309:VERBOSE1:media_stream_manager.cc(1533)] MSPL::OnSpeedLimitChange({this=00004BFC022BED40}, {new_limit=71})
[1472:18424:0923/192609.306:VERBOSE1:media_stream_manager.cc(1533)] MSPL::OnSpeedLimitChange({this=00004BFC022BED40}, {new_limit=70})
[1472:18424:0923/192614.313:VERBOSE1:media_stream_manager.cc(1533)] MSPL::OnSpeedLimitChange({this=00004BFC022BED40}, {new_limit=71})
[1472:18424:0923/192615.316:VERBOSE1:media_stream_manager.cc(1533)] MSPL::OnSpeedLimitChange({this=00004BFC022BED40}, {new_limit=70})
[1472:18424:0923/192617.312:VERBOSE1:media_stream_manager.cc(1533)] MSPL::OnSpeedLimitChange({this=00004BFC022BED40}, {new_limit=69})
[1472:18424:0923/192619.318:VERBOSE1:media_stream_manager.cc(1533)] MSPL::OnSpeedLimitChange({this=00004BFC022BED40}, {new_limit=70})
[1472:18424:0923/192620.313:VERBOSE1:media_stream_manager.cc(1533)] MSPL::OnSpeedLimitChange({this=00004BFC022BED40}, {new_limit=69})
[1472:18424:0923/192622.317:VERBOSE1:media_stream_manager.cc(1533)] MSPL::OnSpeedLimitChange({this=00004BFC022BED40}, {new_limit=68})
[1472:18424:0923/192623.315:VERBOSE1:media_stream_manager.cc(1533)] MSPL::OnSpeedLimitChange({this=00004BFC022BED40}, {new_limit=69})
[1472:18424:0923/192625.318:VERBOSE1:media_stream_manager.cc(1533)] MSPL::OnSpeedLimitChange({this=00004BFC022BED40}, {new_limit=68})
[1472:18424:0923/192634.329:VERBOSE1:media_stream_manager.cc(1533)] MSPL::OnSpeedLimitChange({this=00004BFC022BED40}, {new_limit=67})
[1472:18424:0923/192635.322:VERBOSE1:media_stream_manager.cc(1533)] MSPL::OnSpeedLimitChange({this=00004BFC022BED40}, {new_limit=68})
[1472:18424:0923/192637.326:VERBOSE1:media_stream_manager.cc(1533)] MSPL::OnSpeedLimitChange({this=00004BFC022BED40}, {new_limit=69})
[1472:18424:0923/192642.327:VERBOSE1:media_stream_manager.cc(1533)] MSPL::OnSpeedLimitChange({this=00004BFC022BED40}, {new_limit=70})
[1472:18424:0923/192646.922:VERBOSE1:cast_message_handler.cc(362)] OnMessage: channel_id: 1, message: {source_id: receiver-0, destination_id: *, namespace: urn:x-cast:com.google.cast.receiver, payload_utf8: {"requestId":0,"status":{"applications":[{"appId":"2C6A6E3D","appType":"ANDROID_TV","displayName":"YouTube","iconUrl":"","isIdleScreen":false,"launchedFromCloud":false,"namespaces":[{"name":"urn:x-cast:com.google.cast.media"},{"name":"urn:x-cast:com.google.cast.system"},{"name":"urn:x-cast:com.google.cast.cac"},{"name":"urn:x-cast:com.google.cast.customdata"},{"name":"urn:x-cast:com.google.youtube.mdx"}],"senderConnected":false,"sessionId":"986c0960-f3ad-4bc0-ac39-0501a40afb18","statusText":"Youtube","transportId":"986c0960-f3ad-4bc0-ac39-0501a40afb18","universalAppId":"233637DE"}],"isActiveInput":true,"isStandBy":false,"userEq":{},"volume":{"controlType":"attenuation","level":0.4000000059604645,"muted":false,"stepInterval":0.06666667014360428}},"type":"RECEIVER_STATUS"}}
[1472:18424:0923/192650.336:VERBOSE1:media_stream_manager.cc(1533)] MSPL::OnSpeedLimitChange({this=00004BFC022BED40}, {new_limit=71})
[1472:18424:0923/192651.337:VERBOSE1:media_stream_manager.cc(1533)] MSPL::OnSpeedLimitChange({this=00004BFC022BED40}, {new_limit=70})
[1472:18424:0923/192653.337:VERBOSE1:media_stream_manager.cc(1533)] MSPL::OnSpeedLimitChange({this=00004BFC022BED40}, {new_limit=69})
[1472:18424:0923/192655.336:VERBOSE1:media_stream_manager.cc(1533)] MSPL::OnSpeedLimitChange({this=00004BFC022BED40}, {new_limit=70})
[1472:18424:0923/192658.342:VERBOSE1:media_stream_manager.cc(1533)] MSPL::OnSpeedLimitChange({this=00004BFC022BED40}, {new_limit=69})
[1472:18424:0923/192701.344:VERBOSE1:media_stream_manager.cc(1533)] MSPL::OnSpeedLimitChange({this=00004BFC022BED40}, {new_limit=70})
[1472:18424:0923/192702.344:VERBOSE1:media_stream_manager.cc(1533)] MSPL::OnSpeedLimitChange({this=00004BFC022BED40}, {new_limit=69})
[1472:18424:0923/192707.342:VERBOSE1:media_stream_manager.cc(1533)] MSPL::OnSpeedLimitChange({this=00004BFC022BED40}, {new_limit=68})
[1472:18424:0923/192708.343:VERBOSE1:media_stream_manager.cc(1533)] MSPL::OnSpeedLimitChange({this=00004BFC022BED40}, {new_limit=69})
[1472:18424:0923/192709.343:VERBOSE1:media_stream_manager.cc(1533)] MSPL::OnSpeedLimitChange({this=00004BFC022BED40}, {new_limit=68})
[1472:18424:0923/192712.345:VERBOSE1:media_stream_manager.cc(1533)] MSPL::OnSpeedLimitChange({this=00004BFC022BED40}, {new_limit=69})
[1472:18424:0923/192717.351:VERBOSE1:media_stream_manager.cc(1533)] MSPL::OnSpeedLimitChange({this=00004BFC022BED40}, {new_limit=70})
[1472:18424:0923/192720.354:VERBOSE1:media_stream_manager.cc(1533)] MSPL::OnSpeedLimitChange({this=00004BFC022BED40}, {new_limit=71})
[1472:18424:0923/192721.354:VERBOSE1:media_stream_manager.cc(1533)] MSPL::OnSpeedLimitChange({this=00004BFC022BED40}, {new_limit=70})
[1472:18424:0923/192722.351:VERBOSE1:media_stream_manager.cc(1533)] MSPL::OnSpeedLimitChange({this=00004BFC022BED40}, {new_limit=71})
[1472:18424:0923/192726.352:VERBOSE1:media_stream_manager.cc(1533)] MSPL::OnSpeedLimitChange({this=00004BFC022BED40}, {new_limit=72})
[1472:18424:0923/192727.359:VERBOSE1:media_stream_manager.cc(1533)] MSPL::OnSpeedLimitChange({this=00004BFC022BED40}, {new_limit=73})
[1472:18424:0923/192728.355:VERBOSE1:media_stream_manager.cc(1533)] MSPL::OnSpeedLimitChange({this=00004BFC022BED40}, {new_limit=72})
[1472:18424:0923/192733.357:VERBOSE1:media_stream_manager.cc(1533)] MSPL::OnSpeedLimitChange({this=00004BFC022BED40}, {new_limit=71})
[1472:18424:0923/192734.363:VERBOSE1:media_stream_manager.cc(1533)] MSPL::OnSpeedLimitChange({this=00004BFC022BED40}, {new_limit=72})
[1472:18424:0923/192736.366:VERBOSE1:media_stream_manager.cc(1533)] MSPL::OnSpeedLimitChange({this=00004BFC022BED40}, {new_limit=71})
[1472:18424:0923/192737.358:VERBOSE1:media_stream_manager.cc(1533)] MSPL::OnSpeedLimitChange({this=00004BFC022BED40}, {new_limit=70})
[1472:18424:0923/192738.358:VERBOSE1:media_stream_manager.cc(1533)] MSPL::OnSpeedLimitChange({this=00004BFC022BED40}, {new_limit=69})
[1472:18424:0923/192746.367:VERBOSE1:media_stream_manager.cc(1533)] MSPL::OnSpeedLimitChange({this=00004BFC022BED40}, {new_limit=70})
[1472:18424:0923/192749.368:VERBOSE1:media_stream_manager.cc(1533)] MSPL::OnSpeedLimitChange({this=00004BFC022BED40}, {new_limit=69})
[1472:18424:0923/192750.372:VERBOSE1:media_stream_manager.cc(1533)] MSPL::OnSpeedLimitChange({this=00004BFC022BED40}, {new_limit=70})
[1472:18424:0923/192756.374:VERBOSE1:media_stream_manager.cc(1533)] MSPL::OnSpeedLimitChange({this=00004BFC022BED40}, {new_limit=71})
[1472:18424:0923/192758.376:VERBOSE1:media_stream_manager.cc(1533)] MSPL::OnSpeedLimitChange({this=00004BFC022BED40}, {new_limit=73})
[1472:18424:0923/192759.371:VERBOSE1:media_stream_manager.cc(1533)] MSPL::OnSpeedLimitChange({this=00004BFC022BED40}, {new_limit=72})
[1472:18424:0923/192802.372:VERBOSE1:media_stream_manager.cc(1533)] MSPL::OnSpeedLimitChange({this=00004BFC022BED40}, {new_limit=71})
[1472:18424:0923/192806.378:VERBOSE1:media_stream_manager.cc(1533)] MSPL::OnSpeedLimitChange({this=00004BFC022BED40}, {new_limit=69})
[1472:18424:0923/192808.378:VERBOSE1:media_stream_manager.cc(1533)] MSPL::OnSpeedLimitChange({this=00004BFC022BED40}, {new_limit=68})
[1472:18424:0923/192809.376:VERBOSE1:media_stream_manager.cc(1533)] MSPL::OnSpeedLimitChange({this=00004BFC022BED40}, {new_limit=69})
[1472:18424:0923/192813.381:VERBOSE1:media_stream_manager.cc(1533)] MSPL::OnSpeedLimitChange({this=00004BFC022BED40}, {new_limit=68})
[1472:18424:0923/192815.382:VERBOSE1:media_stream_manager.cc(1533)] MSPL::OnSpeedLimitChange({this=00004BFC022BED40}, {new_limit=69})
[1472:18424:0923/192816.380:VERBOSE1:media_stream_manager.cc(1533)] MSPL::OnSpeedLimitChange({this=00004BFC022BED40}, {new_limit=68})
[1472:18424:0923/192823.391:VERBOSE1:media_stream_manager.cc(1533)] MSPL::OnSpeedLimitChange({this=00004BFC022BED40}, {new_limit=69})
[1472:18424:0923/192825.393:VERBOSE1:media_stream_manager.cc(1533)] MSPL::OnSpeedLimitChange({this=00004BFC022BED40}, {new_limit=68})
[1472:18424:0923/192826.394:VERBOSE1:media_stream_manager.cc(1533)] MSPL::OnSpeedLimitChange({this=00004BFC022BED40}, {new_limit=69})
[1472:18424:0923/192832.398:VERBOSE1:media_stream_manager.cc(1533)] MSPL::OnSpeedLimitChange({this=00004BFC022BED40}, {new_limit=70})
[1472:18424:0923/192833.396:VERBOSE1:media_stream_manager.cc(1533)] MSPL::OnSpeedLimitChange({this=00004BFC022BED40}, {new_limit=69})
[1472:18424:0923/192834.399:VERBOSE1:media_stream_manager.cc(1533)] MSPL::OnSpeedLimitChange({this=00004BFC022BED40}, {new_limit=70})
[4672:7044:0923/192835.692:VERBOSE1:network_delegate.cc(36)] NetworkDelegate::NotifyBeforeURLRequest: https://optimizationguide-pa.googleapis.com/v1:GetModels?key=dummytoken
[4672:7044:0923/192835.697:VERBOSE1:tls_handshaker.cc(105)] TlsClient: Continuing handshake
[4672:7044:0923/192835.697:VERBOSE1:tls_handshaker.cc(126)] TlsClient: SSL_do_handshake returned when entering early data. After retry, rv=-1, SSL_in_early_data=1
[4672:7044:0923/192835.744:VERBOSE1:tls_handshaker.cc(105)] TlsClient: Continuing handshake
[4672:7044:0923/192835.757:VERBOSE1:tls_handshaker.cc(105)] TlsClient: Continuing handshake
[4672:7044:0923/192835.757:VERBOSE1:tls_client_handshaker.cc(625)] 0-RTT handshake attempted but was rejected by the server
[4672:7044:0923/192835.757:VERBOSE1:tls_handshaker.cc(105)] TlsClient: Continuing handshake
[4672:7044:0923/192835.757:VERBOSE1:tls_handshaker.cc(105)] TlsClient: Continuing handshake
[4672:7044:0923/192835.757:VERBOSE1:tls_client_handshaker.cc(528)] Client: handshake finished
[1472:18424:0923/192838.404:VERBOSE1:media_stream_manager.cc(1533)] MSPL::OnSpeedLimitChange({this=00004BFC022BED40}, {new_limit=69})
[1472:18424:0923/192842.407:VERBOSE1:media_stream_manager.cc(1533)] MSPL::OnSpeedLimitChange({this=00004BFC022BED40}, {new_limit=68})
[1472:18424:0923/192843.406:VERBOSE1:media_stream_manager.cc(1533)] MSPL::OnSpeedLimitChange({this=00004BFC022BED40}, {new_limit=67})
[1472:18424:0923/192844.410:VERBOSE1:media_stream_manager.cc(1533)] MSPL::OnSpeedLimitChange({this=00004BFC022BED40}, {new_limit=68})
[1472:18424:0923/192845.407:VERBOSE1:media_stream_manager.cc(1533)] MSPL::OnSpeedLimitChange({this=00004BFC022BED40}, {new_limit=67})
[1472:18424:0923/192847.410:VERBOSE1:media_stream_manager.cc(1533)] MSPL::OnSpeedLimitChange({this=00004BFC022BED40}, {new_limit=66})
[1472:18424:0923/192848.409:VERBOSE1:media_stream_manager.cc(1533)] MSPL::OnSpeedLimitChange({this=00004BFC022BED40}, {new_limit=67})
[1472:18424:0923/192849.406:VERBOSE1:media_stream_manager.cc(1533)] MSPL::OnSpeedLimitChange({this=00004BFC022BED40}, {new_limit=66})
[1472:18424:0923/192851.406:VERBOSE1:media_stream_manager.cc(1533)] MSPL::OnSpeedLimitChange({this=00004BFC022BED40}, {new_limit=67})
[1472:18424:0923/192852.414:VERBOSE1:media_stream_manager.cc(1533)] MSPL::OnSpeedLimitChange({this=00004BFC022BED40}, {new_limit=68})
[1472:18424:0923/192853.411:VERBOSE1:media_stream_manager.cc(1533)] MSPL::OnSpeedLimitChange({this=00004BFC022BED40}, {new_limit=69})
[1472:18424:0923/192854.411:VERBOSE1:media_stream_manager.cc(1533)] MSPL::OnSpeedLimitChange({this=00004BFC022BED40}, {new_limit=68})
[1472:18424:0923/192855.409:VERBOSE1:media_stream_manager.cc(1533)] MSPL::OnSpeedLimitChange({this=00004BFC022BED40}, {new_limit=69})
[1472:18424:0923/192857.413:VERBOSE1:media_stream_manager.cc(1533)] MSPL::OnSpeedLimitChange({this=00004BFC022BED40}, {new_limit=71})
[1472:18424:0923/192859.416:VERBOSE1:media_stream_manager.cc(1533)] MSPL::OnSpeedLimitChange({this=00004BFC022BED40}, {new_limit=72})
[1472:18424:0923/192900.414:VERBOSE1:media_stream_manager.cc(1533)] MSPL::OnSpeedLimitChange({this=00004BFC022BED40}, {new_limit=71})
[1472:18424:0923/192903.415:VERBOSE1:media_stream_manager.cc(1533)] MSPL::OnSpeedLimitChange({this=00004BFC022BED40}, {new_limit=70})
[1472:18424:0923/192904.415:VERBOSE1:media_stream_manager.cc(1533)] MSPL::OnSpeedLimitChange({this=00004BFC022BED40}, {new_limit=69})
[1472:18424:0923/192905.422:VERBOSE1:media_stream_manager.cc(1533)] MSPL::OnSpeedLimitChange({this=00004BFC022BED40}, {new_limit=68})
[1472:18424:0923/192909.418:VERBOSE1:media_stream_manager.cc(1533)] MSPL::OnSpeedLimitChange({this=00004BFC022BED40}, {new_limit=67})
[1472:18424:0923/192910.419:VERBOSE1:media_stream_manager.cc(1533)] MSPL::OnSpeedLimitChange({this=00004BFC022BED40}, {new_limit=68})
[1472:18424:0923/192915.425:VERBOSE1:media_stream_manager.cc(1533)] MSPL::OnSpeedLimitChange({this=00004BFC022BED40}, {new_limit=70})
[1472:18424:0923/192917.426:VERBOSE1:media_stream_manager.cc(1533)] MSPL::OnSpeedLimitChange({this=00004BFC022BED40}, {new_limit=69})
[1472:18424:0923/192923.428:VERBOSE1:media_stream_manager.cc(1533)] MSPL::OnSpeedLimitChange({this=00004BFC022BED40}, {new_limit=70})
[1472:18424:0923/192926.430:VERBOSE1:media_stream_manager.cc(1533)] MSPL::OnSpeedLimitChange({this=00004BFC022BED40}, {new_limit=69})
[1472:18424:0923/192933.432:VERBOSE1:media_stream_manager.cc(1533)] MSPL::OnSpeedLimitChange({this=00004BFC022BED40}, {new_limit=70})
[1472:18424:0923/192934.440:VERBOSE1:media_stream_manager.cc(1533)] MSPL::OnSpeedLimitChange({this=00004BFC022BED40}, {new_limit=69})
[1472:18424:0923/192935.439:VERBOSE1:media_stream_manager.cc(1533)] MSPL::OnSpeedLimitChange({this=00004BFC022BED40}, {new_limit=70})
[1472:18424:0923/192936.439:VERBOSE1:media_stream_manager.cc(1533)] MSPL::OnSpeedLimitChange({this=00004BFC022BED40}, {new_limit=71})
[1472:18424:0923/192937.437:VERBOSE1:media_stream_manager.cc(1533)] MSPL::OnSpeedLimitChange({this=00004BFC022BED40}, {new_limit=72})
[1472:18424:0923/192938.436:VERBOSE1:media_stream_manager.cc(1533)] MSPL::OnSpeedLimitChange({this=00004BFC022BED40}, {new_limit=71})
[1472:18424:0923/192940.441:VERBOSE1:media_stream_manager.cc(1533)] MSPL::OnSpeedLimitChange({this=00004BFC022BED40}, {new_limit=70})
[1472:18424:0923/192942.442:VERBOSE1:media_stream_manager.cc(1533)] MSPL::OnSpeedLimitChange({this=00004BFC022BED40}, {new_limit=69})
[1472:18424:0923/192944.448:VERBOSE1:media_stream_manager.cc(1533)] MSPL::OnSpeedLimitChange({this=00004BFC022BED40}, {new_limit=68})
[1472:18424:0923/192946.448:VERBOSE1:media_stream_manager.cc(1533)] MSPL::OnSpeedLimitChange({this=00004BFC022BED40}, {new_limit=67})
[1472:18424:0923/192947.446:VERBOSE1:media_stream_manager.cc(1533)] MSPL::OnSpeedLimitChange({this=00004BFC022BED40}, {new_limit=66})
[1472:18424:0923/192948.441:VERBOSE1:media_stream_manager.cc(1533)] MSPL::OnSpeedLimitChange({this=00004BFC022BED40}, {new_limit=67})
[1472:18424:0923/192952.453:VERBOSE1:media_stream_manager.cc(1533)] MSPL::OnSpeedLimitChange({this=00004BFC022BED40}, {new_limit=68})
[1472:18424:0923/192956.454:VERBOSE1:media_stream_manager.cc(1533)] MSPL::OnSpeedLimitChange({this=00004BFC022BED40}, {new_limit=69})
[1472:18424:0923/192957.453:VERBOSE1:media_stream_manager.cc(1533)] MSPL::OnSpeedLimitChange({this=00004BFC022BED40}, {new_limit=68})
[1472:18424:0923/193000.450:VERBOSE1:media_stream_manager.cc(1533)] MSPL::OnSpeedLimitChange({this=00004BFC022BED40}, {new_limit=69})
[1472:18424:0923/193002.457:VERBOSE1:media_stream_manager.cc(1533)] MSPL::OnSpeedLimitChange({this=00004BFC022BED40}, {new_limit=68})
[1472:18424:0923/193006.456:VERBOSE1:media_stream_manager.cc(1533)] MSPL::OnSpeedLimitChange({this=00004BFC022BED40}, {new_limit=69})
[1472:18424:0923/193008.458:VERBOSE1:media_stream_manager.cc(1533)] MSPL::OnSpeedLimitChange({this=00004BFC022BED40}, {new_limit=70})
[1472:18424:0923/193009.462:VERBOSE1:media_stream_manager.cc(1533)] MSPL::OnSpeedLimitChange({this=00004BFC022BED40}, {new_limit=69})
[1472:18424:0923/193011.464:VERBOSE1:media_stream_manager.cc(1533)] MSPL::OnSpeedLimitChange({this=00004BFC022BED40}, {new_limit=68})
[1472:18424:0923/193012.460:VERBOSE1:media_stream_manager.cc(1533)] MSPL::OnSpeedLimitChange({this=00004BFC022BED40}, {new_limit=69})
[1472:18424:0923/193014.460:VERBOSE1:media_stream_manager.cc(1533)] MSPL::OnSpeedLimitChange({this=00004BFC022BED40}, {new_limit=68})
[1472:18424:0923/193017.459:VERBOSE1:media_stream_manager.cc(1533)] MSPL::OnSpeedLimitChange({this=00004BFC022BED40}, {new_limit=69})
[1472:18424:0923/193017.804:VERBOSE1:cast_message_handler.cc(362)] OnMessage: channel_id: 1, message: {source_id: receiver-0, destination_id: *, namespace: urn:x-cast:com.google.cast.receiver, payload_utf8: {"requestId":0,"status":{"applications":[{"appId":"2C6A6E3D","appType":"ANDROID_TV","displayName":"YouTube","iconUrl":"","isIdleScreen":false,"launchedFromCloud":false,"namespaces":[{"name":"urn:x-cast:com.google.cast.media"},{"name":"urn:x-cast:com.google.cast.system"},{"name":"urn:x-cast:com.google.cast.cac"},{"name":"urn:x-cast:com.google.cast.customdata"},{"name":"urn:x-cast:com.google.youtube.mdx"}],"senderConnected":false,"sessionId":"986c0960-f3ad-4bc0-ac39-0501a40afb18","statusText":"Youtube","transportId":"986c0960-f3ad-4bc0-ac39-0501a40afb18","universalAppId":"233637DE"}],"isActiveInput":true,"isStandBy":false,"userEq":{},"volume":{"controlType":"attenuation","level":0.3333333432674408,"muted":false,"stepInterval":0.06666667014360428}},"type":"RECEIVER_STATUS"}}
[1472:18424:0923/193018.464:VERBOSE1:media_stream_manager.cc(1533)] MSPL::OnSpeedLimitChange({this=00004BFC022BED40}, {new_limit=68})
[1472:18424:0923/193019.461:VERBOSE1:media_stream_manager.cc(1533)] MSPL::OnSpeedLimitChange({this=00004BFC022BED40}, {new_limit=69})
[1472:18424:0923/193020.465:VERBOSE1:media_stream_manager.cc(1533)] MSPL::OnSpeedLimitChange({this=00004BFC022BED40}, {new_limit=70})
[1472:18424:0923/193021.468:VERBOSE1:media_stream_manager.cc(1533)] MSPL::OnSpeedLimitChange({this=00004BFC022BED40}, {new_limit=71})
[1472:18424:0923/193025.466:VERBOSE1:media_stream_manager.cc(1533)] MSPL::OnSpeedLimitChange({this=00004BFC022BED40}, {new_limit=72})
[1472:18424:0923/193026.467:VERBOSE1:media_stream_manager.cc(1533)] MSPL::OnSpeedLimitChange({this=00004BFC022BED40}, {new_limit=71})
[1472:18424:0923/193026.872:VERBOSE1:cast_message_handler.cc(362)] OnMessage: channel_id: 1, message: {source_id: receiver-0, destination_id: *, namespace: urn:x-cast:com.google.cast.receiver, payload_utf8: {"requestId":0,"status":{"isActiveInput":true,"isStandBy":false,"userEq":{},"volume":{"controlType":"attenuation","level":0.3333333432674408,"muted":false,"stepInterval":0.06666667014360428}},"type":"RECEIVER_STATUS"}}
[1472:18424:0923/193026.941:VERBOSE1:cast_message_handler.cc(362)] OnMessage: channel_id: 1, message: {source_id: receiver-0, destination_id: *, namespace: urn:x-cast:com.google.cast.receiver, payload_utf8: {"requestId":0,"status":{"isActiveInput":true,"isStandBy":false,"userEq":{},"volume":{"controlType":"attenuation","level":0.3333333432674408,"muted":false,"stepInterval":0.06666667014360428}},"type":"RECEIVER_STATUS"}}
[1472:18424:0923/193027.005:VERBOSE1:cast_message_handler.cc(362)] OnMessage: channel_id: 1, message: {source_id: receiver-0, destination_id: *, namespace: urn:x-cast:com.google.cast.receiver, payload_utf8: {"requestId":0,"status":{"applications":[{"appId":"AndroidNativeApp","appType":"ANDROID_TV","displayName":"YouTube","iconUrl":"","isIdleScreen":false,"launchedFromCloud":false,"namespaces":[{"name":"urn:x-cast:com.google.cast.media"}],"senderConnected":false,"sessionId":"25f067e0-4168-4ca5-b301-25a052759452","statusText":"YouTube","transportId":"25f067e0-4168-4ca5-b301-25a052759452","universalAppId":"AndroidNativeApp"}],"isActiveInput":true,"isStandBy":false,"userEq":{},"volume":{"controlType":"attenuation","level":0.3333333432674408,"muted":false,"stepInterval":0.06666667014360428}},"type":"RECEIVER_STATUS"}}
[1472:18424:0923/193027.081:VERBOSE1:cast_message_handler.cc(362)] OnMessage: channel_id: 1, message: {source_id: receiver-0, destination_id: *, namespace: urn:x-cast:com.google.cast.receiver, payload_utf8: {"requestId":0,"status":{"isActiveInput":true,"isStandBy":false,"userEq":{},"volume":{"controlType":"attenuation","level":0.3333333432674408,"muted":false,"stepInterval":0.06666667014360428}},"type":"RECEIVER_STATUS"}}
[1472:18424:0923/193027.474:VERBOSE1:media_stream_manager.cc(1533)] MSPL::OnSpeedLimitChange({this=00004BFC022BED40}, {new_limit=70})
[1472:18424:0923/193028.068:VERBOSE1:cast_message_handler.cc(362)] OnMessage: channel_id: 1, message: {source_id: receiver-0, destination_id: *, namespace: urn:x-cast:com.google.cast.receiver, payload_utf8: {"requestId":0,"status":{"isActiveInput":false,"isStandBy":true,"userEq":{},"volume":{"controlType":"attenuation","level":0.3333333432674408,"muted":false,"stepInterval":0.06666667014360428}},"type":"RECEIVER_STATUS"}}
[1472:5280:0923/193028.383:VERBOSE1:service_discovery_device_lister.cc(54)] OnServiceUpdated: service_type: _googlecast._tcp.local, service_name: UHD4K-6ca8be4b2cc762c00b375312bcce4dc0._googlecast._tcp.local, update: 1
[1472:5280:0923/193028.383:VERBOSE1:service_discovery_device_lister.cc(75)] Adding resolver for service_name: UHD4K-6ca8be4b2cc762c00b375312bcce4dc0._googlecast._tcp.local
[1472:5280:0923/193028.393:VERBOSE1:service_discovery_device_lister.cc(91)] OnResolveComplete: service_type: _googlecast._tcp.local, service_name: UHD4K-6ca8be4b2cc762c00b375312bcce4dc0._googlecast._tcp.local, status: 0
[1472:18424:0923/193029.476:VERBOSE1:media_stream_manager.cc(1533)] MSPL::OnSpeedLimitChange({this=00004BFC022BED40}, {new_limit=69})
[1472:18424:0923/193031.472:VERBOSE1:media_stream_manager.cc(1533)] MSPL::OnSpeedLimitChange({this=00004BFC022BED40}, {new_limit=68})
[1472:18424:0923/193037.474:VERBOSE1:media_stream_manager.cc(1533)] MSPL::OnSpeedLimitChange({this=00004BFC022BED40}, {new_limit=69})
[1472:18424:0923/193040.474:VERBOSE1:media_stream_manager.cc(1533)] MSPL::OnSpeedLimitChange({this=00004BFC022BED40}, {new_limit=70})
[1472:18424:0923/193041.477:VERBOSE1:media_stream_manager.cc(1533)] MSPL::OnSpeedLimitChange({this=00004BFC022BED40}, {new_limit=71})
[1472:18424:0923/193048.484:VERBOSE1:media_stream_manager.cc(1533)] MSPL::OnSpeedLimitChange({this=00004BFC022BED40}, {new_limit=72})
[1472:18424:0923/193049.485:VERBOSE1:media_stream_manager.cc(1533)] MSPL::OnSpeedLimitChange({this=00004BFC022BED40}, {new_limit=73})
[1472:18424:0923/193050.486:VERBOSE1:media_stream_manager.cc(1533)] MSPL::OnSpeedLimitChange({this=00004BFC022BED40}, {new_limit=72})
[1472:18424:0923/193051.486:VERBOSE1:media_stream_manager.cc(1533)] MSPL::OnSpeedLimitChange({this=00004BFC022BED40}, {new_limit=71})
[1472:18424:0923/193055.486:VERBOSE1:media_stream_manager.cc(1533)] MSPL::OnSpeedLimitChange({this=00004BFC022BED40}, {new_limit=70})
[1472:18424:0923/193058.488:VERBOSE1:media_stream_manager.cc(1533)] MSPL::OnSpeedLimitChange({this=00004BFC022BED40}, {new_limit=69})
[1472:18424:0923/193059.485:VERBOSE1:media_stream_manager.cc(1533)] MSPL::OnSpeedLimitChange({this=00004BFC022BED40}, {new_limit=68})
[1472:18424:0923/193103.490:VERBOSE1:media_stream_manager.cc(1533)] MSPL::OnSpeedLimitChange({this=00004BFC022BED40}, {new_limit=67})
[1472:18424:0923/193105.490:VERBOSE1:media_stream_manager.cc(1533)] MSPL::OnSpeedLimitChange({this=00004BFC022BED40}, {new_limit=68})
[1472:18424:0923/193107.494:VERBOSE1:media_stream_manager.cc(1533)] MSPL::OnSpeedLimitChange({this=00004BFC022BED40}, {new_limit=69})
[1472:18424:0923/193108.496:VERBOSE1:media_stream_manager.cc(1533)] MSPL::OnSpeedLimitChange({this=00004BFC022BED40}, {new_limit=68})
[1472:18424:0923/193110.492:VERBOSE1:media_stream_manager.cc(1533)] MSPL::OnSpeedLimitChange({this=00004BFC022BED40}, {new_limit=69})
[1472:18424:0923/193112.495:VERBOSE1:media_stream_manager.cc(1533)] MSPL::OnSpeedLimitChange({this=00004BFC022BED40}, {new_limit=70})
[1472:18424:0923/193113.496:VERBOSE1:media_stream_manager.cc(1533)] MSPL::OnSpeedLimitChange({this=00004BFC022BED40}, {new_limit=71})
[1472:18424:0923/193115.497:VERBOSE1:media_stream_manager.cc(1533)] MSPL::OnSpeedLimitChange({this=00004BFC022BED40}, {new_limit=70})
[4672:7044:0923/193116.037:VERBOSE1:network_delegate.cc(36)] NetworkDelegate::NotifyBeforeURLRequest: https://optimizationguide-pa.googleapis.com/v1:GetModels?key=dummytoken
[4672:7044:0923/193116.043:VERBOSE1:tls_handshaker.cc(105)] TlsClient: Continuing handshake
[4672:7044:0923/193116.055:VERBOSE1:tls_handshaker.cc(105)] TlsClient: Continuing handshake
[4672:7044:0923/193116.055:VERBOSE1:tls_handshaker.cc(126)] TlsClient: SSL_do_handshake returned when entering early data. After retry, rv=-1, SSL_in_early_data=1
[4672:7044:0923/193116.106:VERBOSE1:tls_handshaker.cc(105)] TlsClient: Continuing handshake
[4672:7044:0923/193116.106:VERBOSE1:tls_handshaker.cc(105)] TlsClient: Continuing handshake
[4672:7044:0923/193116.106:VERBOSE1:tls_client_handshaker.cc(528)] Client: handshake finished
[1472:18424:0923/193117.502:VERBOSE1:media_stream_manager.cc(1533)] MSPL::OnSpeedLimitChange({this=00004BFC022BED40}, {new_limit=71})
[1472:18424:0923/193124.502:VERBOSE1:media_stream_manager.cc(1533)] MSPL::OnSpeedLimitChange({this=00004BFC022BED40}, {new_limit=70})
[1472:18424:0923/193125.504:VERBOSE1:media_stream_manager.cc(1533)] MSPL::OnSpeedLimitChange({this=00004BFC022BED40}, {new_limit=71})
[1472:18424:0923/193127.503:VERBOSE1:media_stream_manager.cc(1533)] MSPL::OnSpeedLimitChange({this=00004BFC022BED40}, {new_limit=70})
[1472:18424:0923/193128.507:VERBOSE1:media_stream_manager.cc(1533)] MSPL::OnSpeedLimitChange({this=00004BFC022BED40}, {new_limit=71})
[1472:18424:0923/193133.508:VERBOSE1:media_stream_manager.cc(1533)] MSPL::OnSpeedLimitChange({this=00004BFC022BED40}, {new_limit=72})
[1472:18424:0923/193139.506:VERBOSE1:media_stream_manager.cc(1533)] MSPL::OnSpeedLimitChange({this=00004BFC022BED40}, {new_limit=73})
[1472:18424:0923/193141.507:VERBOSE1:media_stream_manager.cc(1533)] MSPL::OnSpeedLimitChange({this=00004BFC022BED40}, {new_limit=72})
[1472:18424:0923/193143.516:VERBOSE1:media_stream_manager.cc(1533)] MSPL::OnSpeedLimitChange({this=00004BFC022BED40}, {new_limit=71})
[1472:18424:0923/193147.516:VERBOSE1:media_stream_manager.cc(1533)] MSPL::OnSpeedLimitChange({this=00004BFC022BED40}, {new_limit=72})
[1472:18424:0923/193149.517:VERBOSE1:media_stream_manager.cc(1533)] MSPL::OnSpeedLimitChange({this=00004BFC022BED40}, {new_limit=70})
[1472:18424:0923/193153.520:VERBOSE1:media_stream_manager.cc(1533)] MSPL::OnSpeedLimitChange({this=00004BFC022BED40}, {new_limit=69})
[1472:18424:0923/193157.519:VERBOSE1:media_stream_manager.cc(1533)] MSPL::OnSpeedLimitChange({this=00004BFC022BED40}, {new_limit=68})
[1472:18424:0923/193202.526:VERBOSE1:media_stream_manager.cc(1533)] MSPL::OnSpeedLimitChange({this=00004BFC022BED40}, {new_limit=69})
[1472:18424:0923/193203.527:VERBOSE1:media_stream_manager.cc(1533)] MSPL::OnSpeedLimitChange({this=00004BFC022BED40}, {new_limit=68})
[1472:18424:0923/193204.528:VERBOSE1:media_stream_manager.cc(1533)] MSPL::OnSpeedLimitChange({this=00004BFC022BED40}, {new_limit=69})
[1472:18424:0923/193205.528:VERBOSE1:media_stream_manager.cc(1533)] MSPL::OnSpeedLimitChange({this=00004BFC022BED40}, {new_limit=68})
[1472:18424:0923/193206.529:VERBOSE1:media_stream_manager.cc(1533)] MSPL::OnSpeedLimitChange({this=00004BFC022BED40}, {new_limit=67})
[1472:18424:0923/193209.531:VERBOSE1:media_stream_manager.cc(1533)] MSPL::OnSpeedLimitChange({this=00004BFC022BED40}, {new_limit=68})
[1472:18424:0923/193210.531:VERBOSE1:media_stream_manager.cc(1533)] MSPL::OnSpeedLimitChange({this=00004BFC022BED40}, {new_limit=69})
[1472:18424:0923/193211.530:VERBOSE1:media_stream_manager.cc(1533)] MSPL::OnSpeedLimitChange({this=00004BFC022BED40}, {new_limit=68})
[1472:18424:0923/193215.532:VERBOSE1:media_stream_manager.cc(1533)] MSPL::OnSpeedLimitChange({this=00004BFC022BED40}, {new_limit=69})
[1472:18424:0923/193220.534:VERBOSE1:media_stream_manager.cc(1533)] MSPL::OnSpeedLimitChange({this=00004BFC022BED40}, {new_limit=68})
[1472:18424:0923/193221.532:VERBOSE1:media_stream_manager.cc(1533)] MSPL::OnSpeedLimitChange({this=00004BFC022BED40}, {new_limit=69})
[1472:18424:0923/193228.542:VERBOSE1:media_stream_manager.cc(1533)] MSPL::OnSpeedLimitChange({this=00004BFC022BED40}, {new_limit=70})
[1472:18424:0923/193230.538:VERBOSE1:media_stream_manager.cc(1533)] MSPL::OnSpeedLimitChange({this=00004BFC022BED40}, {new_limit=69})
[1472:18424:0923/193239.548:VERBOSE1:media_stream_manager.cc(1533)] MSPL::OnSpeedLimitChange({this=00004BFC022BED40}, {new_limit=68})
[1472:18424:0923/193240.545:VERBOSE1:media_stream_manager.cc(1533)] MSPL::OnSpeedLimitChange({this=00004BFC022BED40}, {new_limit=69})
[1472:18424:0923/193245.548:VERBOSE1:media_stream_manager.cc(1533)] MSPL::OnSpeedLimitChange({this=00004BFC022BED40}, {new_limit=68})
[1472:18424:0923/193248.549:VERBOSE1:media_stream_manager.cc(1533)] MSPL::OnSpeedLimitChange({this=00004BFC022BED40}, {new_limit=69})
[1472:18424:0923/193256.556:VERBOSE1:media_stream_manager.cc(1533)] MSPL::OnSpeedLimitChange({this=00004BFC022BED40}, {new_limit=70})
[1472:18424:0923/193257.556:VERBOSE1:media_stream_manager.cc(1533)] MSPL::OnSpeedLimitChange({this=00004BFC022BED40}, {new_limit=69})
[1472:18424:0923/193300.558:VERBOSE1:media_stream_manager.cc(1533)] MSPL::OnSpeedLimitChange({this=00004BFC022BED40}, {new_limit=70})
[1472:18424:0923/193302.557:VERBOSE1:media_stream_manager.cc(1533)] MSPL::OnSpeedLimitChange({this=00004BFC022BED40}, {new_limit=69})
[1472:18424:0923/193307.562:VERBOSE1:media_stream_manager.cc(1533)] MSPL::OnSpeedLimitChange({this=00004BFC022BED40}, {new_limit=70})
[1472:18424:0923/193309.562:VERBOSE1:media_stream_manager.cc(1533)] MSPL::OnSpeedLimitChange({this=00004BFC022BED40}, {new_limit=71})
[1472:18424:0923/193311.561:VERBOSE1:media_stream_manager.cc(1533)] MSPL::OnSpeedLimitChange({this=00004BFC022BED40}, {new_limit=70})
[1472:18424:0923/193312.563:VERBOSE1:media_stream_manager.cc(1533)] MSPL::OnSpeedLimitChange({this=00004BFC022BED40}, {new_limit=71})
[1472:18424:0923/193313.568:VERBOSE1:media_stream_manager.cc(1533)] MSPL::OnSpeedLimitChange({this=00004BFC022BED40}, {new_limit=70})
[1472:18424:0923/193315.568:VERBOSE1:media_stream_manager.cc(1533)] MSPL::OnSpeedLimitChange({this=00004BFC022BED40}, {new_limit=69})
[1472:18424:0923/193316.565:VERBOSE1:media_stream_manager.cc(1533)] MSPL::OnSpeedLimitChange({this=00004BFC022BED40}, {new_limit=68})
[1472:18424:0923/193319.567:VERBOSE1:media_stream_manager.cc(1533)] MSPL::OnSpeedLimitChange({this=00004BFC022BED40}, {new_limit=67})
[1472:18424:0923/193321.572:VERBOSE1:media_stream_manager.cc(1533)] MSPL::OnSpeedLimitChange({this=00004BFC022BED40}, {new_limit=68})
[1472:18424:0923/193322.575:VERBOSE1:media_stream_manager.cc(1533)] MSPL::OnSpeedLimitChange({this=00004BFC022BED40}, {new_limit=67})
[1472:18424:0923/193323.577:VERBOSE1:media_stream_manager.cc(1533)] MSPL::OnSpeedLimitChange({this=00004BFC022BED40}, {new_limit=68})
[1472:18424:0923/193326.580:VERBOSE1:media_stream_manager.cc(1533)] MSPL::OnSpeedLimitChange({this=00004BFC022BED40}, {new_limit=69})
[1472:18424:0923/193328.576:VERBOSE1:media_stream_manager.cc(1533)] MSPL::OnSpeedLimitChange({this=00004BFC022BED40}, {new_limit=68})
[1472:18424:0923/193332.586:VERBOSE1:media_stream_manager.cc(1533)] MSPL::OnSpeedLimitChange({this=00004BFC022BED40}, {new_limit=69})
[1472:18424:0923/193334.585:VERBOSE1:media_stream_manager.cc(1533)] MSPL::OnSpeedLimitChange({this=00004BFC022BED40}, {new_limit=70})
[1472:18424:0923/193335.583:VERBOSE1:media_stream_manager.cc(1533)] MSPL::OnSpeedLimitChange({this=00004BFC022BED40}, {new_limit=69})
[1472:18424:0923/193346.585:VERBOSE1:media_stream_manager.cc(1533)] MSPL::OnSpeedLimitChange({this=00004BFC022BED40}, {new_limit=70})
[1472:18424:0923/193347.592:VERBOSE1:media_stream_manager.cc(1533)] MSPL::OnSpeedLimitChange({this=00004BFC022BED40}, {new_limit=69})
[1472:18424:0923/193349.588:VERBOSE1:media_stream_manager.cc(1533)] MSPL::OnSpeedLimitChange({this=00004BFC022BED40}, {new_limit=70})
[1472:18424:0923/193350.593:VERBOSE1:media_stream_manager.cc(1533)] MSPL::OnSpeedLimitChange({this=00004BFC022BED40}, {new_limit=69})
[1472:18424:0923/193352.595:VERBOSE1:media_stream_manager.cc(1533)] MSPL::OnSpeedLimitChange({this=00004BFC022BED40}, {new_limit=68})
[1472:18424:0923/193354.598:VERBOSE1:media_stream_manager.cc(1533)] MSPL::OnSpeedLimitChange({this=00004BFC022BED40}, {new_limit=67})
[1472:18424:0923/193355.593:VERBOSE1:media_stream_manager.cc(1533)] MSPL::OnSpeedLimitChange({this=00004BFC022BED40}, {new_limit=68})
[1472:18424:0923/193358.596:VERBOSE1:media_stream_manager.cc(1533)] MSPL::OnSpeedLimitChange({this=00004BFC022BED40}, {new_limit=69})
[1472:18424:0923/193400.601:VERBOSE1:media_stream_manager.cc(1533)] MSPL::OnSpeedLimitChange({this=00004BFC022BED40}, {new_limit=68})
[1472:18424:0923/193401.598:VERBOSE1:media_stream_manager.cc(1533)] MSPL::OnSpeedLimitChange({this=00004BFC022BED40}, {new_limit=69})
[1472:18424:0923/193404.604:VERBOSE1:media_stream_manager.cc(1533)] MSPL::OnSpeedLimitChange({this=00004BFC022BED40}, {new_limit=71})
[1472:18424:0923/193405.601:VERBOSE1:media_stream_manager.cc(1533)] MSPL::OnSpeedLimitChange({this=00004BFC022BED40}, {new_limit=69})
[1472:18424:0923/193406.602:VERBOSE1:media_stream_manager.cc(1533)] MSPL::OnSpeedLimitChange({this=00004BFC022BED40}, {new_limit=70})
[1472:18424:0923/193408.608:VERBOSE1:media_stream_manager.cc(1533)] MSPL::OnSpeedLimitChange({this=00004BFC022BED40}, {new_limit=69})
[1472:18424:0923/193409.601:VERBOSE1:media_stream_manager.cc(1533)] MSPL::OnSpeedLimitChange({this=00004BFC022BED40}, {new_limit=70})
[4672:7044:0923/193411.099:VERBOSE1:network_delegate.cc(36)] NetworkDelegate::NotifyBeforeURLRequest: https://optimizationguide-pa.googleapis.com/v1:GetModels?key=dummytoken
[4672:7044:0923/193411.104:VERBOSE1:tls_handshaker.cc(105)] TlsClient: Continuing handshake
[4672:7044:0923/193411.105:VERBOSE1:tls_handshaker.cc(126)] TlsClient: SSL_do_handshake returned when entering early data. After retry, rv=-1, SSL_in_early_data=1
[4672:7044:0923/193411.164:VERBOSE1:tls_handshaker.cc(105)] TlsClient: Continuing handshake
[4672:7044:0923/193411.165:VERBOSE1:tls_handshaker.cc(105)] TlsClient: Continuing handshake
[4672:7044:0923/193411.165:VERBOSE1:tls_client_handshaker.cc(528)] Client: handshake finished
[1472:18424:0923/193411.609:VERBOSE1:media_stream_manager.cc(1533)] MSPL::OnSpeedLimitChange({this=00004BFC022BED40}, {new_limit=69})
[1472:18424:0923/193415.611:VERBOSE1:media_stream_manager.cc(1533)] MSPL::OnSpeedLimitChange({this=00004BFC022BED40}, {new_limit=70})
[1472:18424:0923/193416.603:VERBOSE1:media_stream_manager.cc(1533)] MSPL::OnSpeedLimitChange({this=00004BFC022BED40}, {new_limit=69})
[1472:18424:0923/193418.611:VERBOSE1:media_stream_manager.cc(1533)] MSPL::OnSpeedLimitChange({this=00004BFC022BED40}, {new_limit=70})
[1472:18424:0923/193419.609:VERBOSE1:media_stream_manager.cc(1533)] MSPL::OnSpeedLimitChange({this=00004BFC022BED40}, {new_limit=69})
[1472:18424:0923/193422.609:VERBOSE1:media_stream_manager.cc(1533)] MSPL::OnSpeedLimitChange({this=00004BFC022BED40}, {new_limit=70})
[1472:18424:0923/193423.609:VERBOSE1:media_stream_manager.cc(1533)] MSPL::OnSpeedLimitChange({this=00004BFC022BED40}, {new_limit=69})
[1472:18424:0923/193429.617:VERBOSE1:media_stream_manager.cc(1533)] MSPL::OnSpeedLimitChange({this=00004BFC022BED40}, {new_limit=70})
[1472:18424:0923/193431.613:VERBOSE1:media_stream_manager.cc(1533)] MSPL::OnSpeedLimitChange({this=00004BFC022BED40}, {new_limit=71})
[1472:18424:0923/193440.619:VERBOSE1:media_stream_manager.cc(1533)] MSPL::OnSpeedLimitChange({this=00004BFC022BED40}, {new_limit=70})
[1472:18424:0923/193441.620:VERBOSE1:media_stream_manager.cc(1533)] MSPL::OnSpeedLimitChange({this=00004BFC022BED40}, {new_limit=69})
[1472:18424:0923/193444.619:VERBOSE1:media_stream_manager.cc(1533)] MSPL::OnSpeedLimitChange({this=00004BFC022BED40}, {new_limit=70})
[1472:18424:0923/193450.620:VERBOSE1:media_stream_manager.cc(1533)] MSPL::OnSpeedLimitChange({this=00004BFC022BED40}, {new_limit=71})
[1472:18424:0923/193452.625:VERBOSE1:media_stream_manager.cc(1533)] MSPL::OnSpeedLimitChange({this=00004BFC022BED40}, {new_limit=72})
[1472:18424:0923/193454.629:VERBOSE1:media_stream_manager.cc(1533)] MSPL::OnSpeedLimitChange({this=00004BFC022BED40}, {new_limit=71})
[1472:18424:0923/193456.624:VERBOSE1:media_stream_manager.cc(1533)] MSPL::OnSpeedLimitChange({this=00004BFC022BED40}, {new_limit=70})
[1472:18424:0923/193457.631:VERBOSE1:media_stream_manager.cc(1533)] MSPL::OnSpeedLimitChange({this=00004BFC022BED40}, {new_limit=69})
[1472:18424:0923/193459.627:VERBOSE1:media_stream_manager.cc(1533)] MSPL::OnSpeedLimitChange({this=00004BFC022BED40}, {new_limit=70})
[1472:18424:0923/193500.631:VERBOSE1:media_stream_manager.cc(1533)] MSPL::OnSpeedLimitChange({this=00004BFC022BED40}, {new_limit=69})
[1472:18424:0923/193502.627:VERBOSE1:media_stream_manager.cc(1533)] MSPL::OnSpeedLimitChange({this=00004BFC022BED40}, {new_limit=68})
[1472:18424:0923/193505.628:VERBOSE1:media_stream_manager.cc(1533)] MSPL::OnSpeedLimitChange({this=00004BFC022BED40}, {new_limit=67})
[1472:18424:0923/193506.631:VERBOSE1:media_stream_manager.cc(1533)] MSPL::OnSpeedLimitChange({this=00004BFC022BED40}, {new_limit=68})
[1472:18424:0923/193508.629:VERBOSE1:media_stream_manager.cc(1533)] MSPL::OnSpeedLimitChange({this=00004BFC022BED40}, {new_limit=69})
[1472:18424:0923/193511.637:VERBOSE1:media_stream_manager.cc(1533)] MSPL::OnSpeedLimitChange({this=00004BFC022BED40}, {new_limit=70})
[1472:18424:0923/193514.634:VERBOSE1:media_stream_manager.cc(1533)] MSPL::OnSpeedLimitChange({this=00004BFC022BED40}, {new_limit=71})
[1472:18424:0923/193517.641:VERBOSE1:media_stream_manager.cc(1533)] MSPL::OnSpeedLimitChange({this=00004BFC022BED40}, {new_limit=70})
[1472:18424:0923/193519.637:VERBOSE1:media_stream_manager.cc(1533)] MSPL::OnSpeedLimitChange({this=00004BFC022BED40}, {new_limit=69})
[1472:18424:0923/193521.641:VERBOSE1:media_stream_manager.cc(1533)] MSPL::OnSpeedLimitChange({this=00004BFC022BED40}, {new_limit=68})
[1472:18424:0923/193522.637:VERBOSE1:media_stream_manager.cc(1533)] MSPL::OnSpeedLimitChange({this=00004BFC022BED40}, {new_limit=69})
[1472:18424:0923/193524.643:VERBOSE1:media_stream_manager.cc(1533)] MSPL::OnSpeedLimitChange({this=00004BFC022BED40}, {new_limit=70})
[1472:18424:0923/193527.639:VERBOSE1:media_stream_manager.cc(1533)] MSPL::OnSpeedLimitChange({this=00004BFC022BED40}, {new_limit=71})
[1472:18424:0923/193528.643:VERBOSE1:media_stream_manager.cc(1533)] MSPL::OnSpeedLimitChange({this=00004BFC022BED40}, {new_limit=72})
[1472:18424:0923/193533.642:VERBOSE1:media_stream_manager.cc(1533)] MSPL::OnSpeedLimitChange({this=00004BFC022BED40}, {new_limit=71})
[1472:18424:0923/193537.649:VERBOSE1:media_stream_manager.cc(1533)] MSPL::OnSpeedLimitChange({this=00004BFC022BED40}, {new_limit=70})
[1472:18424:0923/193543.656:VERBOSE1:media_stream_manager.cc(1533)] MSPL::OnSpeedLimitChange({this=00004BFC022BED40}, {new_limit=71})
[1472:18424:0923/193546.653:VERBOSE1:media_stream_manager.cc(1533)] MSPL::OnSpeedLimitChange({this=00004BFC022BED40}, {new_limit=70})
[1472:18424:0923/193549.655:VERBOSE1:media_stream_manager.cc(1533)] MSPL::OnSpeedLimitChange({this=00004BFC022BED40}, {new_limit=69})
[1472:18424:0923/193551.660:VERBOSE1:media_stream_manager.cc(1533)] MSPL::OnSpeedLimitChange({this=00004BFC022BED40}, {new_limit=70})
[1472:18424:0923/193553.661:VERBOSE1:media_stream_manager.cc(1533)] MSPL::OnSpeedLimitChange({this=00004BFC022BED40}, {new_limit=69})
[1472:18424:0923/193555.660:VERBOSE1:media_stream_manager.cc(1533)] MSPL::OnSpeedLimitChange({this=00004BFC022BED40}, {new_limit=68})
[1472:18424:0923/193556.664:VERBOSE1:media_stream_manager.cc(1533)] MSPL::OnSpeedLimitChange({this=00004BFC022BED40}, {new_limit=69})
[1472:18424:0923/193558.661:VERBOSE1:media_stream_manager.cc(1533)] MSPL::OnSpeedLimitChange({this=00004BFC022BED40}, {new_limit=68})
[1472:18424:0923/193601.666:VERBOSE1:media_stream_manager.cc(1533)] MSPL::OnSpeedLimitChange({this=00004BFC022BED40}, {new_limit=67})
[1472:18424:0923/193603.667:VERBOSE1:media_stream_manager.cc(1533)] MSPL::OnSpeedLimitChange({this=00004BFC022BED40}, {new_limit=66})
[1472:18424:0923/193606.665:VERBOSE1:media_stream_manager.cc(1533)] MSPL::OnSpeedLimitChange({this=00004BFC022BED40}, {new_limit=65})
[1472:18424:0923/193608.674:VERBOSE1:media_stream_manager.cc(1533)] MSPL::OnSpeedLimitChange({this=00004BFC022BED40}, {new_limit=66})
[1472:18424:0923/193611.672:VERBOSE1:media_stream_manager.cc(1533)] MSPL::OnSpeedLimitChange({this=00004BFC022BED40}, {new_limit=67})
[1472:18424:0923/193613.669:VERBOSE1:media_stream_manager.cc(1533)] MSPL::OnSpeedLimitChange({this=00004BFC022BED40}, {new_limit=68})
[1472:18424:0923/193614.670:VERBOSE1:media_stream_manager.cc(1533)] MSPL::OnSpeedLimitChange({this=00004BFC022BED40}, {new_limit=69})
[1472:18424:0923/193617.676:VERBOSE1:media_stream_manager.cc(1533)] MSPL::OnSpeedLimitChange({this=00004BFC022BED40}, {new_limit=70})
[1472:18424:0923/193621.677:VERBOSE1:media_stream_manager.cc(1533)] MSPL::OnSpeedLimitChange({this=00004BFC022BED40}, {new_limit=69})
[1472:18424:0923/193622.674:VERBOSE1:media_stream_manager.cc(1533)] MSPL::OnSpeedLimitChange({this=00004BFC022BED40}, {new_limit=70})
[1472:18424:0923/193623.676:VERBOSE1:media_stream_manager.cc(1533)] MSPL::OnSpeedLimitChange({this=00004BFC022BED40}, {new_limit=69})
[1472:18424:0923/193634.681:VERBOSE1:media_stream_manager.cc(1533)] MSPL::OnSpeedLimitChange({this=00004BFC022BED40}, {new_limit=68})
[1472:18424:0923/193637.687:VERBOSE1:media_stream_manager.cc(1533)] MSPL::OnSpeedLimitChange({this=00004BFC022BED40}, {new_limit=69})
[1472:18424:0923/193640.686:VERBOSE1:media_stream_manager.cc(1533)] MSPL::OnSpeedLimitChange({this=00004BFC022BED40}, {new_limit=68})
[4672:7044:0923/193642.446:VERBOSE1:network_delegate.cc(36)] NetworkDelegate::NotifyBeforeURLRequest: https://optimizationguide-pa.googleapis.com/v1:GetModels?key=dummytoken
[4672:7044:0923/193642.454:VERBOSE1:tls_handshaker.cc(105)] TlsClient: Continuing handshake
[4672:7044:0923/193642.454:VERBOSE1:tls_handshaker.cc(126)] TlsClient: SSL_do_handshake returned when entering early data. After retry, rv=-1, SSL_in_early_data=1
[4672:7044:0923/193642.539:VERBOSE1:tls_handshaker.cc(105)] TlsClient: Continuing handshake
[4672:7044:0923/193642.539:VERBOSE1:tls_handshaker.cc(105)] TlsClient: Continuing handshake
[4672:7044:0923/193642.539:VERBOSE1:tls_client_handshaker.cc(528)] Client: handshake finished
[1472:18424:0923/193643.692:VERBOSE1:media_stream_manager.cc(1533)] MSPL::OnSpeedLimitChange({this=00004BFC022BED40}, {new_limit=67})
[1472:18424:0923/193649.692:VERBOSE1:media_stream_manager.cc(1533)] MSPL::OnSpeedLimitChange({this=00004BFC022BED40}, {new_limit=66})
[1472:18424:0923/193650.691:VERBOSE1:media_stream_manager.cc(1533)] MSPL::OnSpeedLimitChange({this=00004BFC022BED40}, {new_limit=67})
[1472:18424:0923/193651.695:VERBOSE1:media_stream_manager.cc(1533)] MSPL::OnSpeedLimitChange({this=00004BFC022BED40}, {new_limit=68})
[1472:18424:0923/193654.695:VERBOSE1:media_stream_manager.cc(1533)] MSPL::OnSpeedLimitChange({this=00004BFC022BED40}, {new_limit=70})
[1472:18424:0923/193700.703:VERBOSE1:media_stream_manager.cc(1533)] MSPL::OnSpeedLimitChange({this=00004BFC022BED40}, {new_limit=71})
[1472:18424:0923/193703.700:VERBOSE1:media_stream_manager.cc(1533)] MSPL::OnSpeedLimitChange({this=00004BFC022BED40}, {new_limit=70})
[1472:18424:0923/193704.708:VERBOSE1:media_stream_manager.cc(1533)] MSPL::OnSpeedLimitChange({this=00004BFC022BED40}, {new_limit=69})
[1472:18424:0923/193713.710:VERBOSE1:media_stream_manager.cc(1533)] MSPL::OnSpeedLimitChange({this=00004BFC022BED40}, {new_limit=70})
[1472:18424:0923/193714.709:VERBOSE1:media_stream_manager.cc(1533)] MSPL::OnSpeedLimitChange({this=00004BFC022BED40}, {new_limit=69})
[1472:18424:0923/193721.710:VERBOSE1:media_stream_manager.cc(1533)] MSPL::OnSpeedLimitChange({this=00004BFC022BED40}, {new_limit=68})
[1472:18424:0923/193722.716:VERBOSE1:media_stream_manager.cc(1533)] MSPL::OnSpeedLimitChange({this=00004BFC022BED40}, {new_limit=67})
[1472:18424:0923/193724.715:VERBOSE1:media_stream_manager.cc(1533)] MSPL::OnSpeedLimitChange({this=00004BFC022BED40}, {new_limit=68})
[1472:18424:0923/193726.716:VERBOSE1:media_stream_manager.cc(1533)] MSPL::OnSpeedLimitChange({this=00004BFC022BED40}, {new_limit=67})
[1472:18424:0923/193727.720:VERBOSE1:media_stream_manager.cc(1533)] MSPL::OnSpeedLimitChange({this=00004BFC022BED40}, {new_limit=68})
[1472:18424:0923/193730.721:VERBOSE1:media_stream_manager.cc(1533)] MSPL::OnSpeedLimitChange({this=00004BFC022BED40}, {new_limit=69})
[1472:18424:0923/193732.721:VERBOSE1:media_stream_manager.cc(1533)] MSPL::OnSpeedLimitChange({this=00004BFC022BED40}, {new_limit=70})
[1472:18424:0923/193733.722:VERBOSE1:media_stream_manager.cc(1533)] MSPL::OnSpeedLimitChange({this=00004BFC022BED40}, {new_limit=69})
[1472:18424:0923/193734.718:VERBOSE1:media_stream_manager.cc(1533)] MSPL::OnSpeedLimitChange({this=00004BFC022BED40}, {new_limit=70})
[1472:18424:0923/193735.722:VERBOSE1:media_stream_manager.cc(1533)] MSPL::OnSpeedLimitChange({this=00004BFC022BED40}, {new_limit=71})
[1472:18424:0923/193737.724:VERBOSE1:media_stream_manager.cc(1533)] MSPL::OnSpeedLimitChange({this=00004BFC022BED40}, {new_limit=70})
[1472:18424:0923/193741.721:VERBOSE1:media_stream_manager.cc(1533)] MSPL::OnSpeedLimitChange({this=00004BFC022BED40}, {new_limit=71})
[1472:18424:0923/193744.724:VERBOSE1:media_stream_manager.cc(1533)] MSPL::OnSpeedLimitChange({this=00004BFC022BED40}, {new_limit=70})
[1472:18424:0923/193748.724:VERBOSE1:media_stream_manager.cc(1533)] MSPL::OnSpeedLimitChange({this=00004BFC022BED40}, {new_limit=69})
[1472:18424:0923/193756.728:VERBOSE1:media_stream_manager.cc(1533)] MSPL::OnSpeedLimitChange({this=00004BFC022BED40}, {new_limit=68})
[1472:18424:0923/193757.734:VERBOSE1:media_stream_manager.cc(1533)] MSPL::OnSpeedLimitChange({this=00004BFC022BED40}, {new_limit=69})
[1472:18424:0923/193800.737:VERBOSE1:media_stream_manager.cc(1533)] MSPL::OnSpeedLimitChange({this=00004BFC022BED40}, {new_limit=68})
[1472:18424:0923/193802.733:VERBOSE1:media_stream_manager.cc(1533)] MSPL::OnSpeedLimitChange({this=00004BFC022BED40}, {new_limit=69})
[1472:18424:0923/193803.738:VERBOSE1:media_stream_manager.cc(1533)] MSPL::OnSpeedLimitChange({this=00004BFC022BED40}, {new_limit=68})
[1472:18424:0923/193804.742:VERBOSE1:media_stream_manager.cc(1533)] MSPL::OnSpeedLimitChange({this=00004BFC022BED40}, {new_limit=69})
[1472:18424:0923/193814.748:VERBOSE1:media_stream_manager.cc(1533)] MSPL::OnSpeedLimitChange({this=00004BFC022BED40}, {new_limit=68})
[1472:18424:0923/193816.743:VERBOSE1:media_stream_manager.cc(1533)] MSPL::OnSpeedLimitChange({this=00004BFC022BED40}, {new_limit=69})
[1472:18424:0923/193821.754:VERBOSE1:media_stream_manager.cc(1533)] MSPL::OnSpeedLimitChange({this=00004BFC022BED40}, {new_limit=68})
[1472:18424:0923/193823.751:VERBOSE1:media_stream_manager.cc(1533)] MSPL::OnSpeedLimitChange({this=00004BFC022BED40}, {new_limit=69})
[1472:18424:0923/193827.760:VERBOSE1:media_stream_manager.cc(1533)] MSPL::OnSpeedLimitChange({this=00004BFC022BED40}, {new_limit=70})
[1472:18424:0923/193831.759:VERBOSE1:media_stream_manager.cc(1533)] MSPL::OnSpeedLimitChange({this=00004BFC022BED40}, {new_limit=71})
[1472:18424:0923/193832.753:VERBOSE1:media_stream_manager.cc(1533)] MSPL::OnSpeedLimitChange({this=00004BFC022BED40}, {new_limit=70})
[1472:18424:0923/193833.755:VERBOSE1:media_stream_manager.cc(1533)] MSPL::OnSpeedLimitChange({this=00004BFC022BED40}, {new_limit=71})
[1472:18424:0923/193834.755:VERBOSE1:media_stream_manager.cc(1533)] MSPL::OnSpeedLimitChange({this=00004BFC022BED40}, {new_limit=70})
[1472:18424:0923/193836.760:VERBOSE1:media_stream_manager.cc(1533)] MSPL::OnSpeedLimitChange({this=00004BFC022BED40}, {new_limit=69})
[1472:18424:0923/193838.756:VERBOSE1:media_stream_manager.cc(1533)] MSPL::OnSpeedLimitChange({this=00004BFC022BED40}, {new_limit=68})
[1472:18424:0923/193840.762:VERBOSE1:media_stream_manager.cc(1533)] MSPL::OnSpeedLimitChange({this=00004BFC022BED40}, {new_limit=67})
[1472:18424:0923/193841.762:VERBOSE1:media_stream_manager.cc(1533)] MSPL::OnSpeedLimitChange({this=00004BFC022BED40}, {new_limit=66})
[1472:18424:0923/193842.758:VERBOSE1:media_stream_manager.cc(1533)] MSPL::OnSpeedLimitChange({this=00004BFC022BED40}, {new_limit=67})
[1472:18424:0923/193843.763:VERBOSE1:media_stream_manager.cc(1533)] MSPL::OnSpeedLimitChange({this=00004BFC022BED40}, {new_limit=66})
[1472:18424:0923/193846.764:VERBOSE1:media_stream_manager.cc(1533)] MSPL::OnSpeedLimitChange({this=00004BFC022BED40}, {new_limit=65})
[1472:18424:0923/193847.769:VERBOSE1:media_stream_manager.cc(1533)] MSPL::OnSpeedLimitChange({this=00004BFC022BED40}, {new_limit=64})
[1472:18424:0923/193849.763:VERBOSE1:media_stream_manager.cc(1533)] MSPL::OnSpeedLimitChange({this=00004BFC022BED40}, {new_limit=65})
[1472:18424:0923/193856.768:VERBOSE1:media_stream_manager.cc(1533)] MSPL::OnSpeedLimitChange({this=00004BFC022BED40}, {new_limit=66})
[1472:18424:0923/193857.770:VERBOSE1:media_stream_manager.cc(1533)] MSPL::OnSpeedLimitChange({this=00004BFC022BED40}, {new_limit=67})
[1472:18424:0923/193903.772:VERBOSE1:media_stream_manager.cc(1533)] MSPL::OnSpeedLimitChange({this=00004BFC022BED40}, {new_limit=68})
[1472:18424:0923/193904.773:VERBOSE1:media_stream_manager.cc(1533)] MSPL::OnSpeedLimitChange({this=00004BFC022BED40}, {new_limit=69})
[1472:18424:0923/193906.780:VERBOSE1:media_stream_manager.cc(1533)] MSPL::OnSpeedLimitChange({this=00004BFC022BED40}, {new_limit=70})
[1472:18424:0923/193909.779:VERBOSE1:media_stream_manager.cc(1533)] MSPL::OnSpeedLimitChange({this=00004BFC022BED40}, {new_limit=71})
[1472:18424:0923/193914.785:VERBOSE1:media_stream_manager.cc(1533)] MSPL::OnSpeedLimitChange({this=00004BFC022BED40}, {new_limit=70})
[1472:18424:0923/193917.788:VERBOSE1:media_stream_manager.cc(1533)] MSPL::OnSpeedLimitChange({this=00004BFC022BED40}, {new_limit=68})
[4672:7044:0923/193919.362:VERBOSE1:network_delegate.cc(36)] NetworkDelegate::NotifyBeforeURLRequest: https://optimizationguide-pa.googleapis.com/v1:GetModels?key=dummytoken
[4672:7044:0923/193919.368:VERBOSE1:tls_handshaker.cc(105)] TlsClient: Continuing handshake
[4672:7044:0923/193919.369:VERBOSE1:tls_handshaker.cc(126)] TlsClient: SSL_do_handshake returned when entering early data. After retry, rv=-1, SSL_in_early_data=1
[4672:7044:0923/193919.432:VERBOSE1:tls_handshaker.cc(105)] TlsClient: Continuing handshake
[4672:7044:0923/193919.432:VERBOSE1:tls_handshaker.cc(105)] TlsClient: Continuing handshake
[4672:7044:0923/193919.432:VERBOSE1:tls_client_handshaker.cc(528)] Client: handshake finished
[1472:18424:0923/193919.791:VERBOSE1:media_stream_manager.cc(1533)] MSPL::OnSpeedLimitChange({this=00004BFC022BED40}, {new_limit=67})
[1472:18424:0923/193926.788:VERBOSE1:media_stream_manager.cc(1533)] MSPL::OnSpeedLimitChange({this=00004BFC022BED40}, {new_limit=66})
[1472:18424:0923/193927.794:VERBOSE1:media_stream_manager.cc(1533)] MSPL::OnSpeedLimitChange({this=00004BFC022BED40}, {new_limit=67})
[1472:18424:0923/193938.797:VERBOSE1:media_stream_manager.cc(1533)] MSPL::OnSpeedLimitChange({this=00004BFC022BED40}, {new_limit=68})
[1472:18424:0923/193939.796:VERBOSE1:media_stream_manager.cc(1533)] MSPL::OnSpeedLimitChange({this=00004BFC022BED40}, {new_limit=67})
[1472:18424:0923/193941.798:VERBOSE1:media_stream_manager.cc(1533)] MSPL::OnSpeedLimitChange({this=00004BFC022BED40}, {new_limit=68})
[1472:18424:0923/193942.801:VERBOSE1:media_stream_manager.cc(1533)] MSPL::OnSpeedLimitChange({this=00004BFC022BED40}, {new_limit=67})
[1472:18424:0923/193947.802:VERBOSE1:media_stream_manager.cc(1533)] MSPL::OnSpeedLimitChange({this=00004BFC022BED40}, {new_limit=66})
[1472:18424:0923/193949.804:VERBOSE1:media_stream_manager.cc(1533)] MSPL::OnSpeedLimitChange({this=00004BFC022BED40}, {new_limit=67})
[1472:18424:0923/193954.806:VERBOSE1:media_stream_manager.cc(1533)] MSPL::OnSpeedLimitChange({this=00004BFC022BED40}, {new_limit=68})
[1472:18424:0923/193955.808:VERBOSE1:media_stream_manager.cc(1533)] MSPL::OnSpeedLimitChange({this=00004BFC022BED40}, {new_limit=67})
[1472:18424:0923/193957.807:VERBOSE1:media_stream_manager.cc(1533)] MSPL::OnSpeedLimitChange({this=00004BFC022BED40}, {new_limit=68})
[1472:18424:0923/194009.822:VERBOSE1:media_stream_manager.cc(1533)] MSPL::OnSpeedLimitChange({this=00004BFC022BED40}, {new_limit=67})
[1472:18424:0923/194010.817:VERBOSE1:media_stream_manager.cc(1533)] MSPL::OnSpeedLimitChange({this=00004BFC022BED40}, {new_limit=68})
[1472:18424:0923/194011.819:VERBOSE1:media_stream_manager.cc(1533)] MSPL::OnSpeedLimitChange({this=00004BFC022BED40}, {new_limit=69})
[1472:18424:0923/194014.822:VERBOSE1:media_stream_manager.cc(1533)] MSPL::OnSpeedLimitChange({this=00004BFC022BED40}, {new_limit=68})
[1472:18424:0923/194016.819:VERBOSE1:media_stream_manager.cc(1533)] MSPL::OnSpeedLimitChange({this=00004BFC022BED40}, {new_limit=69})
[1472:18424:0923/194018.823:VERBOSE1:media_stream_manager.cc(1533)] MSPL::OnSpeedLimitChange({this=00004BFC022BED40}, {new_limit=68})
[1472:18424:0923/194019.825:VERBOSE1:media_stream_manager.cc(1533)] MSPL::OnSpeedLimitChange({this=00004BFC022BED40}, {new_limit=69})
[1472:18424:0923/194021.824:VERBOSE1:media_stream_manager.cc(1533)] MSPL::OnSpeedLimitChange({this=00004BFC022BED40}, {new_limit=68})
[1472:18424:0923/194022.823:VERBOSE1:media_stream_manager.cc(1533)] MSPL::OnSpeedLimitChange({this=00004BFC022BED40}, {new_limit=67})
[1472:18424:0923/194023.827:VERBOSE1:media_stream_manager.cc(1533)] MSPL::OnSpeedLimitChange({this=00004BFC022BED40}, {new_limit=68})
[1472:18424:0923/194026.829:VERBOSE1:media_stream_manager.cc(1533)] MSPL::OnSpeedLimitChange({this=00004BFC022BED40}, {new_limit=69})
[1472:18424:0923/194033.838:VERBOSE1:media_stream_manager.cc(1533)] MSPL::OnSpeedLimitChange({this=00004BFC022BED40}, {new_limit=70})
[1472:18424:0923/194036.838:VERBOSE1:media_stream_manager.cc(1533)] MSPL::OnSpeedLimitChange({this=00004BFC022BED40}, {new_limit=69})
[1472:18424:0923/194038.842:VERBOSE1:media_stream_manager.cc(1533)] MSPL::OnSpeedLimitChange({this=00004BFC022BED40}, {new_limit=70})
[1472:18424:0923/194039.839:VERBOSE1:media_stream_manager.cc(1533)] MSPL::OnSpeedLimitChange({this=00004BFC022BED40}, {new_limit=69})
[1472:18424:0923/194044.839:VERBOSE1:media_stream_manager.cc(1533)] MSPL::OnSpeedLimitChange({this=00004BFC022BED40}, {new_limit=68})
[1472:18424:0923/194046.844:VERBOSE1:media_stream_manager.cc(1533)] MSPL::OnSpeedLimitChange({this=00004BFC022BED40}, {new_limit=69})
[1472:18424:0923/194048.845:VERBOSE1:media_stream_manager.cc(1533)] MSPL::OnSpeedLimitChange({this=00004BFC022BED40}, {new_limit=70})
[1472:18424:0923/194050.842:VERBOSE1:media_stream_manager.cc(1533)] MSPL::OnSpeedLimitChange({this=00004BFC022BED40}, {new_limit=69})
[1472:18424:0923/194051.874:VERBOSE1:media_stream_manager.cc(1533)] MSPL::OnSpeedLimitChange({this=00004BFC022BED40}, {new_limit=68})
[1472:18424:0923/194052.850:VERBOSE1:media_stream_manager.cc(1533)] MSPL::OnSpeedLimitChange({this=00004BFC022BED40}, {new_limit=67})
[1472:18424:0923/194053.846:VERBOSE1:media_stream_manager.cc(1533)] MSPL::OnSpeedLimitChange({this=00004BFC022BED40}, {new_limit=66})
[1472:18424:0923/194056.848:VERBOSE1:media_stream_manager.cc(1533)] MSPL::OnSpeedLimitChange({this=00004BFC022BED40}, {new_limit=65})
[1472:18424:0923/194057.855:VERBOSE1:media_stream_manager.cc(1533)] MSPL::OnSpeedLimitChange({this=00004BFC022BED40}, {new_limit=64})
[1472:18424:0923/194100.849:VERBOSE1:media_stream_manager.cc(1533)] MSPL::OnSpeedLimitChange({this=00004BFC022BED40}, {new_limit=65})
[1472:18424:0923/194101.854:VERBOSE1:media_stream_manager.cc(1533)] MSPL::OnSpeedLimitChange({this=00004BFC022BED40}, {new_limit=66})
[1472:18424:0923/194103.851:VERBOSE1:media_stream_manager.cc(1533)] MSPL::OnSpeedLimitChange({this=00004BFC022BED40}, {new_limit=67})
[1472:18424:0923/194104.857:VERBOSE1:media_stream_manager.cc(1533)] MSPL::OnSpeedLimitChange({this=00004BFC022BED40}, {new_limit=68})
[1472:18424:0923/194106.855:VERBOSE1:media_stream_manager.cc(1533)] MSPL::OnSpeedLimitChange({this=00004BFC022BED40}, {new_limit=69})
[1472:18424:0923/194108.854:VERBOSE1:media_stream_manager.cc(1533)] MSPL::OnSpeedLimitChange({this=00004BFC022BED40}, {new_limit=70})
[1472:18424:0923/194111.859:VERBOSE1:media_stream_manager.cc(1533)] MSPL::OnSpeedLimitChange({this=00004BFC022BED40}, {new_limit=71})
[1472:18424:0923/194113.857:VERBOSE1:media_stream_manager.cc(1533)] MSPL::OnSpeedLimitChange({this=00004BFC022BED40}, {new_limit=72})
[1472:18424:0923/194121.861:VERBOSE1:media_stream_manager.cc(1533)] MSPL::OnSpeedLimitChange({this=00004BFC022BED40}, {new_limit=70})
[1472:18424:0923/194122.863:VERBOSE1:media_stream_manager.cc(1533)] MSPL::OnSpeedLimitChange({this=00004BFC022BED40}, {new_limit=69})
[1472:18424:0923/194125.866:VERBOSE1:media_stream_manager.cc(1533)] MSPL::OnSpeedLimitChange({this=00004BFC022BED40}, {new_limit=68})
[1472:18424:0923/194129.870:VERBOSE1:media_stream_manager.cc(1533)] MSPL::OnSpeedLimitChange({this=00004BFC022BED40}, {new_limit=67})
[1472:18424:0923/194133.870:VERBOSE1:media_stream_manager.cc(1533)] MSPL::OnSpeedLimitChange({this=00004BFC022BED40}, {new_limit=66})
[1472:18424:0923/194135.867:VERBOSE1:media_stream_manager.cc(1533)] MSPL::OnSpeedLimitChange({this=00004BFC022BED40}, {new_limit=65})
[1472:18424:0923/194136.867:VERBOSE1:media_stream_manager.cc(1533)] MSPL::OnSpeedLimitChange({this=00004BFC022BED40}, {new_limit=66})
[1472:18424:0923/194140.875:VERBOSE1:media_stream_manager.cc(1533)] MSPL::OnSpeedLimitChange({this=00004BFC022BED40}, {new_limit=67})
[1472:18424:0923/194141.875:VERBOSE1:media_stream_manager.cc(1533)] MSPL::OnSpeedLimitChange({this=00004BFC022BED40}, {new_limit=68})
[1472:18424:0923/194144.875:VERBOSE1:media_stream_manager.cc(1533)] MSPL::OnSpeedLimitChange({this=00004BFC022BED40}, {new_limit=69})
[1472:18424:0923/194146.877:VERBOSE1:media_stream_manager.cc(1533)] MSPL::OnSpeedLimitChange({this=00004BFC022BED40}, {new_limit=70})
[1472:18424:0923/194147.874:VERBOSE1:media_stream_manager.cc(1533)] MSPL::OnSpeedLimitChange({this=00004BFC022BED40}, {new_limit=71})
[1472:18424:0923/194150.880:VERBOSE1:media_stream_manager.cc(1533)] MSPL::OnSpeedLimitChange({this=00004BFC022BED40}, {new_limit=70})
[1472:18424:0923/194152.881:VERBOSE1:media_stream_manager.cc(1533)] MSPL::OnSpeedLimitChange({this=00004BFC022BED40}, {new_limit=69})
[1472:18424:0923/194158.881:VERBOSE1:media_stream_manager.cc(1533)] MSPL::OnSpeedLimitChange({this=00004BFC022BED40}, {new_limit=68})
[4672:7044:0923/194200.707:VERBOSE1:network_delegate.cc(36)] NetworkDelegate::NotifyBeforeURLRequest: https://optimizationguide-pa.googleapis.com/v1:GetModels?key=dummytoken
[4672:7044:0923/194200.714:VERBOSE1:tls_handshaker.cc(105)] TlsClient: Continuing handshake
[4672:7044:0923/194200.714:VERBOSE1:tls_handshaker.cc(126)] TlsClient: SSL_do_handshake returned when entering early data. After retry, rv=-1, SSL_in_early_data=1
[4672:7044:0923/194200.780:VERBOSE1:tls_handshaker.cc(105)] TlsClient: Continuing handshake
[4672:7044:0923/194200.780:VERBOSE1:tls_handshaker.cc(105)] TlsClient: Continuing handshake
[4672:7044:0923/194200.780:VERBOSE1:tls_client_handshaker.cc(528)] Client: handshake finished
[1472:18424:0923/194201.882:VERBOSE1:media_stream_manager.cc(1533)] MSPL::OnSpeedLimitChange({this=00004BFC022BED40}, {new_limit=67})
[1472:18424:0923/194202.883:VERBOSE1:media_stream_manager.cc(1533)] MSPL::OnSpeedLimitChange({this=00004BFC022BED40}, {new_limit=68})
[1472:18424:0923/194203.887:VERBOSE1:media_stream_manager.cc(1533)] MSPL::OnSpeedLimitChange({this=00004BFC022BED40}, {new_limit=67})
[1472:18424:0923/194205.888:VERBOSE1:media_stream_manager.cc(1533)] MSPL::OnSpeedLimitChange({this=00004BFC022BED40}, {new_limit=66})
[1472:18424:0923/194208.893:VERBOSE1:media_stream_manager.cc(1533)] MSPL::OnSpeedLimitChange({this=00004BFC022BED40}, {new_limit=67})
[1472:18424:0923/194210.892:VERBOSE1:media_stream_manager.cc(1533)] MSPL::OnSpeedLimitChange({this=00004BFC022BED40}, {new_limit=68})
[1472:18424:0923/194211.894:VERBOSE1:media_stream_manager.cc(1533)] MSPL::OnSpeedLimitChange({this=00004BFC022BED40}, {new_limit=69})
[1472:18424:0923/194212.895:VERBOSE1:media_stream_manager.cc(1533)] MSPL::OnSpeedLimitChange({this=00004BFC022BED40}, {new_limit=68})
[1472:18424:0923/194216.900:VERBOSE1:media_stream_manager.cc(1533)] MSPL::OnSpeedLimitChange({this=00004BFC022BED40}, {new_limit=67})
[1472:18424:0923/194217.899:VERBOSE1:media_stream_manager.cc(1533)] MSPL::OnSpeedLimitChange({this=00004BFC022BED40}, {new_limit=68})
[1472:18424:0923/194218.898:VERBOSE1:media_stream_manager.cc(1533)] MSPL::OnSpeedLimitChange({this=00004BFC022BED40}, {new_limit=67})
[1472:18424:0923/194221.895:VERBOSE1:media_stream_manager.cc(1533)] MSPL::OnSpeedLimitChange({this=00004BFC022BED40}, {new_limit=66})
[1472:18424:0923/194222.900:VERBOSE1:media_stream_manager.cc(1533)] MSPL::OnSpeedLimitChange({this=00004BFC022BED40}, {new_limit=68})
[1472:18424:0923/194224.901:VERBOSE1:media_stream_manager.cc(1533)] MSPL::OnSpeedLimitChange({this=00004BFC022BED40}, {new_limit=69})
[1472:18424:0923/194226.908:VERBOSE1:media_stream_manager.cc(1533)] MSPL::OnSpeedLimitChange({this=00004BFC022BED40}, {new_limit=70})
[1472:18424:0923/194228.907:VERBOSE1:media_stream_manager.cc(1533)] MSPL::OnSpeedLimitChange({this=00004BFC022BED40}, {new_limit=71})
[1472:18424:0923/194230.908:VERBOSE1:media_stream_manager.cc(1533)] MSPL::OnSpeedLimitChange({this=00004BFC022BED40}, {new_limit=70})
[1472:18424:0923/194234.908:VERBOSE1:media_stream_manager.cc(1533)] MSPL::OnSpeedLimitChange({this=00004BFC022BED40}, {new_limit=69})
[1472:18424:0923/194235.910:VERBOSE1:media_stream_manager.cc(1533)] MSPL::OnSpeedLimitChange({this=00004BFC022BED40}, {new_limit=70})
[1472:18424:0923/194237.911:VERBOSE1:media_stream_manager.cc(1533)] MSPL::OnSpeedLimitChange({this=00004BFC022BED40}, {new_limit=69})
[1472:18424:0923/194238.907:VERBOSE1:media_stream_manager.cc(1533)] MSPL::OnSpeedLimitChange({this=00004BFC022BED40}, {new_limit=68})
[1472:18424:0923/194239.910:VERBOSE1:media_stream_manager.cc(1533)] MSPL::OnSpeedLimitChange({this=00004BFC022BED40}, {new_limit=69})
[1472:18424:0923/194240.907:VERBOSE1:media_stream_manager.cc(1533)] MSPL::OnSpeedLimitChange({this=00004BFC022BED40}, {new_limit=70})
[1472:18424:0923/194241.911:VERBOSE1:media_stream_manager.cc(1533)] MSPL::OnSpeedLimitChange({this=00004BFC022BED40}, {new_limit=71})
[1472:18424:0923/194244.910:VERBOSE1:media_stream_manager.cc(1533)] MSPL::OnSpeedLimitChange({this=00004BFC022BED40}, {new_limit=72})
[1472:18424:0923/194246.912:VERBOSE1:media_stream_manager.cc(1533)] MSPL::OnSpeedLimitChange({this=00004BFC022BED40}, {new_limit=73})
[1472:18424:0923/194249.920:VERBOSE1:media_stream_manager.cc(1533)] MSPL::OnSpeedLimitChange({this=00004BFC022BED40}, {new_limit=72})
[1472:18424:0923/194252.917:VERBOSE1:media_stream_manager.cc(1533)] MSPL::OnSpeedLimitChange({this=00004BFC022BED40}, {new_limit=71})
[1472:18424:0923/194253.916:VERBOSE1:media_stream_manager.cc(1533)] MSPL::OnSpeedLimitChange({this=00004BFC022BED40}, {new_limit=70})
[1472:18424:0923/194255.925:VERBOSE1:media_stream_manager.cc(1533)] MSPL::OnSpeedLimitChange({this=00004BFC022BED40}, {new_limit=69})
[1472:18424:0923/194256.922:VERBOSE1:media_stream_manager.cc(1533)] MSPL::OnSpeedLimitChange({this=00004BFC022BED40}, {new_limit=68})
[1472:18424:0923/194303.930:VERBOSE1:media_stream_manager.cc(1533)] MSPL::OnSpeedLimitChange({this=00004BFC022BED40}, {new_limit=69})
[1472:18424:0923/194304.929:VERBOSE1:media_stream_manager.cc(1533)] MSPL::OnSpeedLimitChange({this=00004BFC022BED40}, {new_limit=70})
[1472:18424:0923/194310.927:VERBOSE1:media_stream_manager.cc(1533)] MSPL::OnSpeedLimitChange({this=00004BFC022BED40}, {new_limit=71})
[1472:18424:0923/194312.937:VERBOSE1:media_stream_manager.cc(1533)] MSPL::OnSpeedLimitChange({this=00004BFC022BED40}, {new_limit=70})
[1472:18424:0923/194314.938:VERBOSE1:media_stream_manager.cc(1533)] MSPL::OnSpeedLimitChange({this=00004BFC022BED40}, {new_limit=69})
[1472:18424:0923/194325.936:VERBOSE1:media_stream_manager.cc(1533)] MSPL::OnSpeedLimitChange({this=00004BFC022BED40}, {new_limit=70})
[1472:18424:0923/194326.938:VERBOSE1:media_stream_manager.cc(1533)] MSPL::OnSpeedLimitChange({this=00004BFC022BED40}, {new_limit=71})
[1472:18424:0923/194327.942:VERBOSE1:media_stream_manager.cc(1533)] MSPL::OnSpeedLimitChange({this=00004BFC022BED40}, {new_limit=70})
[1472:18424:0923/194329.939:VERBOSE1:media_stream_manager.cc(1533)] MSPL::OnSpeedLimitChange({this=00004BFC022BED40}, {new_limit=71})
[1472:18424:0923/194330.945:VERBOSE1:media_stream_manager.cc(1533)] MSPL::OnSpeedLimitChange({this=00004BFC022BED40}, {new_limit=70})
[1472:18424:0923/194334.947:VERBOSE1:media_stream_manager.cc(1533)] MSPL::OnSpeedLimitChange({this=00004BFC022BED40}, {new_limit=69})
[1472:18424:0923/194336.948:VERBOSE1:media_stream_manager.cc(1533)] MSPL::OnSpeedLimitChange({this=00004BFC022BED40}, {new_limit=68})
[1472:18424:0923/194337.947:VERBOSE1:media_stream_manager.cc(1533)] MSPL::OnSpeedLimitChange({this=00004BFC022BED40}, {new_limit=69})
[1472:18424:0923/194339.945:VERBOSE1:media_stream_manager.cc(1533)] MSPL::OnSpeedLimitChange({this=00004BFC022BED40}, {new_limit=68})
[1472:18424:0923/194341.947:VERBOSE1:media_stream_manager.cc(1533)] MSPL::OnSpeedLimitChange({this=00004BFC022BED40}, {new_limit=69})
[1472:18424:0923/194344.946:VERBOSE1:media_stream_manager.cc(1533)] MSPL::OnSpeedLimitChange({this=00004BFC022BED40}, {new_limit=70})
[1472:18424:0923/194348.949:VERBOSE1:media_stream_manager.cc(1533)] MSPL::OnSpeedLimitChange({this=00004BFC022BED40}, {new_limit=69})
[1472:18424:0923/194351.957:VERBOSE1:media_stream_manager.cc(1533)] MSPL::OnSpeedLimitChange({this=00004BFC022BED40}, {new_limit=68})
[1472:18424:0923/194353.955:VERBOSE1:media_stream_manager.cc(1533)] MSPL::OnSpeedLimitChange({this=00004BFC022BED40}, {new_limit=67})
[1472:18424:0923/194402.962:VERBOSE1:media_stream_manager.cc(1533)] MSPL::OnSpeedLimitChange({this=00004BFC022BED40}, {new_limit=68})
[1472:18424:0923/194405.962:VERBOSE1:media_stream_manager.cc(1533)] MSPL::OnSpeedLimitChange({this=00004BFC022BED40}, {new_limit=67})
[1472:18424:0923/194409.967:VERBOSE1:media_stream_manager.cc(1533)] MSPL::OnSpeedLimitChange({this=00004BFC022BED40}, {new_limit=68})
[1472:18424:0923/194412.967:VERBOSE1:media_stream_manager.cc(1533)] MSPL::OnSpeedLimitChange({this=00004BFC022BED40}, {new_limit=69})
[1472:18424:0923/194415.971:VERBOSE1:media_stream_manager.cc(1533)] MSPL::OnSpeedLimitChange({this=00004BFC022BED40}, {new_limit=68})
[1472:18424:0923/194416.971:VERBOSE1:media_stream_manager.cc(1533)] MSPL::OnSpeedLimitChange({this=00004BFC022BED40}, {new_limit=69})
[1472:18424:0923/194418.966:VERBOSE1:media_stream_manager.cc(1533)] MSPL::OnSpeedLimitChange({this=00004BFC022BED40}, {new_limit=68})
[1472:18424:0923/194421.969:VERBOSE1:media_stream_manager.cc(1533)] MSPL::OnSpeedLimitChange({this=00004BFC022BED40}, {new_limit=67})
[1472:18424:0923/194423.973:VERBOSE1:media_stream_manager.cc(1533)] MSPL::OnSpeedLimitChange({this=00004BFC022BED40}, {new_limit=66})
[1472:18424:0923/194425.976:VERBOSE1:media_stream_manager.cc(1533)] MSPL::OnSpeedLimitChange({this=00004BFC022BED40}, {new_limit=67})
[1472:18424:0923/194426.973:VERBOSE1:media_stream_manager.cc(1533)] MSPL::OnSpeedLimitChange({this=00004BFC022BED40}, {new_limit=66})
[1472:18424:0923/194428.977:VERBOSE1:media_stream_manager.cc(1533)] MSPL::OnSpeedLimitChange({this=00004BFC022BED40}, {new_limit=67})
[1472:18424:0923/194431.982:VERBOSE1:media_stream_manager.cc(1533)] MSPL::OnSpeedLimitChange({this=00004BFC022BED40}, {new_limit=66})
[1472:18424:0923/194435.978:VERBOSE1:media_stream_manager.cc(1533)] MSPL::OnSpeedLimitChange({this=00004BFC022BED40}, {new_limit=67})
[1472:18424:0923/194436.984:VERBOSE1:media_stream_manager.cc(1533)] MSPL::OnSpeedLimitChange({this=00004BFC022BED40}, {new_limit=68})
[1472:18424:0923/194438.979:VERBOSE1:media_stream_manager.cc(1533)] MSPL::OnSpeedLimitChange({this=00004BFC022BED40}, {new_limit=67})
[1472:18424:0923/194439.982:VERBOSE1:media_stream_manager.cc(1533)] MSPL::OnSpeedLimitChange({this=00004BFC022BED40}, {new_limit=68})
[1472:18424:0923/194441.988:VERBOSE1:media_stream_manager.cc(1533)] MSPL::OnSpeedLimitChange({this=00004BFC022BED40}, {new_limit=69})
[1472:18424:0923/194443.987:VERBOSE1:media_stream_manager.cc(1533)] MSPL::OnSpeedLimitChange({this=00004BFC022BED40}, {new_limit=70})
[1472:18424:0923/194446.987:VERBOSE1:media_stream_manager.cc(1533)] MSPL::OnSpeedLimitChange({this=00004BFC022BED40}, {new_limit=69})
[1472:18424:0923/194447.991:VERBOSE1:media_stream_manager.cc(1533)] MSPL::OnSpeedLimitChange({this=00004BFC022BED40}, {new_limit=70})
[1472:18424:0923/194450.991:VERBOSE1:media_stream_manager.cc(1533)] MSPL::OnSpeedLimitChange({this=00004BFC022BED40}, {new_limit=69})
[1472:18424:0923/194451.987:VERBOSE1:media_stream_manager.cc(1533)] MSPL::OnSpeedLimitChange({this=00004BFC022BED40}, {new_limit=70})
[1472:18424:0923/194453.990:VERBOSE1:media_stream_manager.cc(1533)] MSPL::OnSpeedLimitChange({this=00004BFC022BED40}, {new_limit=69})
[1472:18424:0923/194456.999:VERBOSE1:media_stream_manager.cc(1533)] MSPL::OnSpeedLimitChange({this=00004BFC022BED40}, {new_limit=67})
[4672:7044:0923/194458.751:VERBOSE1:network_delegate.cc(36)] NetworkDelegate::NotifyBeforeURLRequest: https://optimizationguide-pa.googleapis.com/v1:GetModels?key=dummytoken
[4672:7044:0923/194458.758:VERBOSE1:tls_handshaker.cc(105)] TlsClient: Continuing handshake
[4672:7044:0923/194458.758:VERBOSE1:tls_handshaker.cc(126)] TlsClient: SSL_do_handshake returned when entering early data. After retry, rv=-1, SSL_in_early_data=1
[4672:7044:0923/194458.850:VERBOSE1:tls_handshaker.cc(105)] TlsClient: Continuing handshake
[4672:7044:0923/194458.850:VERBOSE1:tls_handshaker.cc(105)] TlsClient: Continuing handshake
[4672:7044:0923/194458.850:VERBOSE1:tls_client_handshaker.cc(528)] Client: handshake finished
[1472:18424:0923/194500.000:VERBOSE1:media_stream_manager.cc(1533)] MSPL::OnSpeedLimitChange({this=00004BFC022BED40}, {new_limit=68})
[1472:18424:0923/194501.000:VERBOSE1:media_stream_manager.cc(1533)] MSPL::OnSpeedLimitChange({this=00004BFC022BED40}, {new_limit=69})
[1472:18424:0923/194501.996:VERBOSE1:media_stream_manager.cc(1533)] MSPL::OnSpeedLimitChange({this=00004BFC022BED40}, {new_limit=68})
[1472:18424:0923/194507.000:VERBOSE1:media_stream_manager.cc(1533)] MSPL::OnSpeedLimitChange({this=00004BFC022BED40}, {new_limit=69})
[1472:18424:0923/194507.998:VERBOSE1:media_stream_manager.cc(1533)] MSPL::OnSpeedLimitChange({this=00004BFC022BED40}, {new_limit=70})
[1472:18424:0923/194509.012:VERBOSE1:media_stream_manager.cc(1533)] MSPL::OnSpeedLimitChange({this=00004BFC022BED40}, {new_limit=69})
[1472:18424:0923/194510.007:VERBOSE1:media_stream_manager.cc(1533)] MSPL::OnSpeedLimitChange({this=00004BFC022BED40}, {new_limit=68})
[1472:18424:0923/194514.002:VERBOSE1:media_stream_manager.cc(1533)] MSPL::OnSpeedLimitChange({this=00004BFC022BED40}, {new_limit=69})
[1472:18424:0923/194519.012:VERBOSE1:media_stream_manager.cc(1533)] MSPL::OnSpeedLimitChange({this=00004BFC022BED40}, {new_limit=70})
[1472:18424:0923/194522.015:VERBOSE1:media_stream_manager.cc(1533)] MSPL::OnSpeedLimitChange({this=00004BFC022BED40}, {new_limit=71})
[1472:18424:0923/194536.020:VERBOSE1:media_stream_manager.cc(1533)] MSPL::OnSpeedLimitChange({this=00004BFC022BED40}, {new_limit=70})
[1472:18424:0923/194537.015:VERBOSE1:media_stream_manager.cc(1533)] MSPL::OnSpeedLimitChange({this=00004BFC022BED40}, {new_limit=71})
[1472:18424:0923/194538.019:VERBOSE1:media_stream_manager.cc(1533)] MSPL::OnSpeedLimitChange({this=00004BFC022BED40}, {new_limit=70})
[1472:18424:0923/194540.018:VERBOSE1:media_stream_manager.cc(1533)] MSPL::OnSpeedLimitChange({this=00004BFC022BED40}, {new_limit=69})
[1472:18424:0923/194543.022:VERBOSE1:media_stream_manager.cc(1533)] MSPL::OnSpeedLimitChange({this=00004BFC022BED40}, {new_limit=68})
[1472:18424:0923/194546.023:VERBOSE1:media_stream_manager.cc(1533)] MSPL::OnSpeedLimitChange({this=00004BFC022BED40}, {new_limit=67})
[1472:18424:0923/194548.022:VERBOSE1:media_stream_manager.cc(1533)] MSPL::OnSpeedLimitChange({this=00004BFC022BED40}, {new_limit=68})
[1472:18424:0923/194557.025:VERBOSE1:media_stream_manager.cc(1533)] MSPL::OnSpeedLimitChange({this=00004BFC022BED40}, {new_limit=69})
[1472:18424:0923/194601.028:VERBOSE1:media_stream_manager.cc(1533)] MSPL::OnSpeedLimitChange({this=00004BFC022BED40}, {new_limit=68})
[1472:18424:0923/194602.032:VERBOSE1:media_stream_manager.cc(1533)] MSPL::OnSpeedLimitChange({this=00004BFC022BED40}, {new_limit=69})
[1472:18424:0923/194603.035:VERBOSE1:media_stream_manager.cc(1533)] MSPL::OnSpeedLimitChange({this=00004BFC022BED40}, {new_limit=70})
[1472:18424:0923/194608.038:VERBOSE1:media_stream_manager.cc(1533)] MSPL::OnSpeedLimitChange({this=00004BFC022BED40}, {new_limit=71})
[1472:18424:0923/194611.040:VERBOSE1:media_stream_manager.cc(1533)] MSPL::OnSpeedLimitChange({this=00004BFC022BED40}, {new_limit=72})
[1472:18424:0923/194612.040:VERBOSE1:media_stream_manager.cc(1533)] MSPL::OnSpeedLimitChange({this=00004BFC022BED40}, {new_limit=71})
[1472:18424:0923/194613.042:VERBOSE1:media_stream_manager.cc(1533)] MSPL::OnSpeedLimitChange({this=00004BFC022BED40}, {new_limit=70})
[1472:18424:0923/194614.039:VERBOSE1:media_stream_manager.cc(1533)] MSPL::OnSpeedLimitChange({this=00004BFC022BED40}, {new_limit=71})
[1472:18424:0923/194621.045:VERBOSE1:media_stream_manager.cc(1533)] MSPL::OnSpeedLimitChange({this=00004BFC022BED40}, {new_limit=70})
[1472:18424:0923/194622.040:VERBOSE1:media_stream_manager.cc(1533)] MSPL::OnSpeedLimitChange({this=00004BFC022BED40}, {new_limit=71})
[1472:18424:0923/194625.044:VERBOSE1:media_stream_manager.cc(1533)] MSPL::OnSpeedLimitChange({this=00004BFC022BED40}, {new_limit=70})
[1472:18424:0923/194627.052:VERBOSE1:media_stream_manager.cc(1533)] MSPL::OnSpeedLimitChange({this=00004BFC022BED40}, {new_limit=69})
[1472:18424:0923/194628.045:VERBOSE1:media_stream_manager.cc(1533)] MSPL::OnSpeedLimitChange({this=00004BFC022BED40}, {new_limit=68})
[1472:18424:0923/194629.045:VERBOSE1:media_stream_manager.cc(1533)] MSPL::OnSpeedLimitChange({this=00004BFC022BED40}, {new_limit=69})
[1472:18424:0923/194632.051:VERBOSE1:media_stream_manager.cc(1533)] MSPL::OnSpeedLimitChange({this=00004BFC022BED40}, {new_limit=68})
[1472:18424:0923/194633.049:VERBOSE1:media_stream_manager.cc(1533)] MSPL::OnSpeedLimitChange({this=00004BFC022BED40}, {new_limit=67})
[1472:18424:0923/194635.049:VERBOSE1:media_stream_manager.cc(1533)] MSPL::OnSpeedLimitChange({this=00004BFC022BED40}, {new_limit=68})
[1472:18424:0923/194637.055:VERBOSE1:media_stream_manager.cc(1533)] MSPL::OnSpeedLimitChange({this=00004BFC022BED40}, {new_limit=69})
[1472:18424:0923/194639.057:VERBOSE1:media_stream_manager.cc(1533)] MSPL::OnSpeedLimitChange({this=00004BFC022BED40}, {new_limit=68})
[1472:18424:0923/194642.053:VERBOSE1:media_stream_manager.cc(1533)] MSPL::OnSpeedLimitChange({this=00004BFC022BED40}, {new_limit=69})
[1472:18424:0923/194643.052:VERBOSE1:media_stream_manager.cc(1533)] MSPL::OnSpeedLimitChange({this=00004BFC022BED40}, {new_limit=70})
[1472:18424:0923/194646.053:VERBOSE1:media_stream_manager.cc(1533)] MSPL::OnSpeedLimitChange({this=00004BFC022BED40}, {new_limit=71})
[1472:18424:0923/194649.058:VERBOSE1:media_stream_manager.cc(1533)] MSPL::OnSpeedLimitChange({this=00004BFC022BED40}, {new_limit=72})
[1472:18424:0923/194655.060:VERBOSE1:media_stream_manager.cc(1533)] MSPL::OnSpeedLimitChange({this=00004BFC022BED40}, {new_limit=71})
[1472:18424:0923/194658.059:VERBOSE1:media_stream_manager.cc(1533)] MSPL::OnSpeedLimitChange({this=00004BFC022BED40}, {new_limit=70})
[1472:18424:0923/194702.068:VERBOSE1:media_stream_manager.cc(1533)] MSPL::OnSpeedLimitChange({this=00004BFC022BED40}, {new_limit=69})
[1472:18424:0923/194703.063:VERBOSE1:media_stream_manager.cc(1533)] MSPL::OnSpeedLimitChange({this=00004BFC022BED40}, {new_limit=68})
[1472:18424:0923/194704.064:VERBOSE1:media_stream_manager.cc(1533)] MSPL::OnSpeedLimitChange({this=00004BFC022BED40}, {new_limit=67})
[1472:18424:0923/194705.064:VERBOSE1:media_stream_manager.cc(1533)] MSPL::OnSpeedLimitChange({this=00004BFC022BED40}, {new_limit=68})
[1472:18424:0923/194707.071:VERBOSE1:media_stream_manager.cc(1533)] MSPL::OnSpeedLimitChange({this=00004BFC022BED40}, {new_limit=67})
[1472:18424:0923/194709.064:VERBOSE1:media_stream_manager.cc(1533)] MSPL::OnSpeedLimitChange({this=00004BFC022BED40}, {new_limit=68})
[1472:18424:0923/194710.064:VERBOSE1:media_stream_manager.cc(1533)] MSPL::OnSpeedLimitChange({this=00004BFC022BED40}, {new_limit=67})
[1472:18424:0923/194715.068:VERBOSE1:media_stream_manager.cc(1533)] MSPL::OnSpeedLimitChange({this=00004BFC022BED40}, {new_limit=66})
[1472:18424:0923/194717.070:VERBOSE1:media_stream_manager.cc(1533)] MSPL::OnSpeedLimitChange({this=00004BFC022BED40}, {new_limit=65})
[1472:18424:0923/194718.071:VERBOSE1:media_stream_manager.cc(1533)] MSPL::OnSpeedLimitChange({this=00004BFC022BED40}, {new_limit=66})
[1472:18424:0923/194719.074:VERBOSE1:media_stream_manager.cc(1533)] MSPL::OnSpeedLimitChange({this=00004BFC022BED40}, {new_limit=65})
[1472:18424:0923/194723.071:VERBOSE1:media_stream_manager.cc(1533)] MSPL::OnSpeedLimitChange({this=00004BFC022BED40}, {new_limit=66})
[1472:18424:0923/194730.078:VERBOSE1:media_stream_manager.cc(1533)] MSPL::OnSpeedLimitChange({this=00004BFC022BED40}, {new_limit=67})
[4672:7044:0923/194733.349:VERBOSE1:network_delegate.cc(36)] NetworkDelegate::NotifyBeforeURLRequest: https://optimizationguide-pa.googleapis.com/v1:GetModels?key=dummytoken
[4672:7044:0923/194733.355:VERBOSE1:tls_handshaker.cc(105)] TlsClient: Continuing handshake
[4672:7044:0923/194733.355:VERBOSE1:tls_handshaker.cc(126)] TlsClient: SSL_do_handshake returned when entering early data. After retry, rv=-1, SSL_in_early_data=1
[4672:7044:0923/194733.414:VERBOSE1:tls_handshaker.cc(105)] TlsClient: Continuing handshake
[4672:7044:0923/194733.414:VERBOSE1:tls_handshaker.cc(105)] TlsClient: Continuing handshake
[4672:7044:0923/194733.414:VERBOSE1:tls_client_handshaker.cc(528)] Client: handshake finished
[1472:18424:0923/194737.084:VERBOSE1:media_stream_manager.cc(1533)] MSPL::OnSpeedLimitChange({this=00004BFC022BED40}, {new_limit=68})
[1472:18424:0923/194739.087:VERBOSE1:media_stream_manager.cc(1533)] MSPL::OnSpeedLimitChange({this=00004BFC022BED40}, {new_limit=69})
[1472:18424:0923/194741.082:VERBOSE1:media_stream_manager.cc(1533)] MSPL::OnSpeedLimitChange({this=00004BFC022BED40}, {new_limit=68})
[1472:18424:0923/194743.083:VERBOSE1:media_stream_manager.cc(1533)] MSPL::OnSpeedLimitChange({this=00004BFC022BED40}, {new_limit=69})
[1472:18424:0923/194745.087:VERBOSE1:media_stream_manager.cc(1533)] MSPL::OnSpeedLimitChange({this=00004BFC022BED40}, {new_limit=68})
[1472:18424:0923/194748.090:VERBOSE1:media_stream_manager.cc(1533)] MSPL::OnSpeedLimitChange({this=00004BFC022BED40}, {new_limit=67})
[1472:18424:0923/194749.091:VERBOSE1:media_stream_manager.cc(1533)] MSPL::OnSpeedLimitChange({this=00004BFC022BED40}, {new_limit=66})
[1472:18424:0923/194752.087:VERBOSE1:media_stream_manager.cc(1533)] MSPL::OnSpeedLimitChange({this=00004BFC022BED40}, {new_limit=65})
[1472:18424:0923/194756.091:VERBOSE1:media_stream_manager.cc(1533)] MSPL::OnSpeedLimitChange({this=00004BFC022BED40}, {new_limit=66})
[1472:18424:0923/194759.095:VERBOSE1:media_stream_manager.cc(1533)] MSPL::OnSpeedLimitChange({this=00004BFC022BED40}, {new_limit=67})
[1472:18424:0923/194801.099:VERBOSE1:media_stream_manager.cc(1533)] MSPL::OnSpeedLimitChange({this=00004BFC022BED40}, {new_limit=68})
[1472:18424:0923/194802.091:VERBOSE1:media_stream_manager.cc(1533)] MSPL::OnSpeedLimitChange({this=00004BFC022BED40}, {new_limit=67})
[1472:18424:0923/194804.094:VERBOSE1:media_stream_manager.cc(1533)] MSPL::OnSpeedLimitChange({this=00004BFC022BED40}, {new_limit=68})
[1472:18424:0923/194805.102:VERBOSE1:media_stream_manager.cc(1533)] MSPL::OnSpeedLimitChange({this=00004BFC022BED40}, {new_limit=69})
[1472:18424:0923/194806.101:VERBOSE1:media_stream_manager.cc(1533)] MSPL::OnSpeedLimitChange({this=00004BFC022BED40}, {new_limit=68})
[1472:18424:0923/194809.102:VERBOSE1:media_stream_manager.cc(1533)] MSPL::OnSpeedLimitChange({this=00004BFC022BED40}, {new_limit=67})
[1472:18424:0923/194810.098:VERBOSE1:media_stream_manager.cc(1533)] MSPL::OnSpeedLimitChange({this=00004BFC022BED40}, {new_limit=68})
[1472:18424:0923/194813.098:VERBOSE1:media_stream_manager.cc(1533)] MSPL::OnSpeedLimitChange({this=00004BFC022BED40}, {new_limit=69})
[1472:18424:0923/194815.105:VERBOSE1:media_stream_manager.cc(1533)] MSPL::OnSpeedLimitChange({this=00004BFC022BED40}, {new_limit=68})
[1472:18424:0923/194821.105:VERBOSE1:media_stream_manager.cc(1533)] MSPL::OnSpeedLimitChange({this=00004BFC022BED40}, {new_limit=67})
[1472:18424:0923/194827.113:VERBOSE1:media_stream_manager.cc(1533)] MSPL::OnSpeedLimitChange({this=00004BFC022BED40}, {new_limit=66})
[1472:18424:0923/194830.113:VERBOSE1:media_stream_manager.cc(1533)] MSPL::OnSpeedLimitChange({this=00004BFC022BED40}, {new_limit=65})
[1472:18424:0923/194838.117:VERBOSE1:media_stream_manager.cc(1533)] MSPL::OnSpeedLimitChange({this=00004BFC022BED40}, {new_limit=66})
[1472:18424:0923/194840.121:VERBOSE1:media_stream_manager.cc(1533)] MSPL::OnSpeedLimitChange({this=00004BFC022BED40}, {new_limit=67})
[1472:18424:0923/194842.125:VERBOSE1:media_stream_manager.cc(1533)] MSPL::OnSpeedLimitChange({this=00004BFC022BED40}, {new_limit=68})
[1472:18424:0923/194848.124:VERBOSE1:media_stream_manager.cc(1533)] MSPL::OnSpeedLimitChange({this=00004BFC022BED40}, {new_limit=69})
[1472:18424:0923/194851.126:VERBOSE1:media_stream_manager.cc(1533)] MSPL::OnSpeedLimitChange({this=00004BFC022BED40}, {new_limit=70})
[1472:18424:0923/194854.129:VERBOSE1:media_stream_manager.cc(1533)] MSPL::OnSpeedLimitChange({this=00004BFC022BED40}, {new_limit=71})
[1472:18424:0923/194857.135:VERBOSE1:media_stream_manager.cc(1533)] MSPL::OnSpeedLimitChange({this=00004BFC022BED40}, {new_limit=72})
[1472:18424:0923/194902.138:VERBOSE1:media_stream_manager.cc(1533)] MSPL::OnSpeedLimitChange({this=00004BFC022BED40}, {new_limit=71})
[1472:18424:0923/194904.139:VERBOSE1:media_stream_manager.cc(1533)] MSPL::OnSpeedLimitChange({this=00004BFC022BED40}, {new_limit=70})
[1472:18424:0923/194907.137:VERBOSE1:media_stream_manager.cc(1533)] MSPL::OnSpeedLimitChange({this=00004BFC022BED40}, {new_limit=69})
[1472:18424:0923/194910.137:VERBOSE1:media_stream_manager.cc(1533)] MSPL::OnSpeedLimitChange({this=00004BFC022BED40}, {new_limit=68})
[1472:18424:0923/194911.143:VERBOSE1:media_stream_manager.cc(1533)] MSPL::OnSpeedLimitChange({this=00004BFC022BED40}, {new_limit=67})
[1472:18424:0923/194912.140:VERBOSE1:media_stream_manager.cc(1533)] MSPL::OnSpeedLimitChange({this=00004BFC022BED40}, {new_limit=68})
[1472:18424:0923/194913.141:VERBOSE1:media_stream_manager.cc(1533)] MSPL::OnSpeedLimitChange({this=00004BFC022BED40}, {new_limit=67})
[1472:18424:0923/194914.142:VERBOSE1:media_stream_manager.cc(1533)] MSPL::OnSpeedLimitChange({this=00004BFC022BED40}, {new_limit=68})
[1472:18424:0923/194921.150:VERBOSE1:media_stream_manager.cc(1533)] MSPL::OnSpeedLimitChange({this=00004BFC022BED40}, {new_limit=69})
[1472:18424:0923/194922.146:VERBOSE1:media_stream_manager.cc(1533)] MSPL::OnSpeedLimitChange({this=00004BFC022BED40}, {new_limit=70})
[1472:18424:0923/194923.149:VERBOSE1:media_stream_manager.cc(1533)] MSPL::OnSpeedLimitChange({this=00004BFC022BED40}, {new_limit=71})
[1472:18424:0923/194924.146:VERBOSE1:media_stream_manager.cc(1533)] MSPL::OnSpeedLimitChange({this=00004BFC022BED40}, {new_limit=70})
[1472:18424:0923/194925.146:VERBOSE1:media_stream_manager.cc(1533)] MSPL::OnSpeedLimitChange({this=00004BFC022BED40}, {new_limit=69})
[1472:18424:0923/194926.154:VERBOSE1:media_stream_manager.cc(1533)] MSPL::OnSpeedLimitChange({this=00004BFC022BED40}, {new_limit=70})
[1472:18424:0923/194929.154:VERBOSE1:media_stream_manager.cc(1533)] MSPL::OnSpeedLimitChange({this=00004BFC022BED40}, {new_limit=71})
[1472:18424:0923/194931.151:VERBOSE1:media_stream_manager.cc(1533)] MSPL::OnSpeedLimitChange({this=00004BFC022BED40}, {new_limit=70})
[1472:18424:0923/194932.150:VERBOSE1:media_stream_manager.cc(1533)] MSPL::OnSpeedLimitChange({this=00004BFC022BED40}, {new_limit=69})
[1472:18424:0923/194935.158:VERBOSE1:media_stream_manager.cc(1533)] MSPL::OnSpeedLimitChange({this=00004BFC022BED40}, {new_limit=70})
[1472:18424:0923/194936.154:VERBOSE1:media_stream_manager.cc(1533)] MSPL::OnSpeedLimitChange({this=00004BFC022BED40}, {new_limit=71})
[1472:18424:0923/194938.158:VERBOSE1:media_stream_manager.cc(1533)] MSPL::OnSpeedLimitChange({this=00004BFC022BED40}, {new_limit=70})
[1472:18424:0923/194939.157:VERBOSE1:media_stream_manager.cc(1533)] MSPL::OnSpeedLimitChange({this=00004BFC022BED40}, {new_limit=69})
[1472:18424:0923/194941.156:VERBOSE1:media_stream_manager.cc(1533)] MSPL::OnSpeedLimitChange({this=00004BFC022BED40}, {new_limit=70})
[1472:18424:0923/194944.161:VERBOSE1:media_stream_manager.cc(1533)] MSPL::OnSpeedLimitChange({this=00004BFC022BED40}, {new_limit=69})
[1472:18424:0923/194946.161:VERBOSE1:media_stream_manager.cc(1533)] MSPL::OnSpeedLimitChange({this=00004BFC022BED40}, {new_limit=68})
[1472:18424:0923/194948.163:VERBOSE1:media_stream_manager.cc(1533)] MSPL::OnSpeedLimitChange({this=00004BFC022BED40}, {new_limit=69})
[1472:18424:0923/194950.164:VERBOSE1:media_stream_manager.cc(1533)] MSPL::OnSpeedLimitChange({this=00004BFC022BED40}, {new_limit=70})
[1472:18424:0923/194953.169:VERBOSE1:media_stream_manager.cc(1533)] MSPL::OnSpeedLimitChange({this=00004BFC022BED40}, {new_limit=69})
[1472:18424:0923/194954.164:VERBOSE1:media_stream_manager.cc(1533)] MSPL::OnSpeedLimitChange({this=00004BFC022BED40}, {new_limit=70})
[1472:18424:0923/194955.168:VERBOSE1:media_stream_manager.cc(1533)] MSPL::OnSpeedLimitChange({this=00004BFC022BED40}, {new_limit=69})
[1472:18424:0923/194957.170:VERBOSE1:media_stream_manager.cc(1533)] MSPL::OnSpeedLimitChange({this=00004BFC022BED40}, {new_limit=70})
[1472:18424:0923/194958.171:VERBOSE1:media_stream_manager.cc(1533)] MSPL::OnSpeedLimitChange({this=00004BFC022BED40}, {new_limit=69})
[1472:18424:0923/195000.166:VERBOSE1:media_stream_manager.cc(1533)] MSPL::OnSpeedLimitChange({this=00004BFC022BED40}, {new_limit=68})
[1472:18424:0923/195005.172:VERBOSE1:media_stream_manager.cc(1533)] MSPL::OnSpeedLimitChange({this=00004BFC022BED40}, {new_limit=69})
[1472:18424:0923/195007.178:VERBOSE1:media_stream_manager.cc(1533)] MSPL::OnSpeedLimitChange({this=00004BFC022BED40}, {new_limit=68})
[1472:18424:0923/195010.174:VERBOSE1:media_stream_manager.cc(1533)] MSPL::OnSpeedLimitChange({this=00004BFC022BED40}, {new_limit=69})
[1472:18424:0923/195013.179:VERBOSE1:media_stream_manager.cc(1533)] MSPL::OnSpeedLimitChange({this=00004BFC022BED40}, {new_limit=70})
[1472:18424:0923/195017.176:VERBOSE1:media_stream_manager.cc(1533)] MSPL::OnSpeedLimitChange({this=00004BFC022BED40}, {new_limit=71})
[1472:18424:0923/195021.185:VERBOSE1:media_stream_manager.cc(1533)] MSPL::OnSpeedLimitChange({this=00004BFC022BED40}, {new_limit=70})
[1472:18424:0923/195022.186:VERBOSE1:media_stream_manager.cc(1533)] MSPL::OnSpeedLimitChange({this=00004BFC022BED40}, {new_limit=71})
[1472:18424:0923/195024.180:VERBOSE1:media_stream_manager.cc(1533)] MSPL::OnSpeedLimitChange({this=00004BFC022BED40}, {new_limit=70})
[1472:18424:0923/195028.185:VERBOSE1:media_stream_manager.cc(1533)] MSPL::OnSpeedLimitChange({this=00004BFC022BED40}, {new_limit=71})
[4672:7044:0923/195030.619:VERBOSE1:network_delegate.cc(36)] NetworkDelegate::NotifyBeforeURLRequest: https://optimizationguide-pa.googleapis.com/v1:GetModels?key=dummytoken
[4672:7044:0923/195030.624:VERBOSE1:tls_handshaker.cc(105)] TlsClient: Continuing handshake
[4672:7044:0923/195030.625:VERBOSE1:tls_handshaker.cc(126)] TlsClient: SSL_do_handshake returned when entering early data. After retry, rv=-1, SSL_in_early_data=1
[4672:7044:0923/195030.710:VERBOSE1:tls_handshaker.cc(105)] TlsClient: Continuing handshake
[4672:7044:0923/195030.710:VERBOSE1:tls_handshaker.cc(105)] TlsClient: Continuing handshake
[4672:7044:0923/195030.710:VERBOSE1:tls_client_handshaker.cc(528)] Client: handshake finished
[1472:18424:0923/195032.185:VERBOSE1:media_stream_manager.cc(1533)] MSPL::OnSpeedLimitChange({this=00004BFC022BED40}, {new_limit=70})
[1472:18424:0923/195036.194:VERBOSE1:media_stream_manager.cc(1533)] MSPL::OnSpeedLimitChange({this=00004BFC022BED40}, {new_limit=71})
[1472:18424:0923/195037.191:VERBOSE1:media_stream_manager.cc(1533)] MSPL::OnSpeedLimitChange({this=00004BFC022BED40}, {new_limit=70})
[1472:18424:0923/195039.196:VERBOSE1:media_stream_manager.cc(1533)] MSPL::OnSpeedLimitChange({this=00004BFC022BED40}, {new_limit=71})
[1472:18424:0923/195044.203:VERBOSE1:media_stream_manager.cc(1533)] MSPL::OnSpeedLimitChange({this=00004BFC022BED40}, {new_limit=72})
[1472:18424:0923/195046.205:VERBOSE1:media_stream_manager.cc(1533)] MSPL::OnSpeedLimitChange({this=00004BFC022BED40}, {new_limit=71})
[1472:18424:0923/195047.204:VERBOSE1:media_stream_manager.cc(1533)] MSPL::OnSpeedLimitChange({this=00004BFC022BED40}, {new_limit=72})
[1472:18424:0923/195049.202:VERBOSE1:media_stream_manager.cc(1533)] MSPL::OnSpeedLimitChange({this=00004BFC022BED40}, {new_limit=71})
[1472:18424:0923/195054.208:VERBOSE1:media_stream_manager.cc(1533)] MSPL::OnSpeedLimitChange({this=00004BFC022BED40}, {new_limit=70})
[1472:18424:0923/195101.212:VERBOSE1:media_stream_manager.cc(1533)] MSPL::OnSpeedLimitChange({this=00004BFC022BED40}, {new_limit=69})
[1472:18424:0923/195102.209:VERBOSE1:media_stream_manager.cc(1533)] MSPL::OnSpeedLimitChange({this=00004BFC022BED40}, {new_limit=70})
[1472:18424:0923/195106.209:VERBOSE1:media_stream_manager.cc(1533)] MSPL::OnSpeedLimitChange({this=00004BFC022BED40}, {new_limit=69})
[1472:18424:0923/195113.213:VERBOSE1:media_stream_manager.cc(1533)] MSPL::OnSpeedLimitChange({this=00004BFC022BED40}, {new_limit=68})
[1472:18424:0923/195115.219:VERBOSE1:media_stream_manager.cc(1533)] MSPL::OnSpeedLimitChange({this=00004BFC022BED40}, {new_limit=67})
[1472:18424:0923/195120.218:VERBOSE1:media_stream_manager.cc(1533)] MSPL::OnSpeedLimitChange({this=00004BFC022BED40}, {new_limit=68})
[1472:18424:0923/195124.225:VERBOSE1:media_stream_manager.cc(1533)] MSPL::OnSpeedLimitChange({this=00004BFC022BED40}, {new_limit=69})
[1472:18424:0923/195125.225:VERBOSE1:media_stream_manager.cc(1533)] MSPL::OnSpeedLimitChange({this=00004BFC022BED40}, {new_limit=68})
[1472:18424:0923/195131.233:VERBOSE1:media_stream_manager.cc(1533)] MSPL::OnSpeedLimitChange({this=00004BFC022BED40}, {new_limit=69})
[1472:18424:0923/195135.230:VERBOSE1:media_stream_manager.cc(1533)] MSPL::OnSpeedLimitChange({this=00004BFC022BED40}, {new_limit=70})
[1472:18424:0923/195138.236:VERBOSE1:media_stream_manager.cc(1533)] MSPL::OnSpeedLimitChange({this=00004BFC022BED40}, {new_limit=69})
[1472:18424:0923/195143.233:VERBOSE1:media_stream_manager.cc(1533)] MSPL::OnSpeedLimitChange({this=00004BFC022BED40}, {new_limit=70})
[1472:18424:0923/195144.235:VERBOSE1:media_stream_manager.cc(1533)] MSPL::OnSpeedLimitChange({this=00004BFC022BED40}, {new_limit=71})
[1472:18424:0923/195148.243:VERBOSE1:media_stream_manager.cc(1533)] MSPL::OnSpeedLimitChange({this=00004BFC022BED40}, {new_limit=72})
[1472:18424:0923/195149.240:VERBOSE1:media_stream_manager.cc(1533)] MSPL::OnSpeedLimitChange({this=00004BFC022BED40}, {new_limit=73})
[1472:18424:0923/195150.237:VERBOSE1:media_stream_manager.cc(1533)] MSPL::OnSpeedLimitChange({this=00004BFC022BED40}, {new_limit=72})
[1472:18424:0923/195153.243:VERBOSE1:media_stream_manager.cc(1533)] MSPL::OnSpeedLimitChange({this=00004BFC022BED40}, {new_limit=71})
[1472:18424:0923/195154.241:VERBOSE1:media_stream_manager.cc(1533)] MSPL::OnSpeedLimitChange({this=00004BFC022BED40}, {new_limit=72})
[1472:18424:0923/195155.245:VERBOSE1:media_stream_manager.cc(1533)] MSPL::OnSpeedLimitChange({this=00004BFC022BED40}, {new_limit=70})
[1472:18424:0923/195158.244:VERBOSE1:media_stream_manager.cc(1533)] MSPL::OnSpeedLimitChange({this=00004BFC022BED40}, {new_limit=69})
[1472:18424:0923/195201.249:VERBOSE1:media_stream_manager.cc(1533)] MSPL::OnSpeedLimitChange({this=00004BFC022BED40}, {new_limit=70})
[1472:18424:0923/195202.247:VERBOSE1:media_stream_manager.cc(1533)] MSPL::OnSpeedLimitChange({this=00004BFC022BED40}, {new_limit=69})
[1472:18424:0923/195206.249:VERBOSE1:media_stream_manager.cc(1533)] MSPL::OnSpeedLimitChange({this=00004BFC022BED40}, {new_limit=70})
[1472:18424:0923/195212.253:VERBOSE1:media_stream_manager.cc(1533)] MSPL::OnSpeedLimitChange({this=00004BFC022BED40}, {new_limit=69})
[1472:18424:0923/195213.255:VERBOSE1:media_stream_manager.cc(1533)] MSPL::OnSpeedLimitChange({this=00004BFC022BED40}, {new_limit=70})
[1472:18424:0923/195224.263:VERBOSE1:media_stream_manager.cc(1533)] MSPL::OnSpeedLimitChange({this=00004BFC022BED40}, {new_limit=69})
[1472:18424:0923/195229.263:VERBOSE1:media_stream_manager.cc(1533)] MSPL::OnSpeedLimitChange({this=00004BFC022BED40}, {new_limit=70})
[1472:18424:0923/195230.264:VERBOSE1:media_stream_manager.cc(1533)] MSPL::OnSpeedLimitChange({this=00004BFC022BED40}, {new_limit=69})
[1472:18424:0923/195232.267:VERBOSE1:media_stream_manager.cc(1533)] MSPL::OnSpeedLimitChange({this=00004BFC022BED40}, {new_limit=70})
[1472:18424:0923/195237.267:VERBOSE1:media_stream_manager.cc(1533)] MSPL::OnSpeedLimitChange({this=00004BFC022BED40}, {new_limit=69})
[1472:18424:0923/195238.272:VERBOSE1:media_stream_manager.cc(1533)] MSPL::OnSpeedLimitChange({this=00004BFC022BED40}, {new_limit=70})
[1472:18424:0923/195242.273:VERBOSE1:media_stream_manager.cc(1533)] MSPL::OnSpeedLimitChange({this=00004BFC022BED40}, {new_limit=69})
[1472:18424:0923/195243.275:VERBOSE1:media_stream_manager.cc(1533)] MSPL::OnSpeedLimitChange({this=00004BFC022BED40}, {new_limit=70})
[1472:18424:0923/195246.280:VERBOSE1:media_stream_manager.cc(1533)] MSPL::OnSpeedLimitChange({this=00004BFC022BED40}, {new_limit=71})
[1472:18424:0923/195249.284:VERBOSE1:media_stream_manager.cc(1533)] MSPL::OnSpeedLimitChange({this=00004BFC022BED40}, {new_limit=70})
[1472:18424:0923/195250.283:VERBOSE1:media_stream_manager.cc(1533)] MSPL::OnSpeedLimitChange({this=00004BFC022BED40}, {new_limit=69})
[1472:18424:0923/195251.279:VERBOSE1:media_stream_manager.cc(1533)] MSPL::OnSpeedLimitChange({this=00004BFC022BED40}, {new_limit=70})
[1472:18424:0923/195252.281:VERBOSE1:media_stream_manager.cc(1533)] MSPL::OnSpeedLimitChange({this=00004BFC022BED40}, {new_limit=71})
[1472:18424:0923/195254.287:VERBOSE1:media_stream_manager.cc(1533)] MSPL::OnSpeedLimitChange({this=00004BFC022BED40}, {new_limit=70})
[1472:18424:0923/195256.287:VERBOSE1:media_stream_manager.cc(1533)] MSPL::OnSpeedLimitChange({this=00004BFC022BED40}, {new_limit=69})
[1472:18424:0923/195257.291:VERBOSE1:media_stream_manager.cc(1533)] MSPL::OnSpeedLimitChange({this=00004BFC022BED40}, {new_limit=70})
[1472:18424:0923/195259.291:VERBOSE1:media_stream_manager.cc(1533)] MSPL::OnSpeedLimitChange({this=00004BFC022BED40}, {new_limit=71})
[1472:18424:0923/195302.289:VERBOSE1:media_stream_manager.cc(1533)] MSPL::OnSpeedLimitChange({this=00004BFC022BED40}, {new_limit=70})
[4672:7044:0923/195302.423:VERBOSE1:network_delegate.cc(36)] NetworkDelegate::NotifyBeforeURLRequest: https://optimizationguide-pa.googleapis.com/v1:GetModels?key=dummytoken
[4672:7044:0923/195302.429:VERBOSE1:tls_handshaker.cc(105)] TlsClient: Continuing handshake
[4672:7044:0923/195302.429:VERBOSE1:tls_handshaker.cc(126)] TlsClient: SSL_do_handshake returned when entering early data. After retry, rv=-1, SSL_in_early_data=1
[4672:7044:0923/195302.509:VERBOSE1:tls_handshaker.cc(105)] TlsClient: Continuing handshake
[4672:7044:0923/195302.509:VERBOSE1:tls_handshaker.cc(105)] TlsClient: Continuing handshake
[4672:7044:0923/195302.509:VERBOSE1:tls_client_handshaker.cc(528)] Client: handshake finished
[1472:18424:0923/195305.286:VERBOSE1:media_stream_manager.cc(1533)] MSPL::OnSpeedLimitChange({this=00004BFC022BED40}, {new_limit=69})
[1472:18424:0923/195307.289:VERBOSE1:media_stream_manager.cc(1533)] MSPL::OnSpeedLimitChange({this=00004BFC022BED40}, {new_limit=68})
[1472:18424:0923/195309.294:VERBOSE1:media_stream_manager.cc(1533)] MSPL::OnSpeedLimitChange({this=00004BFC022BED40}, {new_limit=67})
[1472:18424:0923/195313.294:VERBOSE1:media_stream_manager.cc(1533)] MSPL::OnSpeedLimitChange({this=00004BFC022BED40}, {new_limit=68})
[1472:18424:0923/195315.300:VERBOSE1:media_stream_manager.cc(1533)] MSPL::OnSpeedLimitChange({this=00004BFC022BED40}, {new_limit=69})
[1472:18424:0923/195316.301:VERBOSE1:media_stream_manager.cc(1533)] MSPL::OnSpeedLimitChange({this=00004BFC022BED40}, {new_limit=70})
[1472:18424:0923/195317.298:VERBOSE1:media_stream_manager.cc(1533)] MSPL::OnSpeedLimitChange({this=00004BFC022BED40}, {new_limit=69})
[1472:18424:0923/195318.299:VERBOSE1:media_stream_manager.cc(1533)] MSPL::OnSpeedLimitChange({this=00004BFC022BED40}, {new_limit=70})
[1472:18424:0923/195319.298:VERBOSE1:media_stream_manager.cc(1533)] MSPL::OnSpeedLimitChange({this=00004BFC022BED40}, {new_limit=71})
[1472:18424:0923/195323.303:VERBOSE1:media_stream_manager.cc(1533)] MSPL::OnSpeedLimitChange({this=00004BFC022BED40}, {new_limit=70})
[1472:18424:0923/195327.307:VERBOSE1:media_stream_manager.cc(1533)] MSPL::OnSpeedLimitChange({this=00004BFC022BED40}, {new_limit=71})
[1472:18424:0923/195329.301:VERBOSE1:media_stream_manager.cc(1533)] MSPL::OnSpeedLimitChange({this=00004BFC022BED40}, {new_limit=70})
[1472:18424:0923/195330.301:VERBOSE1:media_stream_manager.cc(1533)] MSPL::OnSpeedLimitChange({this=00004BFC022BED40}, {new_limit=71})
[1472:18424:0923/195332.308:VERBOSE1:media_stream_manager.cc(1533)] MSPL::OnSpeedLimitChange({this=00004BFC022BED40}, {new_limit=70})
[1472:18424:0923/195336.310:VERBOSE1:media_stream_manager.cc(1533)] MSPL::OnSpeedLimitChange({this=00004BFC022BED40}, {new_limit=69})
[1472:18424:0923/195339.313:VERBOSE1:media_stream_manager.cc(1533)] MSPL::OnSpeedLimitChange({this=00004BFC022BED40}, {new_limit=68})
[1472:18424:0923/195340.312:VERBOSE1:media_stream_manager.cc(1533)] MSPL::OnSpeedLimitChange({this=00004BFC022BED40}, {new_limit=69})
[1472:18424:0923/195344.317:VERBOSE1:media_stream_manager.cc(1533)] MSPL::OnSpeedLimitChange({this=00004BFC022BED40}, {new_limit=68})
[1472:18424:0923/195345.311:VERBOSE1:media_stream_manager.cc(1533)] MSPL::OnSpeedLimitChange({this=00004BFC022BED40}, {new_limit=69})
[1472:18424:0923/195347.312:VERBOSE1:media_stream_manager.cc(1533)] MSPL::OnSpeedLimitChange({this=00004BFC022BED40}, {new_limit=68})
[1472:18424:0923/195348.320:VERBOSE1:media_stream_manager.cc(1533)] MSPL::OnSpeedLimitChange({this=00004BFC022BED40}, {new_limit=69})
[1472:18424:0923/195350.316:VERBOSE1:media_stream_manager.cc(1533)] MSPL::OnSpeedLimitChange({this=00004BFC022BED40}, {new_limit=67})
[1472:18424:0923/195354.322:VERBOSE1:media_stream_manager.cc(1533)] MSPL::OnSpeedLimitChange({this=00004BFC022BED40}, {new_limit=68})
[1472:18424:0923/195355.317:VERBOSE1:media_stream_manager.cc(1533)] MSPL::OnSpeedLimitChange({this=00004BFC022BED40}, {new_limit=67})
[1472:18424:0923/195357.320:VERBOSE1:media_stream_manager.cc(1533)] MSPL::OnSpeedLimitChange({this=00004BFC022BED40}, {new_limit=68})
[1472:18424:0923/195358.325:VERBOSE1:media_stream_manager.cc(1533)] MSPL::OnSpeedLimitChange({this=00004BFC022BED40}, {new_limit=67})
[1472:18424:0923/195359.321:VERBOSE1:media_stream_manager.cc(1533)] MSPL::OnSpeedLimitChange({this=00004BFC022BED40}, {new_limit=68})
[1472:18424:0923/195401.326:VERBOSE1:media_stream_manager.cc(1533)] MSPL::OnSpeedLimitChange({this=00004BFC022BED40}, {new_limit=69})
[1472:18424:0923/195406.327:VERBOSE1:media_stream_manager.cc(1533)] MSPL::OnSpeedLimitChange({this=00004BFC022BED40}, {new_limit=70})
[1472:18424:0923/195407.330:VERBOSE1:media_stream_manager.cc(1533)] MSPL::OnSpeedLimitChange({this=00004BFC022BED40}, {new_limit=69})
[1472:18424:0923/195410.331:VERBOSE1:media_stream_manager.cc(1533)] MSPL::OnSpeedLimitChange({this=00004BFC022BED40}, {new_limit=68})
[1472:18424:0923/195412.327:VERBOSE1:media_stream_manager.cc(1533)] MSPL::OnSpeedLimitChange({this=00004BFC022BED40}, {new_limit=69})
[1472:18424:0923/195417.329:VERBOSE1:media_stream_manager.cc(1533)] MSPL::OnSpeedLimitChange({this=00004BFC022BED40}, {new_limit=70})
[1472:18424:0923/195419.335:VERBOSE1:media_stream_manager.cc(1533)] MSPL::OnSpeedLimitChange({this=00004BFC022BED40}, {new_limit=69})
[1472:18424:0923/195420.331:VERBOSE1:media_stream_manager.cc(1533)] MSPL::OnSpeedLimitChange({this=00004BFC022BED40}, {new_limit=70})
[1472:18424:0923/195422.337:VERBOSE1:media_stream_manager.cc(1533)] MSPL::OnSpeedLimitChange({this=00004BFC022BED40}, {new_limit=69})
[1472:18424:0923/195425.337:VERBOSE1:media_stream_manager.cc(1533)] MSPL::OnSpeedLimitChange({this=00004BFC022BED40}, {new_limit=68})
[1472:18424:0923/195428.338:VERBOSE1:media_stream_manager.cc(1533)] MSPL::OnSpeedLimitChange({this=00004BFC022BED40}, {new_limit=69})
[1472:18424:0923/195430.339:VERBOSE1:media_stream_manager.cc(1533)] MSPL::OnSpeedLimitChange({this=00004BFC022BED40}, {new_limit=68})
[1472:18424:0923/195431.344:VERBOSE1:media_stream_manager.cc(1533)] MSPL::OnSpeedLimitChange({this=00004BFC022BED40}, {new_limit=69})
[1472:18424:0923/195437.347:VERBOSE1:media_stream_manager.cc(1533)] MSPL::OnSpeedLimitChange({this=00004BFC022BED40}, {new_limit=68})
[1472:18424:0923/195444.352:VERBOSE1:media_stream_manager.cc(1533)] MSPL::OnSpeedLimitChange({this=00004BFC022BED40}, {new_limit=69})
[1472:18424:0923/195446.352:VERBOSE1:media_stream_manager.cc(1533)] MSPL::OnSpeedLimitChange({this=00004BFC022BED40}, {new_limit=68})
[1472:18424:0923/195447.353:VERBOSE1:media_stream_manager.cc(1533)] MSPL::OnSpeedLimitChange({this=00004BFC022BED40}, {new_limit=69})
[1472:18424:0923/195450.353:VERBOSE1:media_stream_manager.cc(1533)] MSPL::OnSpeedLimitChange({this=00004BFC022BED40}, {new_limit=70})
[1472:18424:0923/195451.354:VERBOSE1:media_stream_manager.cc(1533)] MSPL::OnSpeedLimitChange({this=00004BFC022BED40}, {new_limit=69})
[1472:18424:0923/195459.356:VERBOSE1:media_stream_manager.cc(1533)] MSPL::OnSpeedLimitChange({this=00004BFC022BED40}, {new_limit=70})
[1472:18424:0923/195501.360:VERBOSE1:media_stream_manager.cc(1533)] MSPL::OnSpeedLimitChange({this=00004BFC022BED40}, {new_limit=71})
[1472:18424:0923/195504.360:VERBOSE1:media_stream_manager.cc(1533)] MSPL::OnSpeedLimitChange({this=00004BFC022BED40}, {new_limit=70})
[1472:18424:0923/195506.359:VERBOSE1:media_stream_manager.cc(1533)] MSPL::OnSpeedLimitChange({this=00004BFC022BED40}, {new_limit=71})
[1472:18424:0923/195509.361:VERBOSE1:media_stream_manager.cc(1533)] MSPL::OnSpeedLimitChange({this=00004BFC022BED40}, {new_limit=70})
[1472:18424:0923/195512.365:VERBOSE1:media_stream_manager.cc(1533)] MSPL::OnSpeedLimitChange({this=00004BFC022BED40}, {new_limit=69})
[1472:18424:0923/195513.363:VERBOSE1:media_stream_manager.cc(1533)] MSPL::OnSpeedLimitChange({this=00004BFC022BED40}, {new_limit=70})
[1472:18424:0923/195515.366:VERBOSE1:media_stream_manager.cc(1533)] MSPL::OnSpeedLimitChange({this=00004BFC022BED40}, {new_limit=69})
[1472:18424:0923/195520.371:VERBOSE1:media_stream_manager.cc(1533)] MSPL::OnSpeedLimitChange({this=00004BFC022BED40}, {new_limit=68})
[1472:18424:0923/195523.370:VERBOSE1:media_stream_manager.cc(1533)] MSPL::OnSpeedLimitChange({this=00004BFC022BED40}, {new_limit=67})
[1472:18424:0923/195524.370:VERBOSE1:media_stream_manager.cc(1533)] MSPL::OnSpeedLimitChange({this=00004BFC022BED40}, {new_limit=68})
[1472:18424:0923/195525.369:VERBOSE1:media_stream_manager.cc(1533)] MSPL::OnSpeedLimitChange({this=00004BFC022BED40}, {new_limit=67})
[1472:18424:0923/195530.376:VERBOSE1:media_stream_manager.cc(1533)] MSPL::OnSpeedLimitChange({this=00004BFC022BED40}, {new_limit=68})
[1472:18424:0923/195535.382:VERBOSE1:media_stream_manager.cc(1533)] MSPL::OnSpeedLimitChange({this=00004BFC022BED40}, {new_limit=69})
[1472:18424:0923/195537.377:VERBOSE1:media_stream_manager.cc(1533)] MSPL::OnSpeedLimitChange({this=00004BFC022BED40}, {new_limit=70})
[1472:18424:0923/195541.380:VERBOSE1:media_stream_manager.cc(1533)] MSPL::OnSpeedLimitChange({this=00004BFC022BED40}, {new_limit=71})
[1472:18424:0923/195544.384:VERBOSE1:media_stream_manager.cc(1533)] MSPL::OnSpeedLimitChange({this=00004BFC022BED40}, {new_limit=70})
[4672:7044:0923/195549.042:VERBOSE1:network_delegate.cc(36)] NetworkDelegate::NotifyBeforeURLRequest: https://optimizationguide-pa.googleapis.com/v1:GetModels?key=dummytoken
[4672:7044:0923/195549.048:VERBOSE1:tls_handshaker.cc(105)] TlsClient: Continuing handshake
[4672:7044:0923/195549.048:VERBOSE1:tls_handshaker.cc(126)] TlsClient: SSL_do_handshake returned when entering early data. After retry, rv=-1, SSL_in_early_data=1
[4672:7044:0923/195549.134:VERBOSE1:tls_handshaker.cc(105)] TlsClient: Continuing handshake
[4672:7044:0923/195549.134:VERBOSE1:tls_handshaker.cc(105)] TlsClient: Continuing handshake
[4672:7044:0923/195549.134:VERBOSE1:tls_client_handshaker.cc(528)] Client: handshake finished
[1472:18424:0923/195550.387:VERBOSE1:media_stream_manager.cc(1533)] MSPL::OnSpeedLimitChange({this=00004BFC022BED40}, {new_limit=69})
[1472:18424:0923/195554.388:VERBOSE1:media_stream_manager.cc(1533)] MSPL::OnSpeedLimitChange({this=00004BFC022BED40}, {new_limit=70})
[1472:18424:0923/195557.391:VERBOSE1:media_stream_manager.cc(1533)] MSPL::OnSpeedLimitChange({this=00004BFC022BED40}, {new_limit=69})
[1472:18424:0923/195600.396:VERBOSE1:media_stream_manager.cc(1533)] MSPL::OnSpeedLimitChange({this=00004BFC022BED40}, {new_limit=68})
[1472:18424:0923/195601.392:VERBOSE1:media_stream_manager.cc(1533)] MSPL::OnSpeedLimitChange({this=00004BFC022BED40}, {new_limit=67})
[1472:18424:0923/195602.397:VERBOSE1:media_stream_manager.cc(1533)] MSPL::OnSpeedLimitChange({this=00004BFC022BED40}, {new_limit=68})
[1472:18424:0923/195606.395:VERBOSE1:media_stream_manager.cc(1533)] MSPL::OnSpeedLimitChange({this=00004BFC022BED40}, {new_limit=69})
[1472:18424:0923/195608.397:VERBOSE1:media_stream_manager.cc(1533)] MSPL::OnSpeedLimitChange({this=00004BFC022BED40}, {new_limit=68})
[1472:18424:0923/195610.399:VERBOSE1:media_stream_manager.cc(1533)] MSPL::OnSpeedLimitChange({this=00004BFC022BED40}, {new_limit=70})
[1472:18424:0923/195613.404:VERBOSE1:media_stream_manager.cc(1533)] MSPL::OnSpeedLimitChange({this=00004BFC022BED40}, {new_limit=69})
[1472:18424:0923/195614.408:VERBOSE1:media_stream_manager.cc(1533)] MSPL::OnSpeedLimitChange({this=00004BFC022BED40}, {new_limit=68})
[1472:18424:0923/195615.406:VERBOSE1:media_stream_manager.cc(1533)] MSPL::OnSpeedLimitChange({this=00004BFC022BED40}, {new_limit=69})
[1472:18424:0923/195616.402:VERBOSE1:media_stream_manager.cc(1533)] MSPL::OnSpeedLimitChange({this=00004BFC022BED40}, {new_limit=68})
[1472:18424:0923/195617.407:VERBOSE1:media_stream_manager.cc(1533)] MSPL::OnSpeedLimitChange({this=00004BFC022BED40}, {new_limit=69})
[1472:18424:0923/195618.411:VERBOSE1:media_stream_manager.cc(1533)] MSPL::OnSpeedLimitChange({this=00004BFC022BED40}, {new_limit=70})
[1472:18424:0923/195620.411:VERBOSE1:media_stream_manager.cc(1533)] MSPL::OnSpeedLimitChange({this=00004BFC022BED40}, {new_limit=69})
[1472:18424:0923/195632.418:VERBOSE1:media_stream_manager.cc(1533)] MSPL::OnSpeedLimitChange({this=00004BFC022BED40}, {new_limit=70})
[1472:18424:0923/195633.419:VERBOSE1:media_stream_manager.cc(1533)] MSPL::OnSpeedLimitChange({this=00004BFC022BED40}, {new_limit=69})
[1472:18424:0923/195642.426:VERBOSE1:media_stream_manager.cc(1533)] MSPL::OnSpeedLimitChange({this=00004BFC022BED40}, {new_limit=68})
[1472:18424:0923/195643.422:VERBOSE1:media_stream_manager.cc(1533)] MSPL::OnSpeedLimitChange({this=00004BFC022BED40}, {new_limit=69})
[1472:18424:0923/195652.434:VERBOSE1:media_stream_manager.cc(1533)] MSPL::OnSpeedLimitChange({this=00004BFC022BED40}, {new_limit=70})
[1472:18424:0923/195653.429:VERBOSE1:media_stream_manager.cc(1533)] MSPL::OnSpeedLimitChange({this=00004BFC022BED40}, {new_limit=69})
[1472:18424:0923/195659.436:VERBOSE1:media_stream_manager.cc(1533)] MSPL::OnSpeedLimitChange({this=00004BFC022BED40}, {new_limit=68})
[1472:18424:0923/195700.437:VERBOSE1:media_stream_manager.cc(1533)] MSPL::OnSpeedLimitChange({this=00004BFC022BED40}, {new_limit=69})
[1472:18424:0923/195701.434:VERBOSE1:media_stream_manager.cc(1533)] MSPL::OnSpeedLimitChange({this=00004BFC022BED40}, {new_limit=68})
[1472:18424:0923/195703.432:VERBOSE1:media_stream_manager.cc(1533)] MSPL::OnSpeedLimitChange({this=00004BFC022BED40}, {new_limit=69})
[1472:18424:0923/195708.439:VERBOSE1:media_stream_manager.cc(1533)] MSPL::OnSpeedLimitChange({this=00004BFC022BED40}, {new_limit=70})
[1472:18424:0923/195709.436:VERBOSE1:media_stream_manager.cc(1533)] MSPL::OnSpeedLimitChange({this=00004BFC022BED40}, {new_limit=69})
[1472:18424:0923/195722.447:VERBOSE1:media_stream_manager.cc(1533)] MSPL::OnSpeedLimitChange({this=00004BFC022BED40}, {new_limit=70})
[1472:18424:0923/195723.443:VERBOSE1:media_stream_manager.cc(1533)] MSPL::OnSpeedLimitChange({this=00004BFC022BED40}, {new_limit=69})
[1472:18424:0923/195724.451:VERBOSE1:media_stream_manager.cc(1533)] MSPL::OnSpeedLimitChange({this=00004BFC022BED40}, {new_limit=70})
[1472:18424:0923/195725.451:VERBOSE1:media_stream_manager.cc(1533)] MSPL::OnSpeedLimitChange({this=00004BFC022BED40}, {new_limit=69})
[1472:18424:0923/195736.458:VERBOSE1:media_stream_manager.cc(1533)] MSPL::OnSpeedLimitChange({this=00004BFC022BED40}, {new_limit=68})
[1472:18424:0923/195740.455:VERBOSE1:media_stream_manager.cc(1533)] MSPL::OnSpeedLimitChange({this=00004BFC022BED40}, {new_limit=69})
[1472:18424:0923/195742.457:VERBOSE1:media_stream_manager.cc(1533)] MSPL::OnSpeedLimitChange({this=00004BFC022BED40}, {new_limit=70})
[1472:18424:0923/195743.462:VERBOSE1:media_stream_manager.cc(1533)] MSPL::OnSpeedLimitChange({this=00004BFC022BED40}, {new_limit=69})
[1472:18424:0923/195745.461:VERBOSE1:media_stream_manager.cc(1533)] MSPL::OnSpeedLimitChange({this=00004BFC022BED40}, {new_limit=70})
[1472:18424:0923/195746.461:VERBOSE1:media_stream_manager.cc(1533)] MSPL::OnSpeedLimitChange({this=00004BFC022BED40}, {new_limit=69})
[1472:18424:0923/195747.458:VERBOSE1:media_stream_manager.cc(1533)] MSPL::OnSpeedLimitChange({this=00004BFC022BED40}, {new_limit=68})
[1472:18424:0923/195750.463:VERBOSE1:media_stream_manager.cc(1533)] MSPL::OnSpeedLimitChange({this=00004BFC022BED40}, {new_limit=67})
[1472:18424:0923/195752.467:VERBOSE1:media_stream_manager.cc(1533)] MSPL::OnSpeedLimitChange({this=00004BFC022BED40}, {new_limit=66})
[1472:18424:0923/195753.467:VERBOSE1:media_stream_manager.cc(1533)] MSPL::OnSpeedLimitChange({this=00004BFC022BED40}, {new_limit=67})
[1472:18424:0923/195755.470:VERBOSE1:media_stream_manager.cc(1533)] MSPL::OnSpeedLimitChange({this=00004BFC022BED40}, {new_limit=66})
[1472:18424:0923/195756.467:VERBOSE1:media_stream_manager.cc(1533)] MSPL::OnSpeedLimitChange({this=00004BFC022BED40}, {new_limit=67})
[1472:18424:0923/195757.465:VERBOSE1:media_stream_manager.cc(1533)] MSPL::OnSpeedLimitChange({this=00004BFC022BED40}, {new_limit=68})
[1472:18424:0923/195816.481:VERBOSE1:media_stream_manager.cc(1533)] MSPL::OnSpeedLimitChange({this=00004BFC022BED40}, {new_limit=69})
[4672:7044:0923/195821.143:VERBOSE1:network_delegate.cc(36)] NetworkDelegate::NotifyBeforeURLRequest: https://optimizationguide-pa.googleapis.com/v1:GetModels?key=dummytoken
[4672:7044:0923/195821.150:VERBOSE1:tls_handshaker.cc(105)] TlsClient: Continuing handshake
[4672:7044:0923/195821.151:VERBOSE1:tls_handshaker.cc(126)] TlsClient: SSL_do_handshake returned when entering early data. After retry, rv=-1, SSL_in_early_data=1
[4672:7044:0923/195821.209:VERBOSE1:tls_handshaker.cc(105)] TlsClient: Continuing handshake
[4672:7044:0923/195821.209:VERBOSE1:tls_handshaker.cc(105)] TlsClient: Continuing handshake
[4672:7044:0923/195821.209:VERBOSE1:tls_client_handshaker.cc(528)] Client: handshake finished
[1472:18424:0923/195821.481:VERBOSE1:media_stream_manager.cc(1533)] MSPL::OnSpeedLimitChange({this=00004BFC022BED40}, {new_limit=70})
[1472:18424:0923/195823.485:VERBOSE1:media_stream_manager.cc(1533)] MSPL::OnSpeedLimitChange({this=00004BFC022BED40}, {new_limit=71})
[1472:18424:0923/195825.485:VERBOSE1:media_stream_manager.cc(1533)] MSPL::OnSpeedLimitChange({this=00004BFC022BED40}, {new_limit=72})
[1472:18424:0923/195831.491:VERBOSE1:media_stream_manager.cc(1533)] MSPL::OnSpeedLimitChange({this=00004BFC022BED40}, {new_limit=71})
[1472:18424:0923/195832.489:VERBOSE1:media_stream_manager.cc(1533)] MSPL::OnSpeedLimitChange({this=00004BFC022BED40}, {new_limit=70})
[1472:18424:0923/195833.488:VERBOSE1:media_stream_manager.cc(1533)] MSPL::OnSpeedLimitChange({this=00004BFC022BED40}, {new_limit=69})
[1472:18424:0923/195836.492:VERBOSE1:media_stream_manager.cc(1533)] MSPL::OnSpeedLimitChange({this=00004BFC022BED40}, {new_limit=70})
[1472:18424:0923/195841.492:VERBOSE1:media_stream_manager.cc(1533)] MSPL::OnSpeedLimitChange({this=00004BFC022BED40}, {new_limit=71})
[1472:18424:0923/195842.495:VERBOSE1:media_stream_manager.cc(1533)] MSPL::OnSpeedLimitChange({this=00004BFC022BED40}, {new_limit=72})
[1472:18424:0923/195847.500:VERBOSE1:media_stream_manager.cc(1533)] MSPL::OnSpeedLimitChange({this=00004BFC022BED40}, {new_limit=71})
[1472:18424:0923/195848.494:VERBOSE1:media_stream_manager.cc(1533)] MSPL::OnSpeedLimitChange({this=00004BFC022BED40}, {new_limit=70})
[1472:18424:0923/195853.497:VERBOSE1:media_stream_manager.cc(1533)] MSPL::OnSpeedLimitChange({this=00004BFC022BED40}, {new_limit=69})
[1472:18424:0923/195855.499:VERBOSE1:media_stream_manager.cc(1533)] MSPL::OnSpeedLimitChange({this=00004BFC022BED40}, {new_limit=70})
[1472:18424:0923/195857.501:VERBOSE1:media_stream_manager.cc(1533)] MSPL::OnSpeedLimitChange({this=00004BFC022BED40}, {new_limit=69})
[1472:18424:0923/195900.501:VERBOSE1:media_stream_manager.cc(1533)] MSPL::OnSpeedLimitChange({this=00004BFC022BED40}, {new_limit=70})
[1472:18424:0923/195901.509:VERBOSE1:media_stream_manager.cc(1533)] MSPL::OnSpeedLimitChange({this=00004BFC022BED40}, {new_limit=69})
[1472:18424:0923/195902.501:VERBOSE1:media_stream_manager.cc(1533)] MSPL::OnSpeedLimitChange({this=00004BFC022BED40}, {new_limit=68})
[1472:18424:0923/195906.507:VERBOSE1:media_stream_manager.cc(1533)] MSPL::OnSpeedLimitChange({this=00004BFC022BED40}, {new_limit=67})
[1472:18424:0923/195907.504:VERBOSE1:media_stream_manager.cc(1533)] MSPL::OnSpeedLimitChange({this=00004BFC022BED40}, {new_limit=68})
[1472:18424:0923/195910.514:VERBOSE1:media_stream_manager.cc(1533)] MSPL::OnSpeedLimitChange({this=00004BFC022BED40}, {new_limit=67})
[1472:5280:0923/195910.778:ERROR:device_event_log_impl.cc(196)] [19:59:10.767] USB: usb_service_win.cc:105 SetupDiGetDeviceProperty({{A45C254E-DF1C-4EFD-8020-67D146A850E0}, 6}) failed: 요소가 없습니다. (0x490)
[1472:18424:0923/195912.507:VERBOSE1:media_stream_manager.cc(1533)] MSPL::OnSpeedLimitChange({this=00004BFC022BED40}, {new_limit=68})
[1472:18424:0923/195916.511:VERBOSE1:media_stream_manager.cc(1533)] MSPL::OnSpeedLimitChange({this=00004BFC022BED40}, {new_limit=67})
[1472:18424:0923/195917.514:VERBOSE1:media_stream_manager.cc(1533)] MSPL::OnSpeedLimitChange({this=00004BFC022BED40}, {new_limit=68})
[1472:18424:0923/195921.516:VERBOSE1:media_stream_manager.cc(1533)] MSPL::OnSpeedLimitChange({this=00004BFC022BED40}, {new_limit=69})
[1472:18424:0923/195927.520:VERBOSE1:media_stream_manager.cc(1533)] MSPL::OnSpeedLimitChange({this=00004BFC022BED40}, {new_limit=68})
[1472:18424:0923/195934.519:VERBOSE1:media_stream_manager.cc(1533)] MSPL::OnSpeedLimitChange({this=00004BFC022BED40}, {new_limit=67})
[1472:18424:0923/195935.523:VERBOSE1:media_stream_manager.cc(1533)] MSPL::OnSpeedLimitChange({this=00004BFC022BED40}, {new_limit=68})
[1472:18424:0923/195936.523:VERBOSE1:media_stream_manager.cc(1533)] MSPL::OnSpeedLimitChange({this=00004BFC022BED40}, {new_limit=69})
[1472:5280:0923/195940.176:VERBOSE1:device_event_log_impl.cc(198)] [19:59:40.176] Display: EVENT: screen_win.cc:893 Displays updated, count: 1
[1472:5280:0923/195940.176:VERBOSE1:device_event_log_impl.cc(198)] [19:59:40.176] Display: EVENT: screen_win.cc:895 Display[1795972762] bounds=[0,0 1920x1080], workarea=[0,0 1920x1032], scale=1, rotation=0, panel_rotation=0 external detected
[1472:18424:0923/195944.650:VERBOSE1:media_stream_manager.cc(1533)] MSPL::OnSpeedLimitChange({this=00004BFC022BED40}, {new_limit=68})
[1472:18424:0923/195945.657:VERBOSE1:media_stream_manager.cc(1533)] MSPL::OnSpeedLimitChange({this=00004BFC022BED40}, {new_limit=67})
[1472:18424:0923/195946.648:VERBOSE1:media_stream_manager.cc(1533)] MSPL::OnSpeedLimitChange({this=00004BFC022BED40}, {new_limit=65})
[1472:18424:0923/195948.648:VERBOSE1:media_stream_manager.cc(1533)] MSPL::OnSpeedLimitChange({this=00004BFC022BED40}, {new_limit=64})
[1472:18424:0923/195951.648:VERBOSE1:media_stream_manager.cc(1533)] MSPL::OnSpeedLimitChange({this=00004BFC022BED40}, {new_limit=66})
[1472:18424:0923/195952.649:VERBOSE1:media_stream_manager.cc(1533)] MSPL::OnSpeedLimitChange({this=00004BFC022BED40}, {new_limit=64})
[1472:18424:0923/195954.649:VERBOSE1:media_stream_manager.cc(1533)] MSPL::OnSpeedLimitChange({this=00004BFC022BED40}, {new_limit=66})
[1472:18424:0923/195955.648:VERBOSE1:media_stream_manager.cc(1533)] MSPL::OnSpeedLimitChange({this=00004BFC022BED40}, {new_limit=69})
[1472:18424:0923/195956.648:VERBOSE1:media_stream_manager.cc(1533)] MSPL::OnSpeedLimitChange({this=00004BFC022BED40}, {new_limit=100})
[4672:7044:0923/200059.323:VERBOSE1:network_delegate.cc(36)] NetworkDelegate::NotifyBeforeURLRequest: https://optimizationguide-pa.googleapis.com/v1:GetModels?key=dummytoken
[4672:7044:0923/200059.329:VERBOSE1:tls_handshaker.cc(105)] TlsClient: Continuing handshake
[4672:7044:0923/200059.329:VERBOSE1:tls_handshaker.cc(126)] TlsClient: SSL_do_handshake returned when entering early data. After retry, rv=-1, SSL_in_early_data=1
[4672:7044:0923/200059.392:VERBOSE1:tls_handshaker.cc(105)] TlsClient: Continuing handshake
[4672:7044:0923/200059.392:VERBOSE1:tls_handshaker.cc(105)] TlsClient: Continuing handshake
[4672:7044:0923/200059.392:VERBOSE1:tls_client_handshaker.cc(528)] Client: handshake finished
[1472:18424:0923/200151.667:VERBOSE1:media_stream_manager.cc(1533)] MSPL::OnSpeedLimitChange({this=00004BFC022BED40}, {new_limit=83})
[1472:18424:0923/200152.667:VERBOSE1:media_stream_manager.cc(1533)] MSPL::OnSpeedLimitChange({this=00004BFC022BED40}, {new_limit=82})
[1472:18424:0923/200155.668:VERBOSE1:media_stream_manager.cc(1533)] MSPL::OnSpeedLimitChange({this=00004BFC022BED40}, {new_limit=81})
[1472:18424:0923/200156.669:VERBOSE1:media_stream_manager.cc(1533)] MSPL::OnSpeedLimitChange({this=00004BFC022BED40}, {new_limit=79})
[1472:18424:0923/200157.668:VERBOSE1:media_stream_manager.cc(1533)] MSPL::OnSpeedLimitChange({this=00004BFC022BED40}, {new_limit=78})
[1472:18424:0923/200200.670:VERBOSE1:media_stream_manager.cc(1533)] MSPL::OnSpeedLimitChange({this=00004BFC022BED40}, {new_limit=77})
[1472:18424:0923/200201.669:VERBOSE1:media_stream_manager.cc(1533)] MSPL::OnSpeedLimitChange({this=00004BFC022BED40}, {new_limit=79})
[1472:18424:0923/200202.669:VERBOSE1:media_stream_manager.cc(1533)] MSPL::OnSpeedLimitChange({this=00004BFC022BED40}, {new_limit=80})
[1472:18424:0923/200204.670:VERBOSE1:media_stream_manager.cc(1533)] MSPL::OnSpeedLimitChange({this=00004BFC022BED40}, {new_limit=81})
[1472:18424:0923/200206.671:VERBOSE1:media_stream_manager.cc(1533)] MSPL::OnSpeedLimitChange({this=00004BFC022BED40}, {new_limit=82})
[1472:18424:0923/200207.675:VERBOSE1:media_stream_manager.cc(1533)] MSPL::OnSpeedLimitChange({this=00004BFC022BED40}, {new_limit=83})
[1472:18424:0923/200209.672:VERBOSE1:media_stream_manager.cc(1533)] MSPL::OnSpeedLimitChange({this=00004BFC022BED40}, {new_limit=84})
[1472:18424:0923/200214.672:VERBOSE1:media_stream_manager.cc(1533)] MSPL::OnSpeedLimitChange({this=00004BFC022BED40}, {new_limit=100})
[1472:18424:0923/200229.673:VERBOSE1:media_stream_manager.cc(1533)] MSPL::OnSpeedLimitChange({this=00004BFC022BED40}, {new_limit=83})
[1472:18424:0923/200231.673:VERBOSE1:media_stream_manager.cc(1533)] MSPL::OnSpeedLimitChange({this=00004BFC022BED40}, {new_limit=84})
[1472:18424:0923/200233.674:VERBOSE1:media_stream_manager.cc(1533)] MSPL::OnSpeedLimitChange({this=00004BFC022BED40}, {new_limit=83})
[1472:18424:0923/200235.674:VERBOSE1:media_stream_manager.cc(1533)] MSPL::OnSpeedLimitChange({this=00004BFC022BED40}, {new_limit=84})
[1472:18424:0923/200236.675:VERBOSE1:media_stream_manager.cc(1533)] MSPL::OnSpeedLimitChange({this=00004BFC022BED40}, {new_limit=83})
[1472:18424:0923/200237.674:VERBOSE1:media_stream_manager.cc(1533)] MSPL::OnSpeedLimitChange({this=00004BFC022BED40}, {new_limit=82})
[1472:18424:0923/200240.674:VERBOSE1:media_stream_manager.cc(1533)] MSPL::OnSpeedLimitChange({this=00004BFC022BED40}, {new_limit=81})
[1472:18424:0923/200243.675:VERBOSE1:media_stream_manager.cc(1533)] MSPL::OnSpeedLimitChange({this=00004BFC022BED40}, {new_limit=82})
[1472:18424:0923/200244.675:VERBOSE1:media_stream_manager.cc(1533)] MSPL::OnSpeedLimitChange({this=00004BFC022BED40}, {new_limit=83})
[1472:18424:0923/200245.675:VERBOSE1:media_stream_manager.cc(1533)] MSPL::OnSpeedLimitChange({this=00004BFC022BED40}, {new_limit=100})
[1472:18424:0923/200255.677:VERBOSE1:media_stream_manager.cc(1533)] MSPL::OnSpeedLimitChange({this=00004BFC022BED40}, {new_limit=84})
[1472:18424:0923/200301.677:VERBOSE1:media_stream_manager.cc(1533)] MSPL::OnSpeedLimitChange({this=00004BFC022BED40}, {new_limit=83})
[1472:18424:0923/200302.678:VERBOSE1:media_stream_manager.cc(1533)] MSPL::OnSpeedLimitChange({this=00004BFC022BED40}, {new_limit=81})
[1472:18424:0923/200303.678:VERBOSE1:media_stream_manager.cc(1533)] MSPL::OnSpeedLimitChange({this=00004BFC022BED40}, {new_limit=82})
[1472:18424:0923/200304.679:VERBOSE1:media_stream_manager.cc(1533)] MSPL::OnSpeedLimitChange({this=00004BFC022BED40}, {new_limit=100})
[1472:5280:0923/200325.074:VERBOSE1:device_event_log_impl.cc(198)] [20:03:25.074] Display: EVENT: screen_win.cc:893 Displays updated, count: 1
[1472:5280:0923/200325.074:VERBOSE1:device_event_log_impl.cc(198)] [20:03:25.074] Display: EVENT: screen_win.cc:895 Display[1795972762] bounds=[0,0 1920x1080], workarea=[0,0 1920x1032], scale=1, rotation=0, panel_rotation=0 external detected
[4672:7044:0923/200330.327:VERBOSE1:network_delegate.cc(36)] NetworkDelegate::NotifyBeforeURLRequest: https://optimizationguide-pa.googleapis.com/v1:GetModels?key=dummytoken
[4672:7044:0923/200330.333:VERBOSE1:tls_handshaker.cc(105)] TlsClient: Continuing handshake
[4672:7044:0923/200330.349:VERBOSE1:tls_handshaker.cc(105)] TlsClient: Continuing handshake
[4672:7044:0923/200330.349:VERBOSE1:tls_handshaker.cc(126)] TlsClient: SSL_do_handshake returned when entering early data. After retry, rv=-1, SSL_in_early_data=1
[4672:7044:0923/200330.394:VERBOSE1:tls_handshaker.cc(105)] TlsClient: Continuing handshake
[4672:7044:0923/200330.394:VERBOSE1:tls_handshaker.cc(105)] TlsClient: Continuing handshake
[4672:7044:0923/200330.394:VERBOSE1:tls_client_handshaker.cc(528)] Client: handshake finished
[1472:18424:0923/200343.679:VERBOSE1:media_stream_manager.cc(1533)] MSPL::OnSpeedLimitChange({this=00004BFC022BED40}, {new_limit=71})
[1472:18424:0923/200346.680:VERBOSE1:media_stream_manager.cc(1533)] MSPL::OnSpeedLimitChange({this=00004BFC022BED40}, {new_limit=70})
[1472:18424:0923/200349.688:VERBOSE1:media_stream_manager.cc(1533)] MSPL::OnSpeedLimitChange({this=00004BFC022BED40}, {new_limit=69})
[1472:18424:0923/200351.685:VERBOSE1:media_stream_manager.cc(1533)] MSPL::OnSpeedLimitChange({this=00004BFC022BED40}, {new_limit=68})
[1472:18424:0923/200353.690:VERBOSE1:media_stream_manager.cc(1533)] MSPL::OnSpeedLimitChange({this=00004BFC022BED40}, {new_limit=69})
[1472:18424:0923/200355.691:VERBOSE1:media_stream_manager.cc(1533)] MSPL::OnSpeedLimitChange({this=00004BFC022BED40}, {new_limit=68})
[1472:18424:0923/200356.696:VERBOSE1:media_stream_manager.cc(1533)] MSPL::OnSpeedLimitChange({this=00004BFC022BED40}, {new_limit=69})
[1472:18424:0923/200357.689:VERBOSE1:media_stream_manager.cc(1533)] MSPL::OnSpeedLimitChange({this=00004BFC022BED40}, {new_limit=70})
[1472:18424:0923/200400.691:VERBOSE1:media_stream_manager.cc(1533)] MSPL::OnSpeedLimitChange({this=00004BFC022BED40}, {new_limit=69})
[1472:18424:0923/200404.693:VERBOSE1:media_stream_manager.cc(1533)] MSPL::OnSpeedLimitChange({this=00004BFC022BED40}, {new_limit=68})
[1472:18424:0923/200405.695:VERBOSE1:media_stream_manager.cc(1533)] MSPL::OnSpeedLimitChange({this=00004BFC022BED40}, {new_limit=69})
[1472:18424:0923/200406.689:VERBOSE1:media_stream_manager.cc(1533)] MSPL::OnSpeedLimitChange({this=00004BFC022BED40}, {new_limit=68})
[1472:18424:0923/200409.696:VERBOSE1:media_stream_manager.cc(1533)] MSPL::OnSpeedLimitChange({this=00004BFC022BED40}, {new_limit=67})
[1472:18424:0923/200411.806:VERBOSE1:media_stream_manager.cc(1533)] MSPL::OnSpeedLimitChange({this=00004BFC022BED40}, {new_limit=69})
[1472:18424:0923/200412.804:VERBOSE1:media_stream_manager.cc(1533)] MSPL::OnSpeedLimitChange({this=00004BFC022BED40}, {new_limit=70})
[1472:18424:0923/200414.805:VERBOSE1:media_stream_manager.cc(1533)] MSPL::OnSpeedLimitChange({this=00004BFC022BED40}, {new_limit=72})
[1472:18424:0923/200415.805:VERBOSE1:media_stream_manager.cc(1533)] MSPL::OnSpeedLimitChange({this=00004BFC022BED40}, {new_limit=73})
[1472:18424:0923/200416.805:VERBOSE1:media_stream_manager.cc(1533)] MSPL::OnSpeedLimitChange({this=00004BFC022BED40}, {new_limit=74})
[1472:18424:0923/200417.804:VERBOSE1:media_stream_manager.cc(1533)] MSPL::OnSpeedLimitChange({this=00004BFC022BED40}, {new_limit=100})
[1472:18424:0923/200427.808:VERBOSE1:media_stream_manager.cc(1533)] MSPL::OnSpeedLimitChange({this=00004BFC022BED40}, {new_limit=83})
[1472:18424:0923/200429.809:VERBOSE1:media_stream_manager.cc(1533)] MSPL::OnSpeedLimitChange({this=00004BFC022BED40}, {new_limit=100})
[1472:18424:0923/200453.812:VERBOSE1:media_stream_manager.cc(1533)] MSPL::OnSpeedLimitChange({this=00004BFC022BED40}, {new_limit=81})
[1472:18424:0923/200456.812:VERBOSE1:media_stream_manager.cc(1533)] MSPL::OnSpeedLimitChange({this=00004BFC022BED40}, {new_limit=82})
[1472:18424:0923/200458.812:VERBOSE1:media_stream_manager.cc(1533)] MSPL::OnSpeedLimitChange({this=00004BFC022BED40}, {new_limit=100})
[1472:18424:0923/200508.813:VERBOSE1:media_stream_manager.cc(1533)] MSPL::OnSpeedLimitChange({this=00004BFC022BED40}, {new_limit=82})
[1472:18424:0923/200509.815:VERBOSE1:media_stream_manager.cc(1533)] MSPL::OnSpeedLimitChange({this=00004BFC022BED40}, {new_limit=83})
[1472:18424:0923/200511.815:VERBOSE1:media_stream_manager.cc(1533)] MSPL::OnSpeedLimitChange({this=00004BFC022BED40}, {new_limit=82})
[1472:18424:0923/200512.815:VERBOSE1:media_stream_manager.cc(1533)] MSPL::OnSpeedLimitChange({this=00004BFC022BED40}, {new_limit=100})
[1472:18424:0923/200559.820:VERBOSE1:media_stream_manager.cc(1533)] MSPL::OnSpeedLimitChange({this=00004BFC022BED40}, {new_limit=87})
[1472:18424:0923/200601.820:VERBOSE1:media_stream_manager.cc(1533)] MSPL::OnSpeedLimitChange({this=00004BFC022BED40}, {new_limit=86})
[4672:7044:0923/200602.153:VERBOSE1:network_delegate.cc(36)] NetworkDelegate::NotifyBeforeURLRequest: https://optimizationguide-pa.googleapis.com/v1:GetModels?key=dummytoken
[4672:7044:0923/200602.159:VERBOSE1:tls_handshaker.cc(105)] TlsClient: Continuing handshake
[4672:7044:0923/200602.159:VERBOSE1:tls_handshaker.cc(126)] TlsClient: SSL_do_handshake returned when entering early data. After retry, rv=-1, SSL_in_early_data=1
[4672:7044:0923/200602.223:VERBOSE1:tls_handshaker.cc(105)] TlsClient: Continuing handshake
[4672:7044:0923/200602.223:VERBOSE1:tls_handshaker.cc(105)] TlsClient: Continuing handshake
[4672:7044:0923/200602.223:VERBOSE1:tls_client_handshaker.cc(528)] Client: handshake finished
[1472:18424:0923/200604.820:VERBOSE1:media_stream_manager.cc(1533)] MSPL::OnSpeedLimitChange({this=00004BFC022BED40}, {new_limit=100})
[1472:18424:0923/200638.825:VERBOSE1:media_stream_manager.cc(1533)] MSPL::OnSpeedLimitChange({this=00004BFC022BED40}, {new_limit=82})
[1472:18424:0923/200645.827:VERBOSE1:media_stream_manager.cc(1533)] MSPL::OnSpeedLimitChange({this=00004BFC022BED40}, {new_limit=81})
[1472:18424:0923/200647.827:VERBOSE1:media_stream_manager.cc(1533)] MSPL::OnSpeedLimitChange({this=00004BFC022BED40}, {new_limit=80})
[1472:18424:0923/200651.827:VERBOSE1:media_stream_manager.cc(1533)] MSPL::OnSpeedLimitChange({this=00004BFC022BED40}, {new_limit=100})
[1472:18424:0923/200804.835:VERBOSE1:media_stream_manager.cc(1533)] MSPL::OnSpeedLimitChange({this=00004BFC022BED40}, {new_limit=86})
[1472:18424:0923/200806.168:VERBOSE1:media_stream_manager.cc(1533)] MSPL::OnSpeedLimitChange({this=00004BFC022BED40}, {new_limit=85})
[1472:18424:0923/200807.169:VERBOSE1:media_stream_manager.cc(1533)] MSPL::OnSpeedLimitChange({this=00004BFC022BED40}, {new_limit=87})
[1472:18424:0923/200810.170:VERBOSE1:media_stream_manager.cc(1533)] MSPL::OnSpeedLimitChange({this=00004BFC022BED40}, {new_limit=86})
[1472:18424:0923/200815.169:VERBOSE1:media_stream_manager.cc(1533)] MSPL::OnSpeedLimitChange({this=00004BFC022BED40}, {new_limit=85})
[1472:18424:0923/200817.171:VERBOSE1:media_stream_manager.cc(1533)] MSPL::OnSpeedLimitChange({this=00004BFC022BED40}, {new_limit=82})
[1472:18424:0923/200818.173:VERBOSE1:media_stream_manager.cc(1533)] MSPL::OnSpeedLimitChange({this=00004BFC022BED40}, {new_limit=80})
[1472:18424:0923/200819.171:VERBOSE1:media_stream_manager.cc(1533)] MSPL::OnSpeedLimitChange({this=00004BFC022BED40}, {new_limit=78})
[1472:18424:0923/200820.170:VERBOSE1:media_stream_manager.cc(1533)] MSPL::OnSpeedLimitChange({this=00004BFC022BED40}, {new_limit=76})
[1472:18424:0923/200821.171:VERBOSE1:media_stream_manager.cc(1533)] MSPL::OnSpeedLimitChange({this=00004BFC022BED40}, {new_limit=75})
[1472:18424:0923/200822.170:VERBOSE1:media_stream_manager.cc(1533)] MSPL::OnSpeedLimitChange({this=00004BFC022BED40}, {new_limit=73})
[1472:18424:0923/200823.175:VERBOSE1:media_stream_manager.cc(1533)] MSPL::OnSpeedLimitChange({this=00004BFC022BED40}, {new_limit=70})
[1472:18424:0923/200824.175:VERBOSE1:media_stream_manager.cc(1533)] MSPL::OnSpeedLimitChange({this=00004BFC022BED40}, {new_limit=69})
[1472:18424:0923/200826.172:VERBOSE1:media_stream_manager.cc(1533)] MSPL::OnSpeedLimitChange({this=00004BFC022BED40}, {new_limit=68})
[1472:18424:0923/200827.170:VERBOSE1:media_stream_manager.cc(1533)] MSPL::OnSpeedLimitChange({this=00004BFC022BED40}, {new_limit=69})
[1472:18424:0923/200828.170:VERBOSE1:media_stream_manager.cc(1533)] MSPL::OnSpeedLimitChange({this=00004BFC022BED40}, {new_limit=71})
[1472:18424:0923/200829.171:VERBOSE1:media_stream_manager.cc(1533)] MSPL::OnSpeedLimitChange({this=00004BFC022BED40}, {new_limit=73})
[1472:18424:0923/200830.171:VERBOSE1:media_stream_manager.cc(1533)] MSPL::OnSpeedLimitChange({this=00004BFC022BED40}, {new_limit=74})
[1472:18424:0923/200832.174:VERBOSE1:media_stream_manager.cc(1533)] MSPL::OnSpeedLimitChange({this=00004BFC022BED40}, {new_limit=76})
[1472:18424:0923/200834.171:VERBOSE1:media_stream_manager.cc(1533)] MSPL::OnSpeedLimitChange({this=00004BFC022BED40}, {new_limit=78})
[1472:18424:0923/200835.172:VERBOSE1:media_stream_manager.cc(1533)] MSPL::OnSpeedLimitChange({this=00004BFC022BED40}, {new_limit=79})
[1472:18424:0923/200836.174:VERBOSE1:media_stream_manager.cc(1533)] MSPL::OnSpeedLimitChange({this=00004BFC022BED40}, {new_limit=78})
[1472:18424:0923/200838.173:VERBOSE1:media_stream_manager.cc(1533)] MSPL::OnSpeedLimitChange({this=00004BFC022BED40}, {new_limit=77})
[1472:18424:0923/200839.172:VERBOSE1:media_stream_manager.cc(1533)] MSPL::OnSpeedLimitChange({this=00004BFC022BED40}, {new_limit=78})
[1472:18424:0923/200840.173:VERBOSE1:media_stream_manager.cc(1533)] MSPL::OnSpeedLimitChange({this=00004BFC022BED40}, {new_limit=77})
[1472:18424:0923/200841.172:VERBOSE1:media_stream_manager.cc(1533)] MSPL::OnSpeedLimitChange({this=00004BFC022BED40}, {new_limit=78})
[1472:18424:0923/200843.172:VERBOSE1:media_stream_manager.cc(1533)] MSPL::OnSpeedLimitChange({this=00004BFC022BED40}, {new_limit=79})
[1472:18424:0923/200844.172:VERBOSE1:media_stream_manager.cc(1533)] MSPL::OnSpeedLimitChange({this=00004BFC022BED40}, {new_limit=78})
[1472:18424:0923/200845.173:VERBOSE1:media_stream_manager.cc(1533)] MSPL::OnSpeedLimitChange({this=00004BFC022BED40}, {new_limit=77})
[1472:18424:0923/200846.172:VERBOSE1:media_stream_manager.cc(1533)] MSPL::OnSpeedLimitChange({this=00004BFC022BED40}, {new_limit=76})
[1472:18424:0923/200847.173:VERBOSE1:media_stream_manager.cc(1533)] MSPL::OnSpeedLimitChange({this=00004BFC022BED40}, {new_limit=77})
[1472:18424:0923/200848.173:VERBOSE1:media_stream_manager.cc(1533)] MSPL::OnSpeedLimitChange({this=00004BFC022BED40}, {new_limit=78})
[1472:18424:0923/200849.172:VERBOSE1:media_stream_manager.cc(1533)] MSPL::OnSpeedLimitChange({this=00004BFC022BED40}, {new_limit=77})
[1472:18424:0923/200850.172:VERBOSE1:media_stream_manager.cc(1533)] MSPL::OnSpeedLimitChange({this=00004BFC022BED40}, {new_limit=78})
[4672:7044:0923/200851.838:VERBOSE1:network_delegate.cc(36)] NetworkDelegate::NotifyBeforeURLRequest: https://optimizationguide-pa.googleapis.com/v1:GetModels?key=dummytoken
[4672:7044:0923/200851.845:VERBOSE1:tls_handshaker.cc(105)] TlsClient: Continuing handshake
[4672:7044:0923/200851.845:VERBOSE1:tls_handshaker.cc(126)] TlsClient: SSL_do_handshake returned when entering early data. After retry, rv=-1, SSL_in_early_data=1
[4672:7044:0923/200851.923:VERBOSE1:tls_handshaker.cc(105)] TlsClient: Continuing handshake
[4672:7044:0923/200851.923:VERBOSE1:tls_handshaker.cc(105)] TlsClient: Continuing handshake
[4672:7044:0923/200851.923:VERBOSE1:tls_client_handshaker.cc(528)] Client: handshake finished
[1472:18424:0923/200853.172:VERBOSE1:media_stream_manager.cc(1533)] MSPL::OnSpeedLimitChange({this=00004BFC022BED40}, {new_limit=79})
[1472:18424:0923/200854.172:VERBOSE1:media_stream_manager.cc(1533)] MSPL::OnSpeedLimitChange({this=00004BFC022BED40}, {new_limit=80})
[1472:18424:0923/200855.173:VERBOSE1:media_stream_manager.cc(1533)] MSPL::OnSpeedLimitChange({this=00004BFC022BED40}, {new_limit=81})
[1472:18424:0923/200856.173:VERBOSE1:media_stream_manager.cc(1533)] MSPL::OnSpeedLimitChange({this=00004BFC022BED40}, {new_limit=83})
[1472:18424:0923/200858.174:VERBOSE1:media_stream_manager.cc(1533)] MSPL::OnSpeedLimitChange({this=00004BFC022BED40}, {new_limit=84})
[1472:18424:0923/200900.173:VERBOSE1:media_stream_manager.cc(1533)] MSPL::OnSpeedLimitChange({this=00004BFC022BED40}, {new_limit=85})
[1472:18424:0923/200901.173:VERBOSE1:media_stream_manager.cc(1533)] MSPL::OnSpeedLimitChange({this=00004BFC022BED40}, {new_limit=84})
[1472:18424:0923/200902.175:VERBOSE1:media_stream_manager.cc(1533)] MSPL::OnSpeedLimitChange({this=00004BFC022BED40}, {new_limit=85})
[1472:18424:0923/200903.174:VERBOSE1:media_stream_manager.cc(1533)] MSPL::OnSpeedLimitChange({this=00004BFC022BED40}, {new_limit=84})
[1472:18424:0923/200904.177:VERBOSE1:media_stream_manager.cc(1533)] MSPL::OnSpeedLimitChange({this=00004BFC022BED40}, {new_limit=83})
[1472:18424:0923/200905.174:VERBOSE1:media_stream_manager.cc(1533)] MSPL::OnSpeedLimitChange({this=00004BFC022BED40}, {new_limit=82})
[1472:18424:0923/200906.176:VERBOSE1:media_stream_manager.cc(1533)] MSPL::OnSpeedLimitChange({this=00004BFC022BED40}, {new_limit=81})
[1472:18424:0923/200907.178:VERBOSE1:media_stream_manager.cc(1533)] MSPL::OnSpeedLimitChange({this=00004BFC022BED40}, {new_limit=82})
[1472:18424:0923/200908.175:VERBOSE1:media_stream_manager.cc(1533)] MSPL::OnSpeedLimitChange({this=00004BFC022BED40}, {new_limit=81})
[1472:18424:0923/200909.175:VERBOSE1:media_stream_manager.cc(1533)] MSPL::OnSpeedLimitChange({this=00004BFC022BED40}, {new_limit=80})
[1472:18424:0923/200910.175:VERBOSE1:media_stream_manager.cc(1533)] MSPL::OnSpeedLimitChange({this=00004BFC022BED40}, {new_limit=79})
[1472:18424:0923/200914.177:VERBOSE1:media_stream_manager.cc(1533)] MSPL::OnSpeedLimitChange({this=00004BFC022BED40}, {new_limit=80})
[1472:18424:0923/200917.178:VERBOSE1:media_stream_manager.cc(1533)] MSPL::OnSpeedLimitChange({this=00004BFC022BED40}, {new_limit=78})
[1472:18424:0923/200918.177:VERBOSE1:media_stream_manager.cc(1533)] MSPL::OnSpeedLimitChange({this=00004BFC022BED40}, {new_limit=77})
[1472:18424:0923/200919.177:VERBOSE1:media_stream_manager.cc(1533)] MSPL::OnSpeedLimitChange({this=00004BFC022BED40}, {new_limit=79})
[1472:18424:0923/200921.177:VERBOSE1:media_stream_manager.cc(1533)] MSPL::OnSpeedLimitChange({this=00004BFC022BED40}, {new_limit=78})
[1472:18424:0923/200923.178:VERBOSE1:media_stream_manager.cc(1533)] MSPL::OnSpeedLimitChange({this=00004BFC022BED40}, {new_limit=100})
[4672:7044:0923/200933.178:VERBOSE1:network_delegate.cc(36)] NetworkDelegate::NotifyBeforeURLRequest: https://safebrowsing.googleapis.com/v4/threatListUpdates:fetch?$req=ChoKCGNocm9taXVtEg4xMjguMC42NjEzLjEzOBoMCAUQASIEIAEgAigBGgwIARABIgQgASACKAEaDAgDEAEiBCABIAIoARoMCAcQASIEIAEgAigBGgwIARAIIgQgASACKAQaDAgPEAEiBCABIAIoARoMCAkQASIEIAEgAigBIgIIAQ==&$ct=application/x-protobuf&key=dummytoken
[4672:7044:0923/200933.185:VERBOSE1:tls_handshaker.cc(105)] TlsClient: Continuing handshake
[4672:7044:0923/200933.244:VERBOSE1:tls_handshaker.cc(105)] TlsClient: Continuing handshake
[4672:7044:0923/200933.846:VERBOSE1:tls_handshaker.cc(105)] TlsClient: Continuing handshake
[4672:7044:0923/200933.846:VERBOSE1:tls_handshaker.cc(126)] TlsClient: SSL_do_handshake returned when entering early data. After retry, rv=-1, SSL_in_early_data=1
[4672:7044:0923/200933.847:VERBOSE1:tls_handshaker.cc(105)] TlsClient: Continuing handshake
[4672:7044:0923/200933.847:VERBOSE1:tls_client_handshaker.cc(528)] Client: handshake finished
[1472:5280:0923/201056.428:VERBOSE1:device_event_log_impl.cc(198)] [20:10:56.427] Display: EVENT: screen_win.cc:893 Displays updated, count: 1
[1472:5280:0923/201056.428:VERBOSE1:device_event_log_impl.cc(198)] [20:10:56.427] Display: EVENT: screen_win.cc:895 Display[1795972762] bounds=[0,0 1920x1080], workarea=[0,0 1920x1032], scale=1, rotation=0, panel_rotation=0 external detected
[1472:18424:0923/201100.954:VERBOSE1:media_stream_manager.cc(1533)] MSPL::OnSpeedLimitChange({this=00004BFC022BED40}, {new_limit=76})
[1472:18424:0923/201101.957:VERBOSE1:media_stream_manager.cc(1533)] MSPL::OnSpeedLimitChange({this=00004BFC022BED40}, {new_limit=75})
[1472:18424:0923/201102.956:VERBOSE1:media_stream_manager.cc(1533)] MSPL::OnSpeedLimitChange({this=00004BFC022BED40}, {new_limit=74})
[1472:18424:0923/201103.954:VERBOSE1:media_stream_manager.cc(1533)] MSPL::OnSpeedLimitChange({this=00004BFC022BED40}, {new_limit=72})
[1472:18424:0923/201104.953:VERBOSE1:media_stream_manager.cc(1533)] MSPL::OnSpeedLimitChange({this=00004BFC022BED40}, {new_limit=70})
[1472:18424:0923/201105.961:VERBOSE1:media_stream_manager.cc(1533)] MSPL::OnSpeedLimitChange({this=00004BFC022BED40}, {new_limit=69})
[1472:18424:0923/201110.130:VERBOSE1:media_stream_manager.cc(1533)] MSPL::OnSpeedLimitChange({this=00004BFC022BED40}, {new_limit=100})
[4672:7044:0923/201151.141:VERBOSE1:network_delegate.cc(36)] NetworkDelegate::NotifyBeforeURLRequest: https://optimizationguide-pa.googleapis.com/v1:GetModels?key=dummytoken
[4672:7044:0923/201151.147:VERBOSE1:tls_handshaker.cc(105)] TlsClient: Continuing handshake
[4672:7044:0923/201151.148:VERBOSE1:tls_handshaker.cc(126)] TlsClient: SSL_do_handshake returned when entering early data. After retry, rv=-1, SSL_in_early_data=1
[4672:7044:0923/201151.233:VERBOSE1:tls_handshaker.cc(105)] TlsClient: Continuing handshake
[4672:7044:0923/201151.233:VERBOSE1:tls_handshaker.cc(105)] TlsClient: Continuing handshake
[4672:7044:0923/201151.233:VERBOSE1:tls_client_handshaker.cc(528)] Client: handshake finished
[1472:18424:0923/201309.148:VERBOSE1:media_stream_manager.cc(1533)] MSPL::OnSpeedLimitChange({this=00004BFC022BED40}, {new_limit=87})
[1472:18424:0923/201311.148:VERBOSE1:media_stream_manager.cc(1533)] MSPL::OnSpeedLimitChange({this=00004BFC022BED40}, {new_limit=100})
[1472:18424:0923/201413.156:VERBOSE1:media_stream_manager.cc(1533)] MSPL::OnSpeedLimitChange({this=00004BFC022BED40}, {new_limit=86})
[1472:18424:0923/201415.157:VERBOSE1:media_stream_manager.cc(1533)] MSPL::OnSpeedLimitChange({this=00004BFC022BED40}, {new_limit=85})
[1472:18424:0923/201416.158:VERBOSE1:media_stream_manager.cc(1533)] MSPL::OnSpeedLimitChange({this=00004BFC022BED40}, {new_limit=83})
[1472:18424:0923/201417.159:VERBOSE1:media_stream_manager.cc(1533)] MSPL::OnSpeedLimitChange({this=00004BFC022BED40}, {new_limit=100})
[4672:7044:0923/201426.494:VERBOSE1:network_delegate.cc(36)] NetworkDelegate::NotifyBeforeURLRequest: https://optimizationguide-pa.googleapis.com/v1:GetModels?key=dummytoken
[4672:7044:0923/201426.890:VERBOSE1:tls_handshaker.cc(105)] TlsClient: Continuing handshake
[4672:7044:0923/201426.891:VERBOSE1:tls_handshaker.cc(126)] TlsClient: SSL_do_handshake returned when entering early data. After retry, rv=-1, SSL_in_early_data=1
[4672:7044:0923/201426.955:VERBOSE1:tls_handshaker.cc(105)] TlsClient: Continuing handshake
[4672:7044:0923/201426.955:VERBOSE1:tls_handshaker.cc(105)] TlsClient: Continuing handshake
[4672:7044:0923/201426.955:VERBOSE1:tls_client_handshaker.cc(528)] Client: handshake finished
[1472:18424:0923/201435.163:VERBOSE1:media_stream_manager.cc(1533)] MSPL::OnSpeedLimitChange({this=00004BFC022BED40}, {new_limit=79})
[1472:18424:0923/201437.159:VERBOSE1:media_stream_manager.cc(1533)] MSPL::OnSpeedLimitChange({this=00004BFC022BED40}, {new_limit=77})
[1472:5280:0923/201439.282:VERBOSE1:device_event_log_impl.cc(198)] [20:14:39.282] Display: EVENT: screen_win.cc:893 Displays updated, count: 1
[1472:5280:0923/201439.282:VERBOSE1:device_event_log_impl.cc(198)] [20:14:39.282] Display: EVENT: screen_win.cc:895 Display[1795972762] bounds=[0,0 1920x1080], workarea=[0,0 1920x1032], scale=1, rotation=0, panel_rotation=0 external detected
[1472:18424:0923/201444.092:VERBOSE1:media_stream_manager.cc(1533)] MSPL::OnSpeedLimitChange({this=00004BFC022BED40}, {new_limit=100})
[1472:18424:0923/201508.213:VERBOSE1:cast_message_handler.cc(362)] OnMessage: channel_id: 1, message: {source_id: receiver-0, destination_id: *, namespace: urn:x-cast:com.google.cast.receiver, payload_utf8: {"requestId":0,"status":{"isActiveInput":true,"isStandBy":false,"userEq":{},"volume":{"controlType":"attenuation","level":0.3333333432674408,"muted":false,"stepInterval":0.06666667014360428}},"type":"RECEIVER_STATUS"}}
[4672:7044:0923/201725.116:VERBOSE1:network_delegate.cc(36)] NetworkDelegate::NotifyBeforeURLRequest: https://optimizationguide-pa.googleapis.com/v1:GetModels?key=dummytoken
[4672:7044:0923/201725.122:VERBOSE1:tls_handshaker.cc(105)] TlsClient: Continuing handshake
[4672:7044:0923/201725.122:VERBOSE1:tls_handshaker.cc(126)] TlsClient: SSL_do_handshake returned when entering early data. After retry, rv=-1, SSL_in_early_data=1
[4672:7044:0923/201725.185:VERBOSE1:tls_handshaker.cc(105)] TlsClient: Continuing handshake
[4672:7044:0923/201725.185:VERBOSE1:tls_handshaker.cc(105)] TlsClient: Continuing handshake
[4672:7044:0923/201725.185:VERBOSE1:tls_client_handshaker.cc(528)] Client: handshake finished
[1472:18424:0923/201917.472:VERBOSE1:media_stream_manager.cc(1533)] MSPL::OnSpeedLimitChange({this=00004BFC022BED40}, {new_limit=81})
[1472:18424:0923/201918.471:VERBOSE1:media_stream_manager.cc(1533)] MSPL::OnSpeedLimitChange({this=00004BFC022BED40}, {new_limit=82})
[1472:18424:0923/201919.467:VERBOSE1:media_stream_manager.cc(1533)] MSPL::OnSpeedLimitChange({this=00004BFC022BED40}, {new_limit=81})
[1472:18424:0923/201922.467:VERBOSE1:media_stream_manager.cc(1533)] MSPL::OnSpeedLimitChange({this=00004BFC022BED40}, {new_limit=80})
[1472:18424:0923/201923.468:VERBOSE1:media_stream_manager.cc(1533)] MSPL::OnSpeedLimitChange({this=00004BFC022BED40}, {new_limit=79})
[1472:18424:0923/201927.468:VERBOSE1:media_stream_manager.cc(1533)] MSPL::OnSpeedLimitChange({this=00004BFC022BED40}, {new_limit=80})
[1472:18424:0923/201933.468:VERBOSE1:media_stream_manager.cc(1533)] MSPL::OnSpeedLimitChange({this=00004BFC022BED40}, {new_limit=81})
[1472:18424:0923/201935.468:VERBOSE1:media_stream_manager.cc(1533)] MSPL::OnSpeedLimitChange({this=00004BFC022BED40}, {new_limit=79})
[1472:18424:0923/201936.468:VERBOSE1:media_stream_manager.cc(1533)] MSPL::OnSpeedLimitChange({this=00004BFC022BED40}, {new_limit=100})
[1472:18424:0923/201955.471:VERBOSE1:media_stream_manager.cc(1533)] MSPL::OnSpeedLimitChange({this=00004BFC022BED40}, {new_limit=73})
[1472:18424:0923/201956.472:VERBOSE1:media_stream_manager.cc(1533)] MSPL::OnSpeedLimitChange({this=00004BFC022BED40}, {new_limit=72})
[1472:18424:0923/201959.472:VERBOSE1:media_stream_manager.cc(1533)] MSPL::OnSpeedLimitChange({this=00004BFC022BED40}, {new_limit=73})
[1472:18424:0923/202000.472:VERBOSE1:media_stream_manager.cc(1533)] MSPL::OnSpeedLimitChange({this=00004BFC022BED40}, {new_limit=74})
[1472:18424:0923/202001.472:VERBOSE1:media_stream_manager.cc(1533)] MSPL::OnSpeedLimitChange({this=00004BFC022BED40}, {new_limit=75})
[1472:18424:0923/202002.472:VERBOSE1:media_stream_manager.cc(1533)] MSPL::OnSpeedLimitChange({this=00004BFC022BED40}, {new_limit=73})
[1472:18424:0923/202003.473:VERBOSE1:media_stream_manager.cc(1533)] MSPL::OnSpeedLimitChange({this=00004BFC022BED40}, {new_limit=74})
[1472:18424:0923/202004.473:VERBOSE1:media_stream_manager.cc(1533)] MSPL::OnSpeedLimitChange({this=00004BFC022BED40}, {new_limit=75})
[1472:18424:0923/202005.473:VERBOSE1:media_stream_manager.cc(1533)] MSPL::OnSpeedLimitChange({this=00004BFC022BED40}, {new_limit=73})
[1472:18424:0923/202006.473:VERBOSE1:media_stream_manager.cc(1533)] MSPL::OnSpeedLimitChange({this=00004BFC022BED40}, {new_limit=74})
[4672:7044:0923/202007.807:VERBOSE1:network_delegate.cc(36)] NetworkDelegate::NotifyBeforeURLRequest: https://optimizationguide-pa.googleapis.com/v1:GetModels?key=dummytoken
[4672:7044:0923/202007.812:VERBOSE1:tls_handshaker.cc(105)] TlsClient: Continuing handshake
[4672:7044:0923/202007.813:VERBOSE1:tls_handshaker.cc(126)] TlsClient: SSL_do_handshake returned when entering early data. After retry, rv=-1, SSL_in_early_data=1
[4672:7044:0923/202007.874:VERBOSE1:tls_handshaker.cc(105)] TlsClient: Continuing handshake
[4672:7044:0923/202007.874:VERBOSE1:tls_handshaker.cc(105)] TlsClient: Continuing handshake
[4672:7044:0923/202007.874:VERBOSE1:tls_client_handshaker.cc(528)] Client: handshake finished
[1472:18424:0923/202008.473:VERBOSE1:media_stream_manager.cc(1533)] MSPL::OnSpeedLimitChange({this=00004BFC022BED40}, {new_limit=76})
[1472:18424:0923/202009.474:VERBOSE1:media_stream_manager.cc(1533)] MSPL::OnSpeedLimitChange({this=00004BFC022BED40}, {new_limit=75})
[1472:18424:0923/202012.474:VERBOSE1:media_stream_manager.cc(1533)] MSPL::OnSpeedLimitChange({this=00004BFC022BED40}, {new_limit=77})
[1472:18424:0923/202013.475:VERBOSE1:media_stream_manager.cc(1533)] MSPL::OnSpeedLimitChange({this=00004BFC022BED40}, {new_limit=76})
[1472:18424:0923/202014.475:VERBOSE1:media_stream_manager.cc(1533)] MSPL::OnSpeedLimitChange({this=00004BFC022BED40}, {new_limit=73})
[1472:18424:0923/202017.476:VERBOSE1:media_stream_manager.cc(1533)] MSPL::OnSpeedLimitChange({this=00004BFC022BED40}, {new_limit=72})
[1472:18424:0923/202018.476:VERBOSE1:media_stream_manager.cc(1533)] MSPL::OnSpeedLimitChange({this=00004BFC022BED40}, {new_limit=71})
[1472:18424:0923/202019.476:VERBOSE1:media_stream_manager.cc(1533)] MSPL::OnSpeedLimitChange({this=00004BFC022BED40}, {new_limit=69})
[1472:18424:0923/202021.478:VERBOSE1:media_stream_manager.cc(1533)] MSPL::OnSpeedLimitChange({this=00004BFC022BED40}, {new_limit=68})
[1472:18424:0923/202023.477:VERBOSE1:media_stream_manager.cc(1533)] MSPL::OnSpeedLimitChange({this=00004BFC022BED40}, {new_limit=100})
[1472:18424:0923/202033.478:VERBOSE1:media_stream_manager.cc(1533)] MSPL::OnSpeedLimitChange({this=00004BFC022BED40}, {new_limit=69})
[1472:18424:0923/202034.478:VERBOSE1:media_stream_manager.cc(1533)] MSPL::OnSpeedLimitChange({this=00004BFC022BED40}, {new_limit=68})
[1472:18424:0923/202035.478:VERBOSE1:media_stream_manager.cc(1533)] MSPL::OnSpeedLimitChange({this=00004BFC022BED40}, {new_limit=67})
[1472:18424:0923/202037.478:VERBOSE1:media_stream_manager.cc(1533)] MSPL::OnSpeedLimitChange({this=00004BFC022BED40}, {new_limit=66})
[1472:18424:0923/202039.479:VERBOSE1:media_stream_manager.cc(1533)] MSPL::OnSpeedLimitChange({this=00004BFC022BED40}, {new_limit=70})
[1472:18424:0923/202041.479:VERBOSE1:media_stream_manager.cc(1533)] MSPL::OnSpeedLimitChange({this=00004BFC022BED40}, {new_limit=72})
[1472:18424:0923/202042.481:VERBOSE1:media_stream_manager.cc(1533)] MSPL::OnSpeedLimitChange({this=00004BFC022BED40}, {new_limit=78})
[1472:18424:0923/202043.481:VERBOSE1:media_stream_manager.cc(1533)] MSPL::OnSpeedLimitChange({this=00004BFC022BED40}, {new_limit=79})
[1472:18424:0923/202044.481:VERBOSE1:media_stream_manager.cc(1533)] MSPL::OnSpeedLimitChange({this=00004BFC022BED40}, {new_limit=100})
[1472:18424:0923/202054.482:VERBOSE1:media_stream_manager.cc(1533)] MSPL::OnSpeedLimitChange({this=00004BFC022BED40}, {new_limit=79})
[1472:18424:0923/202055.482:VERBOSE1:media_stream_manager.cc(1533)] MSPL::OnSpeedLimitChange({this=00004BFC022BED40}, {new_limit=77})
[1472:18424:0923/202057.482:VERBOSE1:media_stream_manager.cc(1533)] MSPL::OnSpeedLimitChange({this=00004BFC022BED40}, {new_limit=78})
[1472:18424:0923/202058.482:VERBOSE1:media_stream_manager.cc(1533)] MSPL::OnSpeedLimitChange({this=00004BFC022BED40}, {new_limit=77})
[1472:18424:0923/202059.481:VERBOSE1:media_stream_manager.cc(1533)] MSPL::OnSpeedLimitChange({this=00004BFC022BED40}, {new_limit=79})
[1472:18424:0923/202100.481:VERBOSE1:media_stream_manager.cc(1533)] MSPL::OnSpeedLimitChange({this=00004BFC022BED40}, {new_limit=77})
[1472:18424:0923/202101.482:VERBOSE1:media_stream_manager.cc(1533)] MSPL::OnSpeedLimitChange({this=00004BFC022BED40}, {new_limit=75})
[1472:18424:0923/202102.482:VERBOSE1:media_stream_manager.cc(1533)] MSPL::OnSpeedLimitChange({this=00004BFC022BED40}, {new_limit=76})
[1472:18424:0923/202104.482:VERBOSE1:media_stream_manager.cc(1533)] MSPL::OnSpeedLimitChange({this=00004BFC022BED40}, {new_limit=100})
[1472:18424:0923/202122.485:VERBOSE1:media_stream_manager.cc(1533)] MSPL::OnSpeedLimitChange({this=00004BFC022BED40}, {new_limit=81})
[1472:18424:0923/202124.486:VERBOSE1:media_stream_manager.cc(1533)] MSPL::OnSpeedLimitChange({this=00004BFC022BED40}, {new_limit=80})
[1472:18424:0923/202125.487:VERBOSE1:media_stream_manager.cc(1533)] MSPL::OnSpeedLimitChange({this=00004BFC022BED40}, {new_limit=81})
[1472:18424:0923/202126.487:VERBOSE1:media_stream_manager.cc(1533)] MSPL::OnSpeedLimitChange({this=00004BFC022BED40}, {new_limit=82})
[1472:18424:0923/202128.487:VERBOSE1:media_stream_manager.cc(1533)] MSPL::OnSpeedLimitChange({this=00004BFC022BED40}, {new_limit=81})
[1472:18424:0923/202129.487:VERBOSE1:media_stream_manager.cc(1533)] MSPL::OnSpeedLimitChange({this=00004BFC022BED40}, {new_limit=82})
[1472:18424:0923/202130.488:VERBOSE1:media_stream_manager.cc(1533)] MSPL::OnSpeedLimitChange({this=00004BFC022BED40}, {new_limit=81})
[1472:18424:0923/202131.488:VERBOSE1:media_stream_manager.cc(1533)] MSPL::OnSpeedLimitChange({this=00004BFC022BED40}, {new_limit=82})
[1472:18424:0923/202132.487:VERBOSE1:media_stream_manager.cc(1533)] MSPL::OnSpeedLimitChange({this=00004BFC022BED40}, {new_limit=100})
[1472:18424:0923/202133.888:VERBOSE1:cast_message_handler.cc(362)] OnMessage: channel_id: 1, message: {source_id: receiver-0, destination_id: *, namespace: urn:x-cast:com.google.cast.receiver, payload_utf8: {"requestId":0,"status":{"isActiveInput":true,"isStandBy":false,"userEq":{},"volume":{"controlType":"attenuation","level":0.4000000059604645,"muted":false,"stepInterval":0.06666667014360428}},"type":"RECEIVER_STATUS"}}
[1472:18424:0923/202135.185:VERBOSE1:cast_message_handler.cc(362)] OnMessage: channel_id: 1, message: {source_id: receiver-0, destination_id: *, namespace: urn:x-cast:com.google.cast.receiver, payload_utf8: {"requestId":0,"status":{"isActiveInput":true,"isStandBy":false,"userEq":{},"volume":{"controlType":"attenuation","level":0.46666666865348816,"muted":false,"stepInterval":0.06666667014360428}},"type":"RECEIVER_STATUS"}}
[1472:18424:0923/202201.495:VERBOSE1:media_stream_manager.cc(1533)] MSPL::OnSpeedLimitChange({this=00004BFC022BED40}, {new_limit=84})
[1472:18424:0923/202206.494:VERBOSE1:media_stream_manager.cc(1533)] MSPL::OnSpeedLimitChange({this=00004BFC022BED40}, {new_limit=100})
[4672:7044:0923/202305.833:VERBOSE1:network_delegate.cc(36)] NetworkDelegate::NotifyBeforeURLRequest: https://optimizationguide-pa.googleapis.com/v1:GetModels?key=dummytoken
[4672:7044:0923/202305.840:VERBOSE1:tls_handshaker.cc(105)] TlsClient: Continuing handshake
[4672:7044:0923/202305.841:VERBOSE1:tls_handshaker.cc(126)] TlsClient: SSL_do_handshake returned when entering early data. After retry, rv=-1, SSL_in_early_data=1
[4672:7044:0923/202305.903:VERBOSE1:tls_handshaker.cc(105)] TlsClient: Continuing handshake
[4672:7044:0923/202305.903:VERBOSE1:tls_handshaker.cc(105)] TlsClient: Continuing handshake
[4672:7044:0923/202305.903:VERBOSE1:tls_client_handshaker.cc(528)] Client: handshake finished
[4672:7044:0923/202550.528:VERBOSE1:network_delegate.cc(36)] NetworkDelegate::NotifyBeforeURLRequest: https://optimizationguide-pa.googleapis.com/v1:GetModels?key=dummytoken
[4672:7044:0923/202550.551:VERBOSE1:tls_handshaker.cc(105)] TlsClient: Continuing handshake
[4672:7044:0923/202550.551:VERBOSE1:tls_handshaker.cc(126)] TlsClient: SSL_do_handshake returned when entering early data. After retry, rv=-1, SSL_in_early_data=1
[4672:7044:0923/202550.634:VERBOSE1:tls_handshaker.cc(105)] TlsClient: Continuing handshake
[4672:7044:0923/202550.634:VERBOSE1:tls_handshaker.cc(105)] TlsClient: Continuing handshake
[4672:7044:0923/202550.634:VERBOSE1:tls_client_handshaker.cc(528)] Client: handshake finished
[4672:7044:0923/202830.217:VERBOSE1:network_delegate.cc(36)] NetworkDelegate::NotifyBeforeURLRequest: https://optimizationguide-pa.googleapis.com/v1:GetModels?key=dummytoken
[4672:7044:0923/202830.222:VERBOSE1:tls_handshaker.cc(105)] TlsClient: Continuing handshake
[4672:7044:0923/202830.223:VERBOSE1:tls_handshaker.cc(126)] TlsClient: SSL_do_handshake returned when entering early data. After retry, rv=-1, SSL_in_early_data=1
[4672:7044:0923/202830.310:VERBOSE1:tls_handshaker.cc(105)] TlsClient: Continuing handshake
[4672:7044:0923/202830.310:VERBOSE1:tls_handshaker.cc(105)] TlsClient: Continuing handshake
[4672:7044:0923/202830.310:VERBOSE1:tls_client_handshaker.cc(528)] Client: handshake finished
[1472:18424:0923/202953.899:VERBOSE1:media_stream_manager.cc(1533)] MSPL::OnSpeedLimitChange({this=00004BFC022BED40}, {new_limit=83})
[1472:18424:0923/202954.899:VERBOSE1:media_stream_manager.cc(1533)] MSPL::OnSpeedLimitChange({this=00004BFC022BED40}, {new_limit=84})
[1472:18424:0923/202955.900:VERBOSE1:media_stream_manager.cc(1533)] MSPL::OnSpeedLimitChange({this=00004BFC022BED40}, {new_limit=100})
[1472:18424:0923/203014.905:VERBOSE1:media_stream_manager.cc(1533)] MSPL::OnSpeedLimitChange({this=00004BFC022BED40}, {new_limit=81})
[1472:18424:0923/203015.905:VERBOSE1:media_stream_manager.cc(1533)] MSPL::OnSpeedLimitChange({this=00004BFC022BED40}, {new_limit=82})
[1472:18424:0923/203016.905:VERBOSE1:media_stream_manager.cc(1533)] MSPL::OnSpeedLimitChange({this=00004BFC022BED40}, {new_limit=84})
[1472:18424:0923/203020.905:VERBOSE1:media_stream_manager.cc(1533)] MSPL::OnSpeedLimitChange({this=00004BFC022BED40}, {new_limit=85})
[1472:18424:0923/203023.904:VERBOSE1:media_stream_manager.cc(1533)] MSPL::OnSpeedLimitChange({this=00004BFC022BED40}, {new_limit=84})
[1472:18424:0923/203025.905:VERBOSE1:media_stream_manager.cc(1533)] MSPL::OnSpeedLimitChange({this=00004BFC022BED40}, {new_limit=85})
[1472:18424:0923/203026.906:VERBOSE1:media_stream_manager.cc(1533)] MSPL::OnSpeedLimitChange({this=00004BFC022BED40}, {new_limit=84})
[1472:18424:0923/203029.921:VERBOSE1:media_stream_manager.cc(1533)] MSPL::OnSpeedLimitChange({this=00004BFC022BED40}, {new_limit=83})
[1472:18424:0923/203031.922:VERBOSE1:media_stream_manager.cc(1533)] MSPL::OnSpeedLimitChange({this=00004BFC022BED40}, {new_limit=100})
[1472:18424:0923/203052.924:VERBOSE1:media_stream_manager.cc(1533)] MSPL::OnSpeedLimitChange({this=00004BFC022BED40}, {new_limit=82})
[1472:18424:0923/203053.924:VERBOSE1:media_stream_manager.cc(1533)] MSPL::OnSpeedLimitChange({this=00004BFC022BED40}, {new_limit=83})
[1472:18424:0923/203054.924:VERBOSE1:media_stream_manager.cc(1533)] MSPL::OnSpeedLimitChange({this=00004BFC022BED40}, {new_limit=84})
[1472:18424:0923/203055.925:VERBOSE1:media_stream_manager.cc(1533)] MSPL::OnSpeedLimitChange({this=00004BFC022BED40}, {new_limit=85})
[1472:18424:0923/203056.925:VERBOSE1:media_stream_manager.cc(1533)] MSPL::OnSpeedLimitChange({this=00004BFC022BED40}, {new_limit=86})
[1472:18424:0923/203057.925:VERBOSE1:media_stream_manager.cc(1533)] MSPL::OnSpeedLimitChange({this=00004BFC022BED40}, {new_limit=100})
[4672:7044:0923/203121.927:VERBOSE1:network_delegate.cc(36)] NetworkDelegate::NotifyBeforeURLRequest: https://optimizationguide-pa.googleapis.com/v1:GetModels?key=dummytoken
[4672:7044:0923/203121.933:VERBOSE1:tls_handshaker.cc(105)] TlsClient: Continuing handshake
[4672:7044:0923/203121.933:VERBOSE1:tls_handshaker.cc(126)] TlsClient: SSL_do_handshake returned when entering early data. After retry, rv=-1, SSL_in_early_data=1
[4672:7044:0923/203121.995:VERBOSE1:tls_handshaker.cc(105)] TlsClient: Continuing handshake
[4672:7044:0923/203121.995:VERBOSE1:tls_handshaker.cc(105)] TlsClient: Continuing handshake
[4672:7044:0923/203121.995:VERBOSE1:tls_client_handshaker.cc(528)] Client: handshake finished
[1472:18424:0923/203157.931:VERBOSE1:media_stream_manager.cc(1533)] MSPL::OnSpeedLimitChange({this=00004BFC022BED40}, {new_limit=83})
[1472:18424:0923/203201.931:VERBOSE1:media_stream_manager.cc(1533)] MSPL::OnSpeedLimitChange({this=00004BFC022BED40}, {new_limit=84})
[1472:18424:0923/203205.931:VERBOSE1:media_stream_manager.cc(1533)] MSPL::OnSpeedLimitChange({this=00004BFC022BED40}, {new_limit=83})
[1472:18424:0923/203206.932:VERBOSE1:media_stream_manager.cc(1533)] MSPL::OnSpeedLimitChange({this=00004BFC022BED40}, {new_limit=82})
[1472:18424:0923/203207.932:VERBOSE1:media_stream_manager.cc(1533)] MSPL::OnSpeedLimitChange({this=00004BFC022BED40}, {new_limit=100})
[1472:18424:0923/203217.934:VERBOSE1:media_stream_manager.cc(1533)] MSPL::OnSpeedLimitChange({this=00004BFC022BED40}, {new_limit=84})
[1472:18424:0923/203219.937:VERBOSE1:media_stream_manager.cc(1533)] MSPL::OnSpeedLimitChange({this=00004BFC022BED40}, {new_limit=83})
[1472:18424:0923/203221.934:VERBOSE1:media_stream_manager.cc(1533)] MSPL::OnSpeedLimitChange({this=00004BFC022BED40}, {new_limit=81})
[1472:18424:0923/203222.934:VERBOSE1:media_stream_manager.cc(1533)] MSPL::OnSpeedLimitChange({this=00004BFC022BED40}, {new_limit=79})
[1472:18424:0923/203223.934:VERBOSE1:media_stream_manager.cc(1533)] MSPL::OnSpeedLimitChange({this=00004BFC022BED40}, {new_limit=78})
[1472:18424:0923/203224.934:VERBOSE1:media_stream_manager.cc(1533)] MSPL::OnSpeedLimitChange({this=00004BFC022BED40}, {new_limit=77})
[1472:18424:0923/203226.935:VERBOSE1:media_stream_manager.cc(1533)] MSPL::OnSpeedLimitChange({this=00004BFC022BED40}, {new_limit=79})
[1472:18424:0923/203228.936:VERBOSE1:media_stream_manager.cc(1533)] MSPL::OnSpeedLimitChange({this=00004BFC022BED40}, {new_limit=78})
[1472:18424:0923/203229.935:VERBOSE1:media_stream_manager.cc(1533)] MSPL::OnSpeedLimitChange({this=00004BFC022BED40}, {new_limit=79})
[1472:18424:0923/203230.936:VERBOSE1:media_stream_manager.cc(1533)] MSPL::OnSpeedLimitChange({this=00004BFC022BED40}, {new_limit=100})
[1472:5280:0923/203231.904:VERBOSE1:device_event_log_impl.cc(198)] [20:32:31.905] Display: EVENT: screen_win.cc:893 Displays updated, count: 1
[1472:5280:0923/203231.905:VERBOSE1:device_event_log_impl.cc(198)] [20:32:31.905] Display: EVENT: screen_win.cc:895 Display[1795972762] bounds=[0,0 1920x1080], workarea=[0,0 1920x1032], scale=1, rotation=0, panel_rotation=0 external detected
[1472:18424:0923/203253.991:VERBOSE1:media_stream_manager.cc(1533)] MSPL::OnSpeedLimitChange({this=00004BFC022BED40}, {new_limit=85})
[1472:18424:0923/203254.991:VERBOSE1:media_stream_manager.cc(1533)] MSPL::OnSpeedLimitChange({this=00004BFC022BED40}, {new_limit=84})
[1472:18424:0923/203255.991:VERBOSE1:media_stream_manager.cc(1533)] MSPL::OnSpeedLimitChange({this=00004BFC022BED40}, {new_limit=83})
[1472:18424:0923/203259.991:VERBOSE1:media_stream_manager.cc(1533)] MSPL::OnSpeedLimitChange({this=00004BFC022BED40}, {new_limit=100})
[4672:7044:0923/203353.669:VERBOSE1:network_delegate.cc(36)] NetworkDelegate::NotifyBeforeURLRequest: https://optimizationguide-pa.googleapis.com/v1:GetModels?key=dummytoken
[4672:7044:0923/203353.675:VERBOSE1:tls_handshaker.cc(105)] TlsClient: Continuing handshake
[4672:7044:0923/203353.737:VERBOSE1:tls_handshaker.cc(105)] TlsClient: Continuing handshake
[4672:7044:0923/203354.338:VERBOSE1:tls_handshaker.cc(105)] TlsClient: Continuing handshake
[4672:7044:0923/203354.339:VERBOSE1:tls_handshaker.cc(126)] TlsClient: SSL_do_handshake returned when entering early data. After retry, rv=-1, SSL_in_early_data=1
[4672:7044:0923/203354.339:VERBOSE1:tls_handshaker.cc(105)] TlsClient: Continuing handshake
[4672:7044:0923/203354.339:VERBOSE1:tls_client_handshaker.cc(528)] Client: handshake finished
[1472:18424:0923/203446.015:VERBOSE1:media_stream_manager.cc(1533)] MSPL::OnSpeedLimitChange({this=00004BFC022BED40}, {new_limit=81})
[1472:18424:0923/203447.010:VERBOSE1:media_stream_manager.cc(1533)] MSPL::OnSpeedLimitChange({this=00004BFC022BED40}, {new_limit=80})
[1472:18424:0923/203451.010:VERBOSE1:media_stream_manager.cc(1533)] MSPL::OnSpeedLimitChange({this=00004BFC022BED40}, {new_limit=79})
[1472:18424:0923/203452.010:VERBOSE1:media_stream_manager.cc(1533)] MSPL::OnSpeedLimitChange({this=00004BFC022BED40}, {new_limit=81})
[1472:18424:0923/203454.010:VERBOSE1:media_stream_manager.cc(1533)] MSPL::OnSpeedLimitChange({this=00004BFC022BED40}, {new_limit=82})
[1472:18424:0923/203456.011:VERBOSE1:media_stream_manager.cc(1533)] MSPL::OnSpeedLimitChange({this=00004BFC022BED40}, {new_limit=100})
[1472:18424:0923/203506.013:VERBOSE1:media_stream_manager.cc(1533)] MSPL::OnSpeedLimitChange({this=00004BFC022BED40}, {new_limit=85})
[1472:18424:0923/203507.012:VERBOSE1:media_stream_manager.cc(1533)] MSPL::OnSpeedLimitChange({this=00004BFC022BED40}, {new_limit=86})
[1472:18424:0923/203509.012:VERBOSE1:media_stream_manager.cc(1533)] MSPL::OnSpeedLimitChange({this=00004BFC022BED40}, {new_limit=87})
[1472:18424:0923/203512.013:VERBOSE1:media_stream_manager.cc(1533)] MSPL::OnSpeedLimitChange({this=00004BFC022BED40}, {new_limit=100})
[1472:18424:0923/203525.014:VERBOSE1:media_stream_manager.cc(1533)] MSPL::OnSpeedLimitChange({this=00004BFC022BED40}, {new_limit=85})
[1472:18424:0923/203526.014:VERBOSE1:media_stream_manager.cc(1533)] MSPL::OnSpeedLimitChange({this=00004BFC022BED40}, {new_limit=84})
[1472:18424:0923/203530.015:VERBOSE1:media_stream_manager.cc(1533)] MSPL::OnSpeedLimitChange({this=00004BFC022BED40}, {new_limit=83})
[1472:18424:0923/203531.014:VERBOSE1:media_stream_manager.cc(1533)] MSPL::OnSpeedLimitChange({this=00004BFC022BED40}, {new_limit=84})
[1472:18424:0923/203532.015:VERBOSE1:media_stream_manager.cc(1533)] MSPL::OnSpeedLimitChange({this=00004BFC022BED40}, {new_limit=83})
[1472:18424:0923/203535.016:VERBOSE1:media_stream_manager.cc(1533)] MSPL::OnSpeedLimitChange({this=00004BFC022BED40}, {new_limit=82})
[1472:18424:0923/203536.014:VERBOSE1:media_stream_manager.cc(1533)] MSPL::OnSpeedLimitChange({this=00004BFC022BED40}, {new_limit=83})
[1472:18424:0923/203537.015:VERBOSE1:media_stream_manager.cc(1533)] MSPL::OnSpeedLimitChange({this=00004BFC022BED40}, {new_limit=84})
[1472:18424:0923/203538.015:VERBOSE1:media_stream_manager.cc(1533)] MSPL::OnSpeedLimitChange({this=00004BFC022BED40}, {new_limit=83})
[1472:18424:0923/203542.015:VERBOSE1:media_stream_manager.cc(1533)] MSPL::OnSpeedLimitChange({this=00004BFC022BED40}, {new_limit=85})
[1472:18424:0923/203543.016:VERBOSE1:media_stream_manager.cc(1533)] MSPL::OnSpeedLimitChange({this=00004BFC022BED40}, {new_limit=84})
[1472:18424:0923/203544.017:VERBOSE1:media_stream_manager.cc(1533)] MSPL::OnSpeedLimitChange({this=00004BFC022BED40}, {new_limit=100})
[1472:18424:0923/203612.020:VERBOSE1:media_stream_manager.cc(1533)] MSPL::OnSpeedLimitChange({this=00004BFC022BED40}, {new_limit=82})
[1472:18424:0923/203613.020:VERBOSE1:media_stream_manager.cc(1533)] MSPL::OnSpeedLimitChange({this=00004BFC022BED40}, {new_limit=81})
[1472:18424:0923/203615.019:VERBOSE1:media_stream_manager.cc(1533)] MSPL::OnSpeedLimitChange({this=00004BFC022BED40}, {new_limit=82})
[1472:18424:0923/203619.020:VERBOSE1:media_stream_manager.cc(1533)] MSPL::OnSpeedLimitChange({this=00004BFC022BED40}, {new_limit=81})
[1472:18424:0923/203620.019:VERBOSE1:media_stream_manager.cc(1533)] MSPL::OnSpeedLimitChange({this=00004BFC022BED40}, {new_limit=82})
[1472:18424:0923/203621.019:VERBOSE1:media_stream_manager.cc(1533)] MSPL::OnSpeedLimitChange({this=00004BFC022BED40}, {new_limit=80})
[1472:18424:0923/203622.022:VERBOSE1:media_stream_manager.cc(1533)] MSPL::OnSpeedLimitChange({this=00004BFC022BED40}, {new_limit=82})
[1472:18424:0923/203623.020:VERBOSE1:media_stream_manager.cc(1533)] MSPL::OnSpeedLimitChange({this=00004BFC022BED40}, {new_limit=84})
[1472:18424:0923/203625.020:VERBOSE1:media_stream_manager.cc(1533)] MSPL::OnSpeedLimitChange({this=00004BFC022BED40}, {new_limit=83})
[1472:18424:0923/203628.020:VERBOSE1:media_stream_manager.cc(1533)] MSPL::OnSpeedLimitChange({this=00004BFC022BED40}, {new_limit=82})
[1472:18424:0923/203629.022:VERBOSE1:media_stream_manager.cc(1533)] MSPL::OnSpeedLimitChange({this=00004BFC022BED40}, {new_limit=83})
[1472:18424:0923/203630.022:VERBOSE1:media_stream_manager.cc(1533)] MSPL::OnSpeedLimitChange({this=00004BFC022BED40}, {new_limit=82})
[1472:18424:0923/203632.023:VERBOSE1:media_stream_manager.cc(1533)] MSPL::OnSpeedLimitChange({this=00004BFC022BED40}, {new_limit=81})
[1472:18424:0923/203634.024:VERBOSE1:media_stream_manager.cc(1533)] MSPL::OnSpeedLimitChange({this=00004BFC022BED40}, {new_limit=79})
[1472:18424:0923/203635.023:VERBOSE1:media_stream_manager.cc(1533)] MSPL::OnSpeedLimitChange({this=00004BFC022BED40}, {new_limit=80})
[1472:18424:0923/203636.022:VERBOSE1:media_stream_manager.cc(1533)] MSPL::OnSpeedLimitChange({this=00004BFC022BED40}, {new_limit=79})
[1472:18424:0923/203638.023:VERBOSE1:media_stream_manager.cc(1533)] MSPL::OnSpeedLimitChange({this=00004BFC022BED40}, {new_limit=80})
[1472:18424:0923/203641.023:VERBOSE1:media_stream_manager.cc(1533)] MSPL::OnSpeedLimitChange({this=00004BFC022BED40}, {new_limit=81})
[1472:18424:0923/203642.023:VERBOSE1:media_stream_manager.cc(1533)] MSPL::OnSpeedLimitChange({this=00004BFC022BED40}, {new_limit=82})
[1472:18424:0923/203643.023:VERBOSE1:media_stream_manager.cc(1533)] MSPL::OnSpeedLimitChange({this=00004BFC022BED40}, {new_limit=100})
[4672:7044:0923/203646.690:VERBOSE1:network_delegate.cc(36)] NetworkDelegate::NotifyBeforeURLRequest: https://optimizationguide-pa.googleapis.com/v1:GetModels?key=dummytoken
[4672:7044:0923/203646.696:VERBOSE1:tls_handshaker.cc(105)] TlsClient: Continuing handshake
[4672:7044:0923/203646.696:VERBOSE1:tls_handshaker.cc(126)] TlsClient: SSL_do_handshake returned when entering early data. After retry, rv=-1, SSL_in_early_data=1
[4672:7044:0923/203646.759:VERBOSE1:tls_handshaker.cc(105)] TlsClient: Continuing handshake
[4672:7044:0923/203646.759:VERBOSE1:tls_handshaker.cc(105)] TlsClient: Continuing handshake
[4672:7044:0923/203646.759:VERBOSE1:tls_client_handshaker.cc(528)] Client: handshake finished
[1472:18424:0923/203703.026:VERBOSE1:media_stream_manager.cc(1533)] MSPL::OnSpeedLimitChange({this=00004BFC022BED40}, {new_limit=81})
[1472:18424:0923/203705.028:VERBOSE1:media_stream_manager.cc(1533)] MSPL::OnSpeedLimitChange({this=00004BFC022BED40}, {new_limit=80})
[1472:18424:0923/203708.028:VERBOSE1:media_stream_manager.cc(1533)] MSPL::OnSpeedLimitChange({this=00004BFC022BED40}, {new_limit=79})
[1472:18424:0923/203712.030:VERBOSE1:media_stream_manager.cc(1533)] MSPL::OnSpeedLimitChange({this=00004BFC022BED40}, {new_limit=80})
[1472:18424:0923/203713.030:VERBOSE1:media_stream_manager.cc(1533)] MSPL::OnSpeedLimitChange({this=00004BFC022BED40}, {new_limit=81})
[1472:18424:0923/203715.030:VERBOSE1:media_stream_manager.cc(1533)] MSPL::OnSpeedLimitChange({this=00004BFC022BED40}, {new_limit=82})
[1472:18424:0923/203718.030:VERBOSE1:media_stream_manager.cc(1533)] MSPL::OnSpeedLimitChange({this=00004BFC022BED40}, {new_limit=83})
[1472:18424:0923/203720.030:VERBOSE1:media_stream_manager.cc(1533)] MSPL::OnSpeedLimitChange({this=00004BFC022BED40}, {new_limit=100})
[1472:18424:0923/203742.034:VERBOSE1:media_stream_manager.cc(1533)] MSPL::OnSpeedLimitChange({this=00004BFC022BED40}, {new_limit=76})
[1472:18424:0923/203743.039:VERBOSE1:media_stream_manager.cc(1533)] MSPL::OnSpeedLimitChange({this=00004BFC022BED40}, {new_limit=74})
[1472:18424:0923/203744.034:VERBOSE1:media_stream_manager.cc(1533)] MSPL::OnSpeedLimitChange({this=00004BFC022BED40}, {new_limit=73})
[1472:18424:0923/203745.034:VERBOSE1:media_stream_manager.cc(1533)] MSPL::OnSpeedLimitChange({this=00004BFC022BED40}, {new_limit=74})
[1472:18424:0923/203748.035:VERBOSE1:media_stream_manager.cc(1533)] MSPL::OnSpeedLimitChange({this=00004BFC022BED40}, {new_limit=75})
[1472:18424:0923/203749.035:VERBOSE1:media_stream_manager.cc(1533)] MSPL::OnSpeedLimitChange({this=00004BFC022BED40}, {new_limit=73})
[1472:18424:0923/203750.035:VERBOSE1:media_stream_manager.cc(1533)] MSPL::OnSpeedLimitChange({this=00004BFC022BED40}, {new_limit=72})
[1472:18424:0923/203752.035:VERBOSE1:media_stream_manager.cc(1533)] MSPL::OnSpeedLimitChange({this=00004BFC022BED40}, {new_limit=73})
[1472:18424:0923/203753.035:VERBOSE1:media_stream_manager.cc(1533)] MSPL::OnSpeedLimitChange({this=00004BFC022BED40}, {new_limit=75})
[1472:18424:0923/203754.036:VERBOSE1:media_stream_manager.cc(1533)] MSPL::OnSpeedLimitChange({this=00004BFC022BED40}, {new_limit=74})
[1472:18424:0923/203756.036:VERBOSE1:media_stream_manager.cc(1533)] MSPL::OnSpeedLimitChange({this=00004BFC022BED40}, {new_limit=75})
[1472:18424:0923/203757.036:VERBOSE1:media_stream_manager.cc(1533)] MSPL::OnSpeedLimitChange({this=00004BFC022BED40}, {new_limit=76})
[1472:18424:0923/203758.036:VERBOSE1:media_stream_manager.cc(1533)] MSPL::OnSpeedLimitChange({this=00004BFC022BED40}, {new_limit=77})
[1472:18424:0923/203759.036:VERBOSE1:media_stream_manager.cc(1533)] MSPL::OnSpeedLimitChange({this=00004BFC022BED40}, {new_limit=79})
[1472:18424:0923/203801.037:VERBOSE1:media_stream_manager.cc(1533)] MSPL::OnSpeedLimitChange({this=00004BFC022BED40}, {new_limit=80})
[1472:18424:0923/203802.037:VERBOSE1:media_stream_manager.cc(1533)] MSPL::OnSpeedLimitChange({this=00004BFC022BED40}, {new_limit=81})
[1472:18424:0923/203804.037:VERBOSE1:media_stream_manager.cc(1533)] MSPL::OnSpeedLimitChange({this=00004BFC022BED40}, {new_limit=83})
[1472:18424:0923/203805.037:VERBOSE1:media_stream_manager.cc(1533)] MSPL::OnSpeedLimitChange({this=00004BFC022BED40}, {new_limit=82})
[1472:18424:0923/203808.037:VERBOSE1:media_stream_manager.cc(1533)] MSPL::OnSpeedLimitChange({this=00004BFC022BED40}, {new_limit=83})
[1472:18424:0923/203809.037:VERBOSE1:media_stream_manager.cc(1533)] MSPL::OnSpeedLimitChange({this=00004BFC022BED40}, {new_limit=82})
[1472:18424:0923/203812.037:VERBOSE1:media_stream_manager.cc(1533)] MSPL::OnSpeedLimitChange({this=00004BFC022BED40}, {new_limit=80})
[1472:18424:0923/203813.038:VERBOSE1:media_stream_manager.cc(1533)] MSPL::OnSpeedLimitChange({this=00004BFC022BED40}, {new_limit=79})
[1472:18424:0923/203817.038:VERBOSE1:media_stream_manager.cc(1533)] MSPL::OnSpeedLimitChange({this=00004BFC022BED40}, {new_limit=78})
[1472:18424:0923/203821.038:VERBOSE1:media_stream_manager.cc(1533)] MSPL::OnSpeedLimitChange({this=00004BFC022BED40}, {new_limit=79})
[1472:18424:0923/203827.039:VERBOSE1:media_stream_manager.cc(1533)] MSPL::OnSpeedLimitChange({this=00004BFC022BED40}, {new_limit=80})
[1472:18424:0923/203828.039:VERBOSE1:media_stream_manager.cc(1533)] MSPL::OnSpeedLimitChange({this=00004BFC022BED40}, {new_limit=81})
[1472:18424:0923/203832.040:VERBOSE1:media_stream_manager.cc(1533)] MSPL::OnSpeedLimitChange({this=00004BFC022BED40}, {new_limit=82})
[1472:18424:0923/203839.040:VERBOSE1:media_stream_manager.cc(1533)] MSPL::OnSpeedLimitChange({this=00004BFC022BED40}, {new_limit=81})
[1472:18424:0923/203843.041:VERBOSE1:media_stream_manager.cc(1533)] MSPL::OnSpeedLimitChange({this=00004BFC022BED40}, {new_limit=82})
[1472:18424:0923/203845.043:VERBOSE1:media_stream_manager.cc(1533)] MSPL::OnSpeedLimitChange({this=00004BFC022BED40}, {new_limit=81})
[1472:18424:0923/203848.041:VERBOSE1:media_stream_manager.cc(1533)] MSPL::OnSpeedLimitChange({this=00004BFC022BED40}, {new_limit=80})
[1472:18424:0923/203850.042:VERBOSE1:media_stream_manager.cc(1533)] MSPL::OnSpeedLimitChange({this=00004BFC022BED40}, {new_limit=79})
[1472:18424:0923/203851.043:VERBOSE1:media_stream_manager.cc(1533)] MSPL::OnSpeedLimitChange({this=00004BFC022BED40}, {new_limit=78})
[1472:18424:0923/203852.042:VERBOSE1:media_stream_manager.cc(1533)] MSPL::OnSpeedLimitChange({this=00004BFC022BED40}, {new_limit=79})
[1472:18424:0923/203853.042:VERBOSE1:media_stream_manager.cc(1533)] MSPL::OnSpeedLimitChange({this=00004BFC022BED40}, {new_limit=78})
[1472:18424:0923/203855.042:VERBOSE1:media_stream_manager.cc(1533)] MSPL::OnSpeedLimitChange({this=00004BFC022BED40}, {new_limit=79})
[1472:18424:0923/203858.043:VERBOSE1:media_stream_manager.cc(1533)] MSPL::OnSpeedLimitChange({this=00004BFC022BED40}, {new_limit=80})
[1472:18424:0923/203900.043:VERBOSE1:media_stream_manager.cc(1533)] MSPL::OnSpeedLimitChange({this=00004BFC022BED40}, {new_limit=82})
[1472:18424:0923/203902.043:VERBOSE1:media_stream_manager.cc(1533)] MSPL::OnSpeedLimitChange({this=00004BFC022BED40}, {new_limit=83})
[1472:18424:0923/203904.043:VERBOSE1:media_stream_manager.cc(1533)] MSPL::OnSpeedLimitChange({this=00004BFC022BED40}, {new_limit=84})
[1472:18424:0923/203905.043:VERBOSE1:media_stream_manager.cc(1533)] MSPL::OnSpeedLimitChange({this=00004BFC022BED40}, {new_limit=82})
[1472:18424:0923/203915.046:VERBOSE1:media_stream_manager.cc(1533)] MSPL::OnSpeedLimitChange({this=00004BFC022BED40}, {new_limit=83})
[1472:18424:0923/203917.046:VERBOSE1:media_stream_manager.cc(1533)] MSPL::OnSpeedLimitChange({this=00004BFC022BED40}, {new_limit=82})
[1472:18424:0923/203918.047:VERBOSE1:media_stream_manager.cc(1533)] MSPL::OnSpeedLimitChange({this=00004BFC022BED40}, {new_limit=81})
[1472:18424:0923/203919.047:VERBOSE1:media_stream_manager.cc(1533)] MSPL::OnSpeedLimitChange({this=00004BFC022BED40}, {new_limit=82})
[1472:18424:0923/203921.047:VERBOSE1:media_stream_manager.cc(1533)] MSPL::OnSpeedLimitChange({this=00004BFC022BED40}, {new_limit=81})
[1472:5280:0923/203921.626:VERBOSE1:device_event_log_impl.cc(198)] [20:39:21.626] Display: EVENT: screen_win.cc:893 Displays updated, count: 1
[1472:5280:0923/203921.626:VERBOSE1:device_event_log_impl.cc(198)] [20:39:21.626] Display: EVENT: screen_win.cc:895 Display[1795972762] bounds=[0,0 1920x1080], workarea=[0,0 1920x1032], scale=1, rotation=0, panel_rotation=0 external detected
[1472:18424:0923/203922.015:VERBOSE1:media_stream_manager.cc(1533)] MSPL::OnSpeedLimitChange({this=00004BFC022BED40}, {new_limit=80})
[1472:18424:0923/203923.015:VERBOSE1:media_stream_manager.cc(1533)] MSPL::OnSpeedLimitChange({this=00004BFC022BED40}, {new_limit=78})
[1472:18424:0923/203925.144:VERBOSE1:media_stream_manager.cc(1533)] MSPL::OnSpeedLimitChange({this=00004BFC022BED40}, {new_limit=77})
[1472:5280:0923/203925.819:VERBOSE1:device_event_log_impl.cc(198)] [20:39:25.819] Display: EVENT: screen_win.cc:893 Displays updated, count: 1
[1472:5280:0923/203925.819:VERBOSE1:device_event_log_impl.cc(198)] [20:39:25.819] Display: EVENT: screen_win.cc:895 Display[1795972762] bounds=[0,0 1920x1080], workarea=[0,0 1920x1032], scale=1, rotation=0, panel_rotation=0 external detected
[1472:18424:0923/203926.177:VERBOSE1:media_stream_manager.cc(1533)] MSPL::OnSpeedLimitChange({this=00004BFC022BED40}, {new_limit=76})
[1472:18424:0923/203928.015:VERBOSE1:media_stream_manager.cc(1533)] MSPL::OnSpeedLimitChange({this=00004BFC022BED40}, {new_limit=74})
[1472:18424:0923/203929.016:VERBOSE1:media_stream_manager.cc(1533)] MSPL::OnSpeedLimitChange({this=00004BFC022BED40}, {new_limit=73})
[1472:18424:0923/203930.016:VERBOSE1:media_stream_manager.cc(1533)] MSPL::OnSpeedLimitChange({this=00004BFC022BED40}, {new_limit=72})
[1472:18424:0923/203931.016:VERBOSE1:media_stream_manager.cc(1533)] MSPL::OnSpeedLimitChange({this=00004BFC022BED40}, {new_limit=71})
[1472:18424:0923/203932.020:VERBOSE1:media_stream_manager.cc(1533)] MSPL::OnSpeedLimitChange({this=00004BFC022BED40}, {new_limit=70})
[1472:18424:0923/203934.017:VERBOSE1:media_stream_manager.cc(1533)] MSPL::OnSpeedLimitChange({this=00004BFC022BED40}, {new_limit=69})
[1472:18424:0923/203935.022:VERBOSE1:media_stream_manager.cc(1533)] MSPL::OnSpeedLimitChange({this=00004BFC022BED40}, {new_limit=68})
[1472:18424:0923/203936.017:VERBOSE1:media_stream_manager.cc(1533)] MSPL::OnSpeedLimitChange({this=00004BFC022BED40}, {new_limit=67})
[1472:18424:0923/203937.018:VERBOSE1:media_stream_manager.cc(1533)] MSPL::OnSpeedLimitChange({this=00004BFC022BED40}, {new_limit=66})
[1472:18424:0923/203938.020:VERBOSE1:media_stream_manager.cc(1533)] MSPL::OnSpeedLimitChange({this=00004BFC022BED40}, {new_limit=67})
[1472:18424:0923/203939.021:VERBOSE1:media_stream_manager.cc(1533)] MSPL::OnSpeedLimitChange({this=00004BFC022BED40}, {new_limit=66})
[1472:18424:0923/203941.025:VERBOSE1:media_stream_manager.cc(1533)] MSPL::OnSpeedLimitChange({this=00004BFC022BED40}, {new_limit=64})
[1472:18424:0923/203942.024:VERBOSE1:media_stream_manager.cc(1533)] MSPL::OnSpeedLimitChange({this=00004BFC022BED40}, {new_limit=63})
[1472:18424:0923/203944.110:VERBOSE1:media_stream_manager.cc(1533)] MSPL::OnSpeedLimitChange({this=00004BFC022BED40}, {new_limit=65})
[4672:7044:0923/203944.696:VERBOSE1:network_delegate.cc(36)] NetworkDelegate::NotifyBeforeURLRequest: https://optimizationguide-pa.googleapis.com/v1:GetModels?key=dummytoken
[4672:7044:0923/203944.703:VERBOSE1:tls_handshaker.cc(105)] TlsClient: Continuing handshake
[4672:7044:0923/203944.704:VERBOSE1:tls_handshaker.cc(126)] TlsClient: SSL_do_handshake returned when entering early data. After retry, rv=-1, SSL_in_early_data=1
[4672:7044:0923/203944.768:VERBOSE1:tls_handshaker.cc(105)] TlsClient: Continuing handshake
[4672:7044:0923/203944.768:VERBOSE1:tls_handshaker.cc(105)] TlsClient: Continuing handshake
[4672:7044:0923/203944.768:VERBOSE1:tls_client_handshaker.cc(528)] Client: handshake finished
[1472:18424:0923/203945.028:VERBOSE1:media_stream_manager.cc(1533)] MSPL::OnSpeedLimitChange({this=00004BFC022BED40}, {new_limit=66})
[1472:18424:0923/203951.027:VERBOSE1:media_stream_manager.cc(1533)] MSPL::OnSpeedLimitChange({this=00004BFC022BED40}, {new_limit=67})
[1472:18424:0923/203952.029:VERBOSE1:media_stream_manager.cc(1533)] MSPL::OnSpeedLimitChange({this=00004BFC022BED40}, {new_limit=69})
[1472:18424:0923/203953.028:VERBOSE1:media_stream_manager.cc(1533)] MSPL::OnSpeedLimitChange({this=00004BFC022BED40}, {new_limit=68})
[1472:18424:0923/203954.028:VERBOSE1:media_stream_manager.cc(1533)] MSPL::OnSpeedLimitChange({this=00004BFC022BED40}, {new_limit=66})
[1472:18424:0923/203957.029:VERBOSE1:media_stream_manager.cc(1533)] MSPL::OnSpeedLimitChange({this=00004BFC022BED40}, {new_limit=65})
[1472:18424:0923/203958.030:VERBOSE1:media_stream_manager.cc(1533)] MSPL::OnSpeedLimitChange({this=00004BFC022BED40}, {new_limit=66})
[1472:18424:0923/204000.034:VERBOSE1:media_stream_manager.cc(1533)] MSPL::OnSpeedLimitChange({this=00004BFC022BED40}, {new_limit=65})
[1472:18424:0923/204007.040:VERBOSE1:media_stream_manager.cc(1533)] MSPL::OnSpeedLimitChange({this=00004BFC022BED40}, {new_limit=66})
[1472:18424:0923/204009.042:VERBOSE1:media_stream_manager.cc(1533)] MSPL::OnSpeedLimitChange({this=00004BFC022BED40}, {new_limit=65})
[1472:18424:0923/204012.044:VERBOSE1:media_stream_manager.cc(1533)] MSPL::OnSpeedLimitChange({this=00004BFC022BED40}, {new_limit=66})
[1472:18424:0923/204013.044:VERBOSE1:media_stream_manager.cc(1533)] MSPL::OnSpeedLimitChange({this=00004BFC022BED40}, {new_limit=67})
[1472:18424:0923/204014.044:VERBOSE1:media_stream_manager.cc(1533)] MSPL::OnSpeedLimitChange({this=00004BFC022BED40}, {new_limit=68})
[1472:18424:0923/204017.047:VERBOSE1:media_stream_manager.cc(1533)] MSPL::OnSpeedLimitChange({this=00004BFC022BED40}, {new_limit=69})
[1472:18424:0923/204020.049:VERBOSE1:media_stream_manager.cc(1533)] MSPL::OnSpeedLimitChange({this=00004BFC022BED40}, {new_limit=70})
[1472:18424:0923/204021.114:VERBOSE1:media_stream_manager.cc(1533)] MSPL::OnSpeedLimitChange({this=00004BFC022BED40}, {new_limit=71})
[1472:18424:0923/204023.049:VERBOSE1:media_stream_manager.cc(1533)] MSPL::OnSpeedLimitChange({this=00004BFC022BED40}, {new_limit=70})
[1472:18424:0923/204024.047:VERBOSE1:media_stream_manager.cc(1533)] MSPL::OnSpeedLimitChange({this=00004BFC022BED40}, {new_limit=69})
[1472:18424:0923/204026.049:VERBOSE1:media_stream_manager.cc(1533)] MSPL::OnSpeedLimitChange({this=00004BFC022BED40}, {new_limit=68})
[1472:18424:0923/204027.054:VERBOSE1:media_stream_manager.cc(1533)] MSPL::OnSpeedLimitChange({this=00004BFC022BED40}, {new_limit=67})
[1472:18424:0923/204028.052:VERBOSE1:media_stream_manager.cc(1533)] MSPL::OnSpeedLimitChange({this=00004BFC022BED40}, {new_limit=66})
[1472:18424:0923/204030.052:VERBOSE1:media_stream_manager.cc(1533)] MSPL::OnSpeedLimitChange({this=00004BFC022BED40}, {new_limit=65})
[1472:18424:0923/204031.053:VERBOSE1:media_stream_manager.cc(1533)] MSPL::OnSpeedLimitChange({this=00004BFC022BED40}, {new_limit=64})
[1472:18424:0923/204033.054:VERBOSE1:media_stream_manager.cc(1533)] MSPL::OnSpeedLimitChange({this=00004BFC022BED40}, {new_limit=65})
[1472:18424:0923/204034.062:VERBOSE1:media_stream_manager.cc(1533)] MSPL::OnSpeedLimitChange({this=00004BFC022BED40}, {new_limit=64})
[1472:18424:0923/204035.058:VERBOSE1:media_stream_manager.cc(1533)] MSPL::OnSpeedLimitChange({this=00004BFC022BED40}, {new_limit=63})
[1472:18424:0923/204036.059:VERBOSE1:media_stream_manager.cc(1533)] MSPL::OnSpeedLimitChange({this=00004BFC022BED40}, {new_limit=62})
[1472:18424:0923/204037.059:VERBOSE1:media_stream_manager.cc(1533)] MSPL::OnSpeedLimitChange({this=00004BFC022BED40}, {new_limit=61})
[1472:18424:0923/204038.069:VERBOSE1:media_stream_manager.cc(1533)] MSPL::OnSpeedLimitChange({this=00004BFC022BED40}, {new_limit=62})
[1472:18424:0923/204041.712:VERBOSE1:media_stream_manager.cc(1533)] MSPL::OnSpeedLimitChange({this=00004BFC022BED40}, {new_limit=63})
[1472:18424:0923/204041.713:VERBOSE1:media_stream_manager.cc(1533)] MSPL::OnSpeedLimitChange({this=00004BFC022BED40}, {new_limit=64})
[1472:18424:0923/204042.061:VERBOSE1:media_stream_manager.cc(1533)] MSPL::OnSpeedLimitChange({this=00004BFC022BED40}, {new_limit=66})
[1472:18424:0923/204043.072:VERBOSE1:media_stream_manager.cc(1533)] MSPL::OnSpeedLimitChange({this=00004BFC022BED40}, {new_limit=65})
[1472:18424:0923/204047.067:VERBOSE1:media_stream_manager.cc(1533)] MSPL::OnSpeedLimitChange({this=00004BFC022BED40}, {new_limit=64})
[1472:18424:0923/204048.066:VERBOSE1:media_stream_manager.cc(1533)] MSPL::OnSpeedLimitChange({this=00004BFC022BED40}, {new_limit=63})
[1472:18424:0923/204049.065:VERBOSE1:media_stream_manager.cc(1533)] MSPL::OnSpeedLimitChange({this=00004BFC022BED40}, {new_limit=60})
[1472:18424:0923/204050.257:VERBOSE1:media_stream_manager.cc(1533)] MSPL::OnSpeedLimitChange({this=00004BFC022BED40}, {new_limit=61})
[1472:18424:0923/204053.258:VERBOSE1:media_stream_manager.cc(1533)] MSPL::OnSpeedLimitChange({this=00004BFC022BED40}, {new_limit=63})
[1472:18424:0923/204054.259:VERBOSE1:media_stream_manager.cc(1533)] MSPL::OnSpeedLimitChange({this=00004BFC022BED40}, {new_limit=66})
[1472:18424:0923/204055.262:VERBOSE1:media_stream_manager.cc(1533)] MSPL::OnSpeedLimitChange({this=00004BFC022BED40}, {new_limit=68})
[1472:18424:0923/204056.259:VERBOSE1:media_stream_manager.cc(1533)] MSPL::OnSpeedLimitChange({this=00004BFC022BED40}, {new_limit=71})
[1472:18424:0923/204057.260:VERBOSE1:media_stream_manager.cc(1533)] MSPL::OnSpeedLimitChange({this=00004BFC022BED40}, {new_limit=74})
[1472:18424:0923/204058.260:VERBOSE1:media_stream_manager.cc(1533)] MSPL::OnSpeedLimitChange({this=00004BFC022BED40}, {new_limit=76})
[1472:18424:0923/204059.260:VERBOSE1:media_stream_manager.cc(1533)] MSPL::OnSpeedLimitChange({this=00004BFC022BED40}, {new_limit=79})
[1472:5280:0923/204100.647:VERBOSE1:device_event_log_impl.cc(198)] [20:41:00.647] Display: EVENT: screen_win.cc:893 Displays updated, count: 1
[1472:5280:0923/204100.647:VERBOSE1:device_event_log_impl.cc(198)] [20:41:00.647] Display: EVENT: screen_win.cc:895 Display[1795972762] bounds=[0,0 1920x1080], workarea=[0,0 1920x1032], scale=1, rotation=0, panel_rotation=0 external detected
[1472:18424:0923/204102.075:VERBOSE1:media_stream_manager.cc(1533)] MSPL::OnSpeedLimitChange({this=00004BFC022BED40}, {new_limit=77})
[1472:18424:0923/204103.080:VERBOSE1:media_stream_manager.cc(1533)] MSPL::OnSpeedLimitChange({this=00004BFC022BED40}, {new_limit=75})
[1472:18424:0923/204104.331:VERBOSE1:media_stream_manager.cc(1533)] MSPL::OnSpeedLimitChange({this=00004BFC022BED40}, {new_limit=73})
[1472:18424:0923/204106.330:VERBOSE1:media_stream_manager.cc(1533)] MSPL::OnSpeedLimitChange({this=00004BFC022BED40}, {new_limit=72})
[1472:18424:0923/204107.330:VERBOSE1:media_stream_manager.cc(1533)] MSPL::OnSpeedLimitChange({this=00004BFC022BED40}, {new_limit=71})
[1472:18424:0923/204108.331:VERBOSE1:media_stream_manager.cc(1533)] MSPL::OnSpeedLimitChange({this=00004BFC022BED40}, {new_limit=70})
[1472:18424:0923/204109.331:VERBOSE1:media_stream_manager.cc(1533)] MSPL::OnSpeedLimitChange({this=00004BFC022BED40}, {new_limit=69})
[1472:18424:0923/204110.332:VERBOSE1:media_stream_manager.cc(1533)] MSPL::OnSpeedLimitChange({this=00004BFC022BED40}, {new_limit=68})
[1472:18424:0923/204111.330:VERBOSE1:media_stream_manager.cc(1533)] MSPL::OnSpeedLimitChange({this=00004BFC022BED40}, {new_limit=66})
[1472:18424:0923/204112.331:VERBOSE1:media_stream_manager.cc(1533)] MSPL::OnSpeedLimitChange({this=00004BFC022BED40}, {new_limit=69})
[1472:18424:0923/204113.331:VERBOSE1:media_stream_manager.cc(1533)] MSPL::OnSpeedLimitChange({this=00004BFC022BED40}, {new_limit=71})
[1472:18424:0923/204117.333:VERBOSE1:media_stream_manager.cc(1533)] MSPL::OnSpeedLimitChange({this=00004BFC022BED40}, {new_limit=73})
[1472:18424:0923/204118.333:VERBOSE1:media_stream_manager.cc(1533)] MSPL::OnSpeedLimitChange({this=00004BFC022BED40}, {new_limit=72})
[1472:18424:0923/204119.332:VERBOSE1:media_stream_manager.cc(1533)] MSPL::OnSpeedLimitChange({this=00004BFC022BED40}, {new_limit=73})
[1472:18424:0923/204120.333:VERBOSE1:media_stream_manager.cc(1533)] MSPL::OnSpeedLimitChange({this=00004BFC022BED40}, {new_limit=75})
[1472:18424:0923/204121.332:VERBOSE1:media_stream_manager.cc(1533)] MSPL::OnSpeedLimitChange({this=00004BFC022BED40}, {new_limit=76})
[1472:18424:0923/204122.332:VERBOSE1:media_stream_manager.cc(1533)] MSPL::OnSpeedLimitChange({this=00004BFC022BED40}, {new_limit=77})
[1472:18424:0923/204123.332:VERBOSE1:media_stream_manager.cc(1533)] MSPL::OnSpeedLimitChange({this=00004BFC022BED40}, {new_limit=76})
[1472:18424:0923/204124.331:VERBOSE1:media_stream_manager.cc(1533)] MSPL::OnSpeedLimitChange({this=00004BFC022BED40}, {new_limit=78})
[1472:18424:0923/204125.332:VERBOSE1:media_stream_manager.cc(1533)] MSPL::OnSpeedLimitChange({this=00004BFC022BED40}, {new_limit=100})
[1472:18424:0923/204135.332:VERBOSE1:media_stream_manager.cc(1533)] MSPL::OnSpeedLimitChange({this=00004BFC022BED40}, {new_limit=83})
[1472:18424:0923/204141.333:VERBOSE1:media_stream_manager.cc(1533)] MSPL::OnSpeedLimitChange({this=00004BFC022BED40}, {new_limit=100})
[1472:18424:0923/204209.334:VERBOSE1:media_stream_manager.cc(1533)] MSPL::OnSpeedLimitChange({this=00004BFC022BED40}, {new_limit=84})
[1472:18424:0923/204210.335:VERBOSE1:media_stream_manager.cc(1533)] MSPL::OnSpeedLimitChange({this=00004BFC022BED40}, {new_limit=100})
[4672:7044:0923/204222.670:VERBOSE1:network_delegate.cc(36)] NetworkDelegate::NotifyBeforeURLRequest: https://optimizationguide-pa.googleapis.com/v1:GetModels?key=dummytoken
[4672:7044:0923/204222.675:VERBOSE1:tls_handshaker.cc(105)] TlsClient: Continuing handshake
[4672:7044:0923/204222.676:VERBOSE1:tls_handshaker.cc(126)] TlsClient: SSL_do_handshake returned when entering early data. After retry, rv=-1, SSL_in_early_data=1
[4672:7044:0923/204222.736:VERBOSE1:tls_handshaker.cc(105)] TlsClient: Continuing handshake
[4672:7044:0923/204222.737:VERBOSE1:tls_handshaker.cc(105)] TlsClient: Continuing handshake
[4672:7044:0923/204222.737:VERBOSE1:tls_client_handshaker.cc(528)] Client: handshake finished
[1472:18424:0923/204417.355:VERBOSE1:media_stream_manager.cc(1533)] MSPL::OnSpeedLimitChange({this=00004BFC022BED40}, {new_limit=81})
[1472:18424:0923/204418.355:VERBOSE1:media_stream_manager.cc(1533)] MSPL::OnSpeedLimitChange({this=00004BFC022BED40}, {new_limit=82})
[1472:18424:0923/204420.356:VERBOSE1:media_stream_manager.cc(1533)] MSPL::OnSpeedLimitChange({this=00004BFC022BED40}, {new_limit=83})
[1472:18424:0923/204421.356:VERBOSE1:media_stream_manager.cc(1533)] MSPL::OnSpeedLimitChange({this=00004BFC022BED40}, {new_limit=81})
[1472:18424:0923/204422.356:VERBOSE1:media_stream_manager.cc(1533)] MSPL::OnSpeedLimitChange({this=00004BFC022BED40}, {new_limit=80})
[1472:18424:0923/204424.356:VERBOSE1:media_stream_manager.cc(1533)] MSPL::OnSpeedLimitChange({this=00004BFC022BED40}, {new_limit=79})
[1472:18424:0923/204427.356:VERBOSE1:media_stream_manager.cc(1533)] MSPL::OnSpeedLimitChange({this=00004BFC022BED40}, {new_limit=80})
[1472:18424:0923/204430.357:VERBOSE1:media_stream_manager.cc(1533)] MSPL::OnSpeedLimitChange({this=00004BFC022BED40}, {new_limit=81})
[1472:18424:0923/204431.359:VERBOSE1:media_stream_manager.cc(1533)] MSPL::OnSpeedLimitChange({this=00004BFC022BED40}, {new_limit=82})
[1472:18424:0923/204432.358:VERBOSE1:media_stream_manager.cc(1533)] MSPL::OnSpeedLimitChange({this=00004BFC022BED40}, {new_limit=83})
[1472:18424:0923/204436.359:VERBOSE1:media_stream_manager.cc(1533)] MSPL::OnSpeedLimitChange({this=00004BFC022BED40}, {new_limit=82})
[1472:18424:0923/204437.360:VERBOSE1:media_stream_manager.cc(1533)] MSPL::OnSpeedLimitChange({this=00004BFC022BED40}, {new_limit=80})
[1472:18424:0923/204438.360:VERBOSE1:media_stream_manager.cc(1533)] MSPL::OnSpeedLimitChange({this=00004BFC022BED40}, {new_limit=77})
[1472:18424:0923/204439.359:VERBOSE1:media_stream_manager.cc(1533)] MSPL::OnSpeedLimitChange({this=00004BFC022BED40}, {new_limit=76})
[1472:18424:0923/204441.360:VERBOSE1:media_stream_manager.cc(1533)] MSPL::OnSpeedLimitChange({this=00004BFC022BED40}, {new_limit=74})
[1472:18424:0923/204442.384:VERBOSE1:media_stream_manager.cc(1533)] MSPL::OnSpeedLimitChange({this=00004BFC022BED40}, {new_limit=70})
[1472:18424:0923/204443.361:VERBOSE1:media_stream_manager.cc(1533)] MSPL::OnSpeedLimitChange({this=00004BFC022BED40}, {new_limit=67})
[1472:18424:0923/204444.361:VERBOSE1:media_stream_manager.cc(1533)] MSPL::OnSpeedLimitChange({this=00004BFC022BED40}, {new_limit=65})
[1472:18424:0923/204446.360:VERBOSE1:media_stream_manager.cc(1533)] MSPL::OnSpeedLimitChange({this=00004BFC022BED40}, {new_limit=66})
[1472:18424:0923/204447.360:VERBOSE1:media_stream_manager.cc(1533)] MSPL::OnSpeedLimitChange({this=00004BFC022BED40}, {new_limit=68})
[1472:18424:0923/204448.361:VERBOSE1:media_stream_manager.cc(1533)] MSPL::OnSpeedLimitChange({this=00004BFC022BED40}, {new_limit=69})
[1472:18424:0923/204450.362:VERBOSE1:media_stream_manager.cc(1533)] MSPL::OnSpeedLimitChange({this=00004BFC022BED40}, {new_limit=67})
[1472:18424:0923/204451.363:VERBOSE1:media_stream_manager.cc(1533)] MSPL::OnSpeedLimitChange({this=00004BFC022BED40}, {new_limit=66})
[1472:18424:0923/204452.363:VERBOSE1:media_stream_manager.cc(1533)] MSPL::OnSpeedLimitChange({this=00004BFC022BED40}, {new_limit=69})
[1472:18424:0923/204453.363:VERBOSE1:media_stream_manager.cc(1533)] MSPL::OnSpeedLimitChange({this=00004BFC022BED40}, {new_limit=70})
[1472:18424:0923/204454.362:VERBOSE1:media_stream_manager.cc(1533)] MSPL::OnSpeedLimitChange({this=00004BFC022BED40}, {new_limit=72})
[1472:18424:0923/204455.365:VERBOSE1:media_stream_manager.cc(1533)] MSPL::OnSpeedLimitChange({this=00004BFC022BED40}, {new_limit=70})
[1472:18424:0923/204456.366:VERBOSE1:media_stream_manager.cc(1533)] MSPL::OnSpeedLimitChange({this=00004BFC022BED40}, {new_limit=66})
[1472:18424:0923/204457.365:VERBOSE1:media_stream_manager.cc(1533)] MSPL::OnSpeedLimitChange({this=00004BFC022BED40}, {new_limit=64})
[1472:18424:0923/204459.365:VERBOSE1:media_stream_manager.cc(1533)] MSPL::OnSpeedLimitChange({this=00004BFC022BED40}, {new_limit=63})
[1472:18424:0923/204501.364:VERBOSE1:media_stream_manager.cc(1533)] MSPL::OnSpeedLimitChange({this=00004BFC022BED40}, {new_limit=64})
[1472:18424:0923/204502.365:VERBOSE1:media_stream_manager.cc(1533)] MSPL::OnSpeedLimitChange({this=00004BFC022BED40}, {new_limit=62})
[1472:18424:0923/204504.365:VERBOSE1:media_stream_manager.cc(1533)] MSPL::OnSpeedLimitChange({this=00004BFC022BED40}, {new_limit=61})
[1472:18424:0923/204505.363:VERBOSE1:media_stream_manager.cc(1533)] MSPL::OnSpeedLimitChange({this=00004BFC022BED40}, {new_limit=62})
[1472:18424:0923/204506.363:VERBOSE1:media_stream_manager.cc(1533)] MSPL::OnSpeedLimitChange({this=00004BFC022BED40}, {new_limit=64})
[1472:18424:0923/204507.364:VERBOSE1:media_stream_manager.cc(1533)] MSPL::OnSpeedLimitChange({this=00004BFC022BED40}, {new_limit=65})
[1472:18424:0923/204509.365:VERBOSE1:media_stream_manager.cc(1533)] MSPL::OnSpeedLimitChange({this=00004BFC022BED40}, {new_limit=66})
[1472:18424:0923/204513.367:VERBOSE1:media_stream_manager.cc(1533)] MSPL::OnSpeedLimitChange({this=00004BFC022BED40}, {new_limit=62})
[1472:18424:0923/204514.366:VERBOSE1:media_stream_manager.cc(1533)] MSPL::OnSpeedLimitChange({this=00004BFC022BED40}, {new_limit=61})
[1472:18424:0923/204516.366:VERBOSE1:media_stream_manager.cc(1533)] MSPL::OnSpeedLimitChange({this=00004BFC022BED40}, {new_limit=60})
[4672:7044:0923/204517.700:VERBOSE1:network_delegate.cc(36)] NetworkDelegate::NotifyBeforeURLRequest: https://optimizationguide-pa.googleapis.com/v1:GetModels?key=dummytoken
[4672:7044:0923/204517.706:VERBOSE1:tls_handshaker.cc(105)] TlsClient: Continuing handshake
[4672:7044:0923/204517.707:VERBOSE1:tls_handshaker.cc(126)] TlsClient: SSL_do_handshake returned when entering early data. After retry, rv=-1, SSL_in_early_data=1
[4672:7044:0923/204517.764:VERBOSE1:tls_handshaker.cc(105)] TlsClient: Continuing handshake
[4672:7044:0923/204517.764:VERBOSE1:tls_handshaker.cc(105)] TlsClient: Continuing handshake
[4672:7044:0923/204517.764:VERBOSE1:tls_client_handshaker.cc(528)] Client: handshake finished
[1472:18424:0923/204518.367:VERBOSE1:media_stream_manager.cc(1533)] MSPL::OnSpeedLimitChange({this=00004BFC022BED40}, {new_limit=61})
[1472:18424:0923/204521.368:VERBOSE1:media_stream_manager.cc(1533)] MSPL::OnSpeedLimitChange({this=00004BFC022BED40}, {new_limit=60})
[1472:18424:0923/204523.370:VERBOSE1:media_stream_manager.cc(1533)] MSPL::OnSpeedLimitChange({this=00004BFC022BED40}, {new_limit=63})
[1472:18424:0923/204524.370:VERBOSE1:media_stream_manager.cc(1533)] MSPL::OnSpeedLimitChange({this=00004BFC022BED40}, {new_limit=64})
[1472:18424:0923/204525.371:VERBOSE1:media_stream_manager.cc(1533)] MSPL::OnSpeedLimitChange({this=00004BFC022BED40}, {new_limit=65})
[1472:18424:0923/204528.371:VERBOSE1:media_stream_manager.cc(1533)] MSPL::OnSpeedLimitChange({this=00004BFC022BED40}, {new_limit=64})
[1472:18424:0923/204530.371:VERBOSE1:media_stream_manager.cc(1533)] MSPL::OnSpeedLimitChange({this=00004BFC022BED40}, {new_limit=63})
[1472:18424:0923/204531.370:VERBOSE1:media_stream_manager.cc(1533)] MSPL::OnSpeedLimitChange({this=00004BFC022BED40}, {new_limit=64})
[1472:18424:0923/204532.371:VERBOSE1:media_stream_manager.cc(1533)] MSPL::OnSpeedLimitChange({this=00004BFC022BED40}, {new_limit=67})
[1472:18424:0923/204535.371:VERBOSE1:media_stream_manager.cc(1533)] MSPL::OnSpeedLimitChange({this=00004BFC022BED40}, {new_limit=66})
[1472:18424:0923/204536.373:VERBOSE1:media_stream_manager.cc(1533)] MSPL::OnSpeedLimitChange({this=00004BFC022BED40}, {new_limit=67})
[1472:18424:0923/204545.371:VERBOSE1:media_stream_manager.cc(1533)] MSPL::OnSpeedLimitChange({this=00004BFC022BED40}, {new_limit=69})
[1472:18424:0923/204546.371:VERBOSE1:media_stream_manager.cc(1533)] MSPL::OnSpeedLimitChange({this=00004BFC022BED40}, {new_limit=68})
[1472:18424:0923/204547.371:VERBOSE1:media_stream_manager.cc(1533)] MSPL::OnSpeedLimitChange({this=00004BFC022BED40}, {new_limit=69})
[1472:18424:0923/204550.371:VERBOSE1:media_stream_manager.cc(1533)] MSPL::OnSpeedLimitChange({this=00004BFC022BED40}, {new_limit=71})
[1472:18424:0923/204555.371:VERBOSE1:media_stream_manager.cc(1533)] MSPL::OnSpeedLimitChange({this=00004BFC022BED40}, {new_limit=70})
[1472:18424:0923/204556.371:VERBOSE1:media_stream_manager.cc(1533)] MSPL::OnSpeedLimitChange({this=00004BFC022BED40}, {new_limit=69})
[1472:18424:0923/204600.372:VERBOSE1:media_stream_manager.cc(1533)] MSPL::OnSpeedLimitChange({this=00004BFC022BED40}, {new_limit=68})
[1472:18424:0923/204606.373:VERBOSE1:media_stream_manager.cc(1533)] MSPL::OnSpeedLimitChange({this=00004BFC022BED40}, {new_limit=69})
[1472:18424:0923/204608.374:VERBOSE1:media_stream_manager.cc(1533)] MSPL::OnSpeedLimitChange({this=00004BFC022BED40}, {new_limit=68})
[1472:18424:0923/204613.375:VERBOSE1:media_stream_manager.cc(1533)] MSPL::OnSpeedLimitChange({this=00004BFC022BED40}, {new_limit=69})
[1472:18424:0923/204614.375:VERBOSE1:media_stream_manager.cc(1533)] MSPL::OnSpeedLimitChange({this=00004BFC022BED40}, {new_limit=68})
[1472:18424:0923/204617.375:VERBOSE1:media_stream_manager.cc(1533)] MSPL::OnSpeedLimitChange({this=00004BFC022BED40}, {new_limit=67})
[1472:18424:0923/204618.374:VERBOSE1:media_stream_manager.cc(1533)] MSPL::OnSpeedLimitChange({this=00004BFC022BED40}, {new_limit=68})
[1472:18424:0923/204628.378:VERBOSE1:media_stream_manager.cc(1533)] MSPL::OnSpeedLimitChange({this=00004BFC022BED40}, {new_limit=67})
[1472:18424:0923/204638.382:VERBOSE1:media_stream_manager.cc(1533)] MSPL::OnSpeedLimitChange({this=00004BFC022BED40}, {new_limit=68})
[1472:18424:0923/204643.382:VERBOSE1:media_stream_manager.cc(1533)] MSPL::OnSpeedLimitChange({this=00004BFC022BED40}, {new_limit=69})
[1472:18424:0923/204646.384:VERBOSE1:media_stream_manager.cc(1533)] MSPL::OnSpeedLimitChange({this=00004BFC022BED40}, {new_limit=68})
[1472:18424:0923/204651.384:VERBOSE1:media_stream_manager.cc(1533)] MSPL::OnSpeedLimitChange({this=00004BFC022BED40}, {new_limit=69})
[1472:18424:0923/204657.386:VERBOSE1:media_stream_manager.cc(1533)] MSPL::OnSpeedLimitChange({this=00004BFC022BED40}, {new_limit=67})
[1472:18424:0923/204704.388:VERBOSE1:media_stream_manager.cc(1533)] MSPL::OnSpeedLimitChange({this=00004BFC022BED40}, {new_limit=66})
[1472:18424:0923/204705.389:VERBOSE1:media_stream_manager.cc(1533)] MSPL::OnSpeedLimitChange({this=00004BFC022BED40}, {new_limit=67})
[1472:18424:0923/204707.388:VERBOSE1:media_stream_manager.cc(1533)] MSPL::OnSpeedLimitChange({this=00004BFC022BED40}, {new_limit=68})
[1472:18424:0923/204709.389:VERBOSE1:media_stream_manager.cc(1533)] MSPL::OnSpeedLimitChange({this=00004BFC022BED40}, {new_limit=69})
[1472:18424:0923/204710.388:VERBOSE1:media_stream_manager.cc(1533)] MSPL::OnSpeedLimitChange({this=00004BFC022BED40}, {new_limit=70})
[1472:18424:0923/204712.390:VERBOSE1:media_stream_manager.cc(1533)] MSPL::OnSpeedLimitChange({this=00004BFC022BED40}, {new_limit=71})
[1472:18424:0923/204713.391:VERBOSE1:media_stream_manager.cc(1533)] MSPL::OnSpeedLimitChange({this=00004BFC022BED40}, {new_limit=72})
[1472:18424:0923/204714.390:VERBOSE1:media_stream_manager.cc(1533)] MSPL::OnSpeedLimitChange({this=00004BFC022BED40}, {new_limit=73})
[1472:18424:0923/204715.390:VERBOSE1:media_stream_manager.cc(1533)] MSPL::OnSpeedLimitChange({this=00004BFC022BED40}, {new_limit=74})
[1472:18424:0923/204716.390:VERBOSE1:media_stream_manager.cc(1533)] MSPL::OnSpeedLimitChange({this=00004BFC022BED40}, {new_limit=73})
[1472:18424:0923/204718.392:VERBOSE1:media_stream_manager.cc(1533)] MSPL::OnSpeedLimitChange({this=00004BFC022BED40}, {new_limit=74})
[1472:18424:0923/204719.393:VERBOSE1:media_stream_manager.cc(1533)] MSPL::OnSpeedLimitChange({this=00004BFC022BED40}, {new_limit=73})
[1472:18424:0923/204720.389:VERBOSE1:media_stream_manager.cc(1533)] MSPL::OnSpeedLimitChange({this=00004BFC022BED40}, {new_limit=72})
[1472:18424:0923/204722.390:VERBOSE1:media_stream_manager.cc(1533)] MSPL::OnSpeedLimitChange({this=00004BFC022BED40}, {new_limit=71})
[1472:18424:0923/204723.389:VERBOSE1:media_stream_manager.cc(1533)] MSPL::OnSpeedLimitChange({this=00004BFC022BED40}, {new_limit=70})
[1472:18424:0923/204725.390:VERBOSE1:media_stream_manager.cc(1533)] MSPL::OnSpeedLimitChange({this=00004BFC022BED40}, {new_limit=68})
[1472:18424:0923/204728.390:VERBOSE1:media_stream_manager.cc(1533)] MSPL::OnSpeedLimitChange({this=00004BFC022BED40}, {new_limit=67})
[1472:18424:0923/204735.393:VERBOSE1:media_stream_manager.cc(1533)] MSPL::OnSpeedLimitChange({this=00004BFC022BED40}, {new_limit=68})
[1472:18424:0923/204745.394:VERBOSE1:media_stream_manager.cc(1533)] MSPL::OnSpeedLimitChange({this=00004BFC022BED40}, {new_limit=67})
[1472:18424:0923/204746.394:VERBOSE1:media_stream_manager.cc(1533)] MSPL::OnSpeedLimitChange({this=00004BFC022BED40}, {new_limit=68})
[1472:18424:0923/204750.394:VERBOSE1:media_stream_manager.cc(1533)] MSPL::OnSpeedLimitChange({this=00004BFC022BED40}, {new_limit=69})
[1472:18424:0923/204755.395:VERBOSE1:media_stream_manager.cc(1533)] MSPL::OnSpeedLimitChange({this=00004BFC022BED40}, {new_limit=68})
[1472:18424:0923/204800.395:VERBOSE1:media_stream_manager.cc(1533)] MSPL::OnSpeedLimitChange({this=00004BFC022BED40}, {new_limit=67})
[4672:7044:0923/204807.731:VERBOSE1:network_delegate.cc(36)] NetworkDelegate::NotifyBeforeURLRequest: https://optimizationguide-pa.googleapis.com/v1:GetModels?key=dummytoken
[4672:7044:0923/204807.736:VERBOSE1:tls_handshaker.cc(105)] TlsClient: Continuing handshake
[4672:7044:0923/204807.737:VERBOSE1:tls_handshaker.cc(126)] TlsClient: SSL_do_handshake returned when entering early data. After retry, rv=-1, SSL_in_early_data=1
[4672:7044:0923/204807.794:VERBOSE1:tls_handshaker.cc(105)] TlsClient: Continuing handshake
[4672:7044:0923/204807.794:VERBOSE1:tls_handshaker.cc(105)] TlsClient: Continuing handshake
[4672:7044:0923/204807.794:VERBOSE1:tls_client_handshaker.cc(528)] Client: handshake finished
[1472:18424:0923/204809.398:VERBOSE1:media_stream_manager.cc(1533)] MSPL::OnSpeedLimitChange({this=00004BFC022BED40}, {new_limit=66})
[1472:18424:0923/204810.398:VERBOSE1:media_stream_manager.cc(1533)] MSPL::OnSpeedLimitChange({this=00004BFC022BED40}, {new_limit=67})
[1472:18424:0923/204812.398:VERBOSE1:media_stream_manager.cc(1533)] MSPL::OnSpeedLimitChange({this=00004BFC022BED40}, {new_limit=68})
[1472:18424:0923/204814.398:VERBOSE1:media_stream_manager.cc(1533)] MSPL::OnSpeedLimitChange({this=00004BFC022BED40}, {new_limit=69})
[1472:18424:0923/204816.399:VERBOSE1:media_stream_manager.cc(1533)] MSPL::OnSpeedLimitChange({this=00004BFC022BED40}, {new_limit=70})
[1472:18424:0923/204819.406:VERBOSE1:media_stream_manager.cc(1533)] MSPL::OnSpeedLimitChange({this=00004BFC022BED40}, {new_limit=71})
[1472:18424:0923/204824.400:VERBOSE1:media_stream_manager.cc(1533)] MSPL::OnSpeedLimitChange({this=00004BFC022BED40}, {new_limit=70})
[1472:18424:0923/204826.400:VERBOSE1:media_stream_manager.cc(1533)] MSPL::OnSpeedLimitChange({this=00004BFC022BED40}, {new_limit=71})
[1472:18424:0923/204827.401:VERBOSE1:media_stream_manager.cc(1533)] MSPL::OnSpeedLimitChange({this=00004BFC022BED40}, {new_limit=70})
[1472:18424:0923/204828.401:VERBOSE1:media_stream_manager.cc(1533)] MSPL::OnSpeedLimitChange({this=00004BFC022BED40}, {new_limit=71})
[1472:18424:0923/204831.401:VERBOSE1:media_stream_manager.cc(1533)] MSPL::OnSpeedLimitChange({this=00004BFC022BED40}, {new_limit=70})
[1472:18424:0923/204834.402:VERBOSE1:media_stream_manager.cc(1533)] MSPL::OnSpeedLimitChange({this=00004BFC022BED40}, {new_limit=71})
[1472:18424:0923/204835.401:VERBOSE1:media_stream_manager.cc(1533)] MSPL::OnSpeedLimitChange({this=00004BFC022BED40}, {new_limit=70})
[1472:18424:0923/204836.401:VERBOSE1:media_stream_manager.cc(1533)] MSPL::OnSpeedLimitChange({this=00004BFC022BED40}, {new_limit=69})
[1472:18424:0923/204838.401:VERBOSE1:media_stream_manager.cc(1533)] MSPL::OnSpeedLimitChange({this=00004BFC022BED40}, {new_limit=68})
[1472:18424:0923/204839.401:VERBOSE1:media_stream_manager.cc(1533)] MSPL::OnSpeedLimitChange({this=00004BFC022BED40}, {new_limit=67})
[1472:18424:0923/204846.402:VERBOSE1:media_stream_manager.cc(1533)] MSPL::OnSpeedLimitChange({this=00004BFC022BED40}, {new_limit=68})
[1472:18424:0923/204848.402:VERBOSE1:media_stream_manager.cc(1533)] MSPL::OnSpeedLimitChange({this=00004BFC022BED40}, {new_limit=69})
[1472:18424:0923/204852.404:VERBOSE1:media_stream_manager.cc(1533)] MSPL::OnSpeedLimitChange({this=00004BFC022BED40}, {new_limit=68})
[1472:18424:0923/204853.404:VERBOSE1:media_stream_manager.cc(1533)] MSPL::OnSpeedLimitChange({this=00004BFC022BED40}, {new_limit=69})
[1472:18424:0923/204854.406:VERBOSE1:media_stream_manager.cc(1533)] MSPL::OnSpeedLimitChange({this=00004BFC022BED40}, {new_limit=68})
[1472:18424:0923/204855.405:VERBOSE1:media_stream_manager.cc(1533)] MSPL::OnSpeedLimitChange({this=00004BFC022BED40}, {new_limit=67})
[1472:18424:0923/204857.405:VERBOSE1:media_stream_manager.cc(1533)] MSPL::OnSpeedLimitChange({this=00004BFC022BED40}, {new_limit=66})
[1472:18424:0923/204900.406:VERBOSE1:media_stream_manager.cc(1533)] MSPL::OnSpeedLimitChange({this=00004BFC022BED40}, {new_limit=65})
[1472:18424:0923/204904.407:VERBOSE1:media_stream_manager.cc(1533)] MSPL::OnSpeedLimitChange({this=00004BFC022BED40}, {new_limit=66})
[1472:18424:0923/204907.408:VERBOSE1:media_stream_manager.cc(1533)] MSPL::OnSpeedLimitChange({this=00004BFC022BED40}, {new_limit=67})
[1472:18424:0923/204913.409:VERBOSE1:media_stream_manager.cc(1533)] MSPL::OnSpeedLimitChange({this=00004BFC022BED40}, {new_limit=68})
[1472:18424:0923/204915.409:VERBOSE1:media_stream_manager.cc(1533)] MSPL::OnSpeedLimitChange({this=00004BFC022BED40}, {new_limit=67})
[1472:18424:0923/204922.410:VERBOSE1:media_stream_manager.cc(1533)] MSPL::OnSpeedLimitChange({this=00004BFC022BED40}, {new_limit=68})
[1472:18424:0923/204926.411:VERBOSE1:media_stream_manager.cc(1533)] MSPL::OnSpeedLimitChange({this=00004BFC022BED40}, {new_limit=69})
[1472:18424:0923/204936.412:VERBOSE1:media_stream_manager.cc(1533)] MSPL::OnSpeedLimitChange({this=00004BFC022BED40}, {new_limit=68})
[1472:18424:0923/204938.413:VERBOSE1:media_stream_manager.cc(1533)] MSPL::OnSpeedLimitChange({this=00004BFC022BED40}, {new_limit=69})
[1472:18424:0923/204940.414:VERBOSE1:media_stream_manager.cc(1533)] MSPL::OnSpeedLimitChange({this=00004BFC022BED40}, {new_limit=70})
[1472:18424:0923/204943.415:VERBOSE1:media_stream_manager.cc(1533)] MSPL::OnSpeedLimitChange({this=00004BFC022BED40}, {new_limit=69})
[1472:18424:0923/204946.420:VERBOSE1:media_stream_manager.cc(1533)] MSPL::OnSpeedLimitChange({this=00004BFC022BED40}, {new_limit=70})
[1472:18424:0923/204948.420:VERBOSE1:media_stream_manager.cc(1533)] MSPL::OnSpeedLimitChange({this=00004BFC022BED40}, {new_limit=71})
[1472:18424:0923/204949.417:VERBOSE1:media_stream_manager.cc(1533)] MSPL::OnSpeedLimitChange({this=00004BFC022BED40}, {new_limit=70})
[1472:18424:0923/204953.420:VERBOSE1:media_stream_manager.cc(1533)] MSPL::OnSpeedLimitChange({this=00004BFC022BED40}, {new_limit=71})
[1472:18424:0923/204954.417:VERBOSE1:media_stream_manager.cc(1533)] MSPL::OnSpeedLimitChange({this=00004BFC022BED40}, {new_limit=72})
[1472:18424:0923/204957.417:VERBOSE1:media_stream_manager.cc(1533)] MSPL::OnSpeedLimitChange({this=00004BFC022BED40}, {new_limit=71})
[1472:18424:0923/204958.417:VERBOSE1:media_stream_manager.cc(1533)] MSPL::OnSpeedLimitChange({this=00004BFC022BED40}, {new_limit=70})
[1472:18424:0923/204959.418:VERBOSE1:media_stream_manager.cc(1533)] MSPL::OnSpeedLimitChange({this=00004BFC022BED40}, {new_limit=71})
[1472:18424:0923/205001.418:VERBOSE1:media_stream_manager.cc(1533)] MSPL::OnSpeedLimitChange({this=00004BFC022BED40}, {new_limit=70})
[1472:18424:0923/205004.750:VERBOSE1:media_stream_manager.cc(1533)] MSPL::OnSpeedLimitChange({this=00004BFC022BED40}, {new_limit=69})
[1472:18424:0923/205005.750:VERBOSE1:media_stream_manager.cc(1533)] MSPL::OnSpeedLimitChange({this=00004BFC022BED40}, {new_limit=68})
[1472:18424:0923/205006.750:VERBOSE1:media_stream_manager.cc(1533)] MSPL::OnSpeedLimitChange({this=00004BFC022BED40}, {new_limit=69})
[1472:18424:0923/205008.750:VERBOSE1:media_stream_manager.cc(1533)] MSPL::OnSpeedLimitChange({this=00004BFC022BED40}, {new_limit=68})
[1472:18424:0923/205010.750:VERBOSE1:media_stream_manager.cc(1533)] MSPL::OnSpeedLimitChange({this=00004BFC022BED40}, {new_limit=67})
[1472:18424:0923/205015.752:VERBOSE1:media_stream_manager.cc(1533)] MSPL::OnSpeedLimitChange({this=00004BFC022BED40}, {new_limit=66})
[1472:18424:0923/205017.752:VERBOSE1:media_stream_manager.cc(1533)] MSPL::OnSpeedLimitChange({this=00004BFC022BED40}, {new_limit=65})
[1472:18424:0923/205024.753:VERBOSE1:media_stream_manager.cc(1533)] MSPL::OnSpeedLimitChange({this=00004BFC022BED40}, {new_limit=66})
[1472:18424:0923/205025.754:VERBOSE1:media_stream_manager.cc(1533)] MSPL::OnSpeedLimitChange({this=00004BFC022BED40}, {new_limit=67})
[1472:18424:0923/205043.754:VERBOSE1:media_stream_manager.cc(1533)] MSPL::OnSpeedLimitChange({this=00004BFC022BED40}, {new_limit=68})
[1472:18424:0923/205044.754:VERBOSE1:media_stream_manager.cc(1533)] MSPL::OnSpeedLimitChange({this=00004BFC022BED40}, {new_limit=67})
[1472:18424:0923/205045.755:VERBOSE1:media_stream_manager.cc(1533)] MSPL::OnSpeedLimitChange({this=00004BFC022BED40}, {new_limit=68})
[1472:18424:0923/205048.755:VERBOSE1:media_stream_manager.cc(1533)] MSPL::OnSpeedLimitChange({this=00004BFC022BED40}, {new_limit=67})
[1472:18424:0923/205056.757:VERBOSE1:media_stream_manager.cc(1533)] MSPL::OnSpeedLimitChange({this=00004BFC022BED40}, {new_limit=66})
[4672:7044:0923/205100.425:VERBOSE1:network_delegate.cc(36)] NetworkDelegate::NotifyBeforeURLRequest: https://optimizationguide-pa.googleapis.com/v1:GetModels?key=dummytoken
[4672:7044:0923/205100.431:VERBOSE1:tls_handshaker.cc(105)] TlsClient: Continuing handshake
[4672:7044:0923/205100.431:VERBOSE1:tls_handshaker.cc(126)] TlsClient: SSL_do_handshake returned when entering early data. After retry, rv=-1, SSL_in_early_data=1
[4672:7044:0923/205100.516:VERBOSE1:tls_handshaker.cc(105)] TlsClient: Continuing handshake
[4672:7044:0923/205100.516:VERBOSE1:tls_handshaker.cc(105)] TlsClient: Continuing handshake
[4672:7044:0923/205100.516:VERBOSE1:tls_client_handshaker.cc(528)] Client: handshake finished
[1472:18424:0923/205101.758:VERBOSE1:media_stream_manager.cc(1533)] MSPL::OnSpeedLimitChange({this=00004BFC022BED40}, {new_limit=67})
[1472:18424:0923/205103.758:VERBOSE1:media_stream_manager.cc(1533)] MSPL::OnSpeedLimitChange({this=00004BFC022BED40}, {new_limit=68})
[1472:18424:0923/205104.758:VERBOSE1:media_stream_manager.cc(1533)] MSPL::OnSpeedLimitChange({this=00004BFC022BED40}, {new_limit=67})
[1472:18424:0923/205106.759:VERBOSE1:media_stream_manager.cc(1533)] MSPL::OnSpeedLimitChange({this=00004BFC022BED40}, {new_limit=68})
[1472:18424:0923/205108.759:VERBOSE1:media_stream_manager.cc(1533)] MSPL::OnSpeedLimitChange({this=00004BFC022BED40}, {new_limit=69})
[1472:18424:0923/205110.758:VERBOSE1:media_stream_manager.cc(1533)] MSPL::OnSpeedLimitChange({this=00004BFC022BED40}, {new_limit=70})
[1472:18424:0923/205111.758:VERBOSE1:media_stream_manager.cc(1533)] MSPL::OnSpeedLimitChange({this=00004BFC022BED40}, {new_limit=69})
[1472:18424:0923/205113.758:VERBOSE1:media_stream_manager.cc(1533)] MSPL::OnSpeedLimitChange({this=00004BFC022BED40}, {new_limit=68})
[1472:18424:0923/205115.758:VERBOSE1:media_stream_manager.cc(1533)] MSPL::OnSpeedLimitChange({this=00004BFC022BED40}, {new_limit=69})
[1472:18424:0923/205118.760:VERBOSE1:media_stream_manager.cc(1533)] MSPL::OnSpeedLimitChange({this=00004BFC022BED40}, {new_limit=68})
[1472:18424:0923/205121.761:VERBOSE1:media_stream_manager.cc(1533)] MSPL::OnSpeedLimitChange({this=00004BFC022BED40}, {new_limit=69})
[1472:18424:0923/205123.762:VERBOSE1:media_stream_manager.cc(1533)] MSPL::OnSpeedLimitChange({this=00004BFC022BED40}, {new_limit=70})
[1472:18424:0923/205125.763:VERBOSE1:media_stream_manager.cc(1533)] MSPL::OnSpeedLimitChange({this=00004BFC022BED40}, {new_limit=69})
[1472:18424:0923/205129.764:VERBOSE1:media_stream_manager.cc(1533)] MSPL::OnSpeedLimitChange({this=00004BFC022BED40}, {new_limit=68})
[1472:18424:0923/205131.763:VERBOSE1:media_stream_manager.cc(1533)] MSPL::OnSpeedLimitChange({this=00004BFC022BED40}, {new_limit=67})
[1472:18424:0923/205135.765:VERBOSE1:media_stream_manager.cc(1533)] MSPL::OnSpeedLimitChange({this=00004BFC022BED40}, {new_limit=68})
[1472:18424:0923/205139.764:VERBOSE1:media_stream_manager.cc(1533)] MSPL::OnSpeedLimitChange({this=00004BFC022BED40}, {new_limit=67})
[1472:18424:0923/205145.766:VERBOSE1:media_stream_manager.cc(1533)] MSPL::OnSpeedLimitChange({this=00004BFC022BED40}, {new_limit=66})
[1472:18424:0923/205150.767:VERBOSE1:media_stream_manager.cc(1533)] MSPL::OnSpeedLimitChange({this=00004BFC022BED40}, {new_limit=67})
[1472:18424:0923/205155.769:VERBOSE1:media_stream_manager.cc(1533)] MSPL::OnSpeedLimitChange({this=00004BFC022BED40}, {new_limit=68})
[1472:18424:0923/205159.769:VERBOSE1:media_stream_manager.cc(1533)] MSPL::OnSpeedLimitChange({this=00004BFC022BED40}, {new_limit=69})
[1472:18424:0923/205201.771:VERBOSE1:media_stream_manager.cc(1533)] MSPL::OnSpeedLimitChange({this=00004BFC022BED40}, {new_limit=68})
[1472:18424:0923/205203.770:VERBOSE1:media_stream_manager.cc(1533)] MSPL::OnSpeedLimitChange({this=00004BFC022BED40}, {new_limit=67})
[1472:18424:0923/205204.770:VERBOSE1:media_stream_manager.cc(1533)] MSPL::OnSpeedLimitChange({this=00004BFC022BED40}, {new_limit=69})
[1472:18424:0923/205205.771:VERBOSE1:media_stream_manager.cc(1533)] MSPL::OnSpeedLimitChange({this=00004BFC022BED40}, {new_limit=68})
[1472:18424:0923/205209.771:VERBOSE1:media_stream_manager.cc(1533)] MSPL::OnSpeedLimitChange({this=00004BFC022BED40}, {new_limit=67})
[1472:18424:0923/205211.773:VERBOSE1:media_stream_manager.cc(1533)] MSPL::OnSpeedLimitChange({this=00004BFC022BED40}, {new_limit=68})
[1472:18424:0923/205213.771:VERBOSE1:media_stream_manager.cc(1533)] MSPL::OnSpeedLimitChange({this=00004BFC022BED40}, {new_limit=69})
[1472:18424:0923/205214.772:VERBOSE1:media_stream_manager.cc(1533)] MSPL::OnSpeedLimitChange({this=00004BFC022BED40}, {new_limit=68})
[1472:18424:0923/205215.772:VERBOSE1:media_stream_manager.cc(1533)] MSPL::OnSpeedLimitChange({this=00004BFC022BED40}, {new_limit=67})
[1472:18424:0923/205216.772:VERBOSE1:media_stream_manager.cc(1533)] MSPL::OnSpeedLimitChange({this=00004BFC022BED40}, {new_limit=68})
[1472:18424:0923/205221.775:VERBOSE1:media_stream_manager.cc(1533)] MSPL::OnSpeedLimitChange({this=00004BFC022BED40}, {new_limit=67})
[1472:18424:0923/205226.776:VERBOSE1:media_stream_manager.cc(1533)] MSPL::OnSpeedLimitChange({this=00004BFC022BED40}, {new_limit=66})
[1472:18424:0923/205229.776:VERBOSE1:media_stream_manager.cc(1533)] MSPL::OnSpeedLimitChange({this=00004BFC022BED40}, {new_limit=67})
[1472:18424:0923/205233.776:VERBOSE1:media_stream_manager.cc(1533)] MSPL::OnSpeedLimitChange({this=00004BFC022BED40}, {new_limit=68})
[1472:18424:0923/205237.775:VERBOSE1:media_stream_manager.cc(1533)] MSPL::OnSpeedLimitChange({this=00004BFC022BED40}, {new_limit=69})
[1472:18424:0923/205239.776:VERBOSE1:media_stream_manager.cc(1533)] MSPL::OnSpeedLimitChange({this=00004BFC022BED40}, {new_limit=68})
[1472:18424:0923/205243.776:VERBOSE1:media_stream_manager.cc(1533)] MSPL::OnSpeedLimitChange({this=00004BFC022BED40}, {new_limit=67})
[1472:18424:0923/205247.777:VERBOSE1:media_stream_manager.cc(1533)] MSPL::OnSpeedLimitChange({this=00004BFC022BED40}, {new_limit=66})
[1472:18424:0923/205248.777:VERBOSE1:media_stream_manager.cc(1533)] MSPL::OnSpeedLimitChange({this=00004BFC022BED40}, {new_limit=67})
[1472:18424:0923/205255.778:VERBOSE1:media_stream_manager.cc(1533)] MSPL::OnSpeedLimitChange({this=00004BFC022BED40}, {new_limit=68})
[1472:18424:0923/205305.779:VERBOSE1:media_stream_manager.cc(1533)] MSPL::OnSpeedLimitChange({this=00004BFC022BED40}, {new_limit=67})
[1472:18424:0923/205311.781:VERBOSE1:media_stream_manager.cc(1533)] MSPL::OnSpeedLimitChange({this=00004BFC022BED40}, {new_limit=68})
[1472:18424:0923/205320.782:VERBOSE1:media_stream_manager.cc(1533)] MSPL::OnSpeedLimitChange({this=00004BFC022BED40}, {new_limit=67})
[1472:18424:0923/205321.782:VERBOSE1:media_stream_manager.cc(1533)] MSPL::OnSpeedLimitChange({this=00004BFC022BED40}, {new_limit=68})
[1472:18424:0923/205322.782:VERBOSE1:media_stream_manager.cc(1533)] MSPL::OnSpeedLimitChange({this=00004BFC022BED40}, {new_limit=67})
[1472:18424:0923/205328.785:VERBOSE1:media_stream_manager.cc(1533)] MSPL::OnSpeedLimitChange({this=00004BFC022BED40}, {new_limit=66})
[1472:18424:0923/205329.785:VERBOSE1:media_stream_manager.cc(1533)] MSPL::OnSpeedLimitChange({this=00004BFC022BED40}, {new_limit=67})
[1472:18424:0923/205331.787:VERBOSE1:media_stream_manager.cc(1533)] MSPL::OnSpeedLimitChange({this=00004BFC022BED40}, {new_limit=66})
[1472:18424:0923/205332.788:VERBOSE1:media_stream_manager.cc(1533)] MSPL::OnSpeedLimitChange({this=00004BFC022BED40}, {new_limit=67})
[1472:18424:0923/205335.787:VERBOSE1:media_stream_manager.cc(1533)] MSPL::OnSpeedLimitChange({this=00004BFC022BED40}, {new_limit=68})
[1472:18424:0923/205336.788:VERBOSE1:media_stream_manager.cc(1533)] MSPL::OnSpeedLimitChange({this=00004BFC022BED40}, {new_limit=69})
[4672:7044:0923/205337.121:VERBOSE1:network_delegate.cc(36)] NetworkDelegate::NotifyBeforeURLRequest: https://optimizationguide-pa.googleapis.com/v1:GetModels?key=dummytoken
[4672:7044:0923/205337.128:VERBOSE1:tls_handshaker.cc(105)] TlsClient: Continuing handshake
[4672:7044:0923/205337.128:VERBOSE1:tls_handshaker.cc(126)] TlsClient: SSL_do_handshake returned when entering early data. After retry, rv=-1, SSL_in_early_data=1
[4672:7044:0923/205337.188:VERBOSE1:tls_handshaker.cc(105)] TlsClient: Continuing handshake
[4672:7044:0923/205337.188:VERBOSE1:tls_handshaker.cc(105)] TlsClient: Continuing handshake
[4672:7044:0923/205337.188:VERBOSE1:tls_client_handshaker.cc(528)] Client: handshake finished
[1472:18424:0923/205338.788:VERBOSE1:media_stream_manager.cc(1533)] MSPL::OnSpeedLimitChange({this=00004BFC022BED40}, {new_limit=70})
[1472:18424:0923/205339.788:VERBOSE1:media_stream_manager.cc(1533)] MSPL::OnSpeedLimitChange({this=00004BFC022BED40}, {new_limit=69})
[1472:18424:0923/205340.788:VERBOSE1:media_stream_manager.cc(1533)] MSPL::OnSpeedLimitChange({this=00004BFC022BED40}, {new_limit=70})
[1472:18424:0923/205343.788:VERBOSE1:media_stream_manager.cc(1533)] MSPL::OnSpeedLimitChange({this=00004BFC022BED40}, {new_limit=69})
[1472:18424:0923/205349.788:VERBOSE1:media_stream_manager.cc(1533)] MSPL::OnSpeedLimitChange({this=00004BFC022BED40}, {new_limit=70})
[1472:18424:0923/205350.788:VERBOSE1:media_stream_manager.cc(1533)] MSPL::OnSpeedLimitChange({this=00004BFC022BED40}, {new_limit=69})
[1472:18424:0923/205351.788:VERBOSE1:media_stream_manager.cc(1533)] MSPL::OnSpeedLimitChange({this=00004BFC022BED40}, {new_limit=68})
[1472:18424:0923/205352.788:VERBOSE1:media_stream_manager.cc(1533)] MSPL::OnSpeedLimitChange({this=00004BFC022BED40}, {new_limit=69})
[1472:18424:0923/205353.788:VERBOSE1:media_stream_manager.cc(1533)] MSPL::OnSpeedLimitChange({this=00004BFC022BED40}, {new_limit=70})
[1472:18424:0923/205356.788:VERBOSE1:media_stream_manager.cc(1533)] MSPL::OnSpeedLimitChange({this=00004BFC022BED40}, {new_limit=69})
[1472:18424:0923/205401.792:VERBOSE1:media_stream_manager.cc(1533)] MSPL::OnSpeedLimitChange({this=00004BFC022BED40}, {new_limit=70})
[1472:18424:0923/205402.792:VERBOSE1:media_stream_manager.cc(1533)] MSPL::OnSpeedLimitChange({this=00004BFC022BED40}, {new_limit=69})
[1472:18424:0923/205406.794:VERBOSE1:media_stream_manager.cc(1533)] MSPL::OnSpeedLimitChange({this=00004BFC022BED40}, {new_limit=70})
[1472:18424:0923/205408.793:VERBOSE1:media_stream_manager.cc(1533)] MSPL::OnSpeedLimitChange({this=00004BFC022BED40}, {new_limit=69})
[1472:18424:0923/205410.793:VERBOSE1:media_stream_manager.cc(1533)] MSPL::OnSpeedLimitChange({this=00004BFC022BED40}, {new_limit=70})
[1472:18424:0923/205411.793:VERBOSE1:media_stream_manager.cc(1533)] MSPL::OnSpeedLimitChange({this=00004BFC022BED40}, {new_limit=69})
[1472:18424:0923/205418.796:VERBOSE1:media_stream_manager.cc(1533)] MSPL::OnSpeedLimitChange({this=00004BFC022BED40}, {new_limit=70})
[1472:18424:0923/205420.795:VERBOSE1:media_stream_manager.cc(1533)] MSPL::OnSpeedLimitChange({this=00004BFC022BED40}, {new_limit=69})
[1472:18424:0923/205421.795:VERBOSE1:media_stream_manager.cc(1533)] MSPL::OnSpeedLimitChange({this=00004BFC022BED40}, {new_limit=70})
[1472:18424:0923/205422.795:VERBOSE1:media_stream_manager.cc(1533)] MSPL::OnSpeedLimitChange({this=00004BFC022BED40}, {new_limit=69})
[1472:18424:0923/205425.796:VERBOSE1:media_stream_manager.cc(1533)] MSPL::OnSpeedLimitChange({this=00004BFC022BED40}, {new_limit=68})
[1472:18424:0923/205427.795:VERBOSE1:media_stream_manager.cc(1533)] MSPL::OnSpeedLimitChange({this=00004BFC022BED40}, {new_limit=67})
[1472:18424:0923/205438.797:VERBOSE1:media_stream_manager.cc(1533)] MSPL::OnSpeedLimitChange({this=00004BFC022BED40}, {new_limit=68})
[1472:18424:0923/205441.798:VERBOSE1:media_stream_manager.cc(1533)] MSPL::OnSpeedLimitChange({this=00004BFC022BED40}, {new_limit=67})
[1472:18424:0923/205446.798:VERBOSE1:media_stream_manager.cc(1533)] MSPL::OnSpeedLimitChange({this=00004BFC022BED40}, {new_limit=68})
[1472:18424:0923/205447.798:VERBOSE1:media_stream_manager.cc(1533)] MSPL::OnSpeedLimitChange({this=00004BFC022BED40}, {new_limit=67})
[1472:18424:0923/205450.799:VERBOSE1:media_stream_manager.cc(1533)] MSPL::OnSpeedLimitChange({this=00004BFC022BED40}, {new_limit=68})
[1472:18424:0923/205456.800:VERBOSE1:media_stream_manager.cc(1533)] MSPL::OnSpeedLimitChange({this=00004BFC022BED40}, {new_limit=67})
[1472:18424:0923/205511.801:VERBOSE1:media_stream_manager.cc(1533)] MSPL::OnSpeedLimitChange({this=00004BFC022BED40}, {new_limit=68})
[1472:18424:0923/205513.800:VERBOSE1:media_stream_manager.cc(1533)] MSPL::OnSpeedLimitChange({this=00004BFC022BED40}, {new_limit=67})
[1472:18424:0923/205514.800:VERBOSE1:media_stream_manager.cc(1533)] MSPL::OnSpeedLimitChange({this=00004BFC022BED40}, {new_limit=68})
[1472:18424:0923/205518.802:VERBOSE1:media_stream_manager.cc(1533)] MSPL::OnSpeedLimitChange({this=00004BFC022BED40}, {new_limit=69})
[1472:18424:0923/205520.802:VERBOSE1:media_stream_manager.cc(1533)] MSPL::OnSpeedLimitChange({this=00004BFC022BED40}, {new_limit=70})
[1472:18424:0923/205521.802:VERBOSE1:media_stream_manager.cc(1533)] MSPL::OnSpeedLimitChange({this=00004BFC022BED40}, {new_limit=69})
[1472:18424:0923/205524.803:VERBOSE1:media_stream_manager.cc(1533)] MSPL::OnSpeedLimitChange({this=00004BFC022BED40}, {new_limit=70})
[1472:18424:0923/205525.803:VERBOSE1:media_stream_manager.cc(1533)] MSPL::OnSpeedLimitChange({this=00004BFC022BED40}, {new_limit=69})
[1472:18424:0923/205530.804:VERBOSE1:media_stream_manager.cc(1533)] MSPL::OnSpeedLimitChange({this=00004BFC022BED40}, {new_limit=68})
[1472:18424:0923/205531.805:VERBOSE1:media_stream_manager.cc(1533)] MSPL::OnSpeedLimitChange({this=00004BFC022BED40}, {new_limit=69})
[1472:18424:0923/205539.808:VERBOSE1:media_stream_manager.cc(1533)] MSPL::OnSpeedLimitChange({this=00004BFC022BED40}, {new_limit=68})
[1472:18424:0923/205541.807:VERBOSE1:media_stream_manager.cc(1533)] MSPL::OnSpeedLimitChange({this=00004BFC022BED40}, {new_limit=67})
[1472:18424:0923/205549.807:VERBOSE1:media_stream_manager.cc(1533)] MSPL::OnSpeedLimitChange({this=00004BFC022BED40}, {new_limit=68})
[1472:18424:0923/205554.807:VERBOSE1:media_stream_manager.cc(1533)] MSPL::OnSpeedLimitChange({this=00004BFC022BED40}, {new_limit=67})
[1472:18424:0923/205557.806:VERBOSE1:media_stream_manager.cc(1533)] MSPL::OnSpeedLimitChange({this=00004BFC022BED40}, {new_limit=68})
[1472:18424:0923/205601.808:VERBOSE1:media_stream_manager.cc(1533)] MSPL::OnSpeedLimitChange({this=00004BFC022BED40}, {new_limit=69})
[1472:18424:0923/205606.808:VERBOSE1:media_stream_manager.cc(1533)] MSPL::OnSpeedLimitChange({this=00004BFC022BED40}, {new_limit=70})
[1472:18424:0923/205607.808:VERBOSE1:media_stream_manager.cc(1533)] MSPL::OnSpeedLimitChange({this=00004BFC022BED40}, {new_limit=69})
[1472:18424:0923/205608.808:VERBOSE1:media_stream_manager.cc(1533)] MSPL::OnSpeedLimitChange({this=00004BFC022BED40}, {new_limit=70})
[1472:18424:0923/205610.809:VERBOSE1:media_stream_manager.cc(1533)] MSPL::OnSpeedLimitChange({this=00004BFC022BED40}, {new_limit=69})
[1472:18424:0923/205614.809:VERBOSE1:media_stream_manager.cc(1533)] MSPL::OnSpeedLimitChange({this=00004BFC022BED40}, {new_limit=70})
[4672:7044:0923/205619.478:VERBOSE1:network_delegate.cc(36)] NetworkDelegate::NotifyBeforeURLRequest: https://optimizationguide-pa.googleapis.com/v1:GetModels?key=dummytoken
[4672:7044:0923/205619.483:VERBOSE1:tls_handshaker.cc(105)] TlsClient: Continuing handshake
[4672:7044:0923/205619.483:VERBOSE1:tls_handshaker.cc(126)] TlsClient: SSL_do_handshake returned when entering early data. After retry, rv=-1, SSL_in_early_data=1
[4672:7044:0923/205619.545:VERBOSE1:tls_handshaker.cc(105)] TlsClient: Continuing handshake
[4672:7044:0923/205619.545:VERBOSE1:tls_handshaker.cc(105)] TlsClient: Continuing handshake
[4672:7044:0923/205619.545:VERBOSE1:tls_client_handshaker.cc(528)] Client: handshake finished
[1472:18424:0923/205619.810:VERBOSE1:media_stream_manager.cc(1533)] MSPL::OnSpeedLimitChange({this=00004BFC022BED40}, {new_limit=69})
[1472:18424:0923/205620.810:VERBOSE1:media_stream_manager.cc(1533)] MSPL::OnSpeedLimitChange({this=00004BFC022BED40}, {new_limit=70})
[1472:18424:0923/205625.809:VERBOSE1:media_stream_manager.cc(1533)] MSPL::OnSpeedLimitChange({this=00004BFC022BED40}, {new_limit=69})
[1472:18424:0923/205627.812:VERBOSE1:media_stream_manager.cc(1533)] MSPL::OnSpeedLimitChange({this=00004BFC022BED40}, {new_limit=68})
[1472:18424:0923/205629.810:VERBOSE1:media_stream_manager.cc(1533)] MSPL::OnSpeedLimitChange({this=00004BFC022BED40}, {new_limit=69})
[1472:18424:0923/205636.811:VERBOSE1:media_stream_manager.cc(1533)] MSPL::OnSpeedLimitChange({this=00004BFC022BED40}, {new_limit=70})
[1472:18424:0923/205639.812:VERBOSE1:media_stream_manager.cc(1533)] MSPL::OnSpeedLimitChange({this=00004BFC022BED40}, {new_limit=71})
[1472:18424:0923/205640.812:VERBOSE1:media_stream_manager.cc(1533)] MSPL::OnSpeedLimitChange({this=00004BFC022BED40}, {new_limit=70})
[1472:18424:0923/205641.812:VERBOSE1:media_stream_manager.cc(1533)] MSPL::OnSpeedLimitChange({this=00004BFC022BED40}, {new_limit=71})
[1472:18424:0923/205642.812:VERBOSE1:media_stream_manager.cc(1533)] MSPL::OnSpeedLimitChange({this=00004BFC022BED40}, {new_limit=70})
[1472:18424:0923/205643.812:VERBOSE1:media_stream_manager.cc(1533)] MSPL::OnSpeedLimitChange({this=00004BFC022BED40}, {new_limit=69})
[1472:18424:0923/205649.814:VERBOSE1:media_stream_manager.cc(1533)] MSPL::OnSpeedLimitChange({this=00004BFC022BED40}, {new_limit=68})
[1472:18424:0923/205650.815:VERBOSE1:media_stream_manager.cc(1533)] MSPL::OnSpeedLimitChange({this=00004BFC022BED40}, {new_limit=69})
[1472:18424:0923/205651.814:VERBOSE1:media_stream_manager.cc(1533)] MSPL::OnSpeedLimitChange({this=00004BFC022BED40}, {new_limit=68})
[1472:18424:0923/205652.815:VERBOSE1:media_stream_manager.cc(1533)] MSPL::OnSpeedLimitChange({this=00004BFC022BED40}, {new_limit=69})
[1472:18424:0923/205653.815:VERBOSE1:media_stream_manager.cc(1533)] MSPL::OnSpeedLimitChange({this=00004BFC022BED40}, {new_limit=70})
[1472:18424:0923/205659.818:VERBOSE1:media_stream_manager.cc(1533)] MSPL::OnSpeedLimitChange({this=00004BFC022BED40}, {new_limit=71})
[1472:18424:0923/205700.818:VERBOSE1:media_stream_manager.cc(1533)] MSPL::OnSpeedLimitChange({this=00004BFC022BED40}, {new_limit=70})
[1472:18424:0923/205701.817:VERBOSE1:media_stream_manager.cc(1533)] MSPL::OnSpeedLimitChange({this=00004BFC022BED40}, {new_limit=71})
[1472:18424:0923/205702.818:VERBOSE1:media_stream_manager.cc(1533)] MSPL::OnSpeedLimitChange({this=00004BFC022BED40}, {new_limit=70})
[1472:18424:0923/205703.818:VERBOSE1:media_stream_manager.cc(1533)] MSPL::OnSpeedLimitChange({this=00004BFC022BED40}, {new_limit=69})
[1472:18424:0923/205704.819:VERBOSE1:media_stream_manager.cc(1533)] MSPL::OnSpeedLimitChange({this=00004BFC022BED40}, {new_limit=68})
[1472:18424:0923/205709.820:VERBOSE1:media_stream_manager.cc(1533)] MSPL::OnSpeedLimitChange({this=00004BFC022BED40}, {new_limit=67})
[1472:18424:0923/205711.819:VERBOSE1:media_stream_manager.cc(1533)] MSPL::OnSpeedLimitChange({this=00004BFC022BED40}, {new_limit=66})
[1472:18424:0923/205713.820:VERBOSE1:media_stream_manager.cc(1533)] MSPL::OnSpeedLimitChange({this=00004BFC022BED40}, {new_limit=67})
[1472:18424:0923/205718.820:VERBOSE1:media_stream_manager.cc(1533)] MSPL::OnSpeedLimitChange({this=00004BFC022BED40}, {new_limit=68})
[1472:18424:0923/205723.823:VERBOSE1:media_stream_manager.cc(1533)] MSPL::OnSpeedLimitChange({this=00004BFC022BED40}, {new_limit=67})
[1472:18424:0923/205736.827:VERBOSE1:media_stream_manager.cc(1533)] MSPL::OnSpeedLimitChange({this=00004BFC022BED40}, {new_limit=68})
[1472:18424:0923/205741.830:VERBOSE1:media_stream_manager.cc(1533)] MSPL::OnSpeedLimitChange({this=00004BFC022BED40}, {new_limit=69})
[1472:18424:0923/205745.829:VERBOSE1:media_stream_manager.cc(1533)] MSPL::OnSpeedLimitChange({this=00004BFC022BED40}, {new_limit=68})
[1472:18424:0923/205751.829:VERBOSE1:media_stream_manager.cc(1533)] MSPL::OnSpeedLimitChange({this=00004BFC022BED40}, {new_limit=67})
[1472:18424:0923/205758.831:VERBOSE1:media_stream_manager.cc(1533)] MSPL::OnSpeedLimitChange({this=00004BFC022BED40}, {new_limit=68})
[1472:18424:0923/205759.830:VERBOSE1:media_stream_manager.cc(1533)] MSPL::OnSpeedLimitChange({this=00004BFC022BED40}, {new_limit=67})
[1472:18424:0923/205800.831:VERBOSE1:media_stream_manager.cc(1533)] MSPL::OnSpeedLimitChange({this=00004BFC022BED40}, {new_limit=68})
[1472:18424:0923/205805.830:VERBOSE1:media_stream_manager.cc(1533)] MSPL::OnSpeedLimitChange({this=00004BFC022BED40}, {new_limit=69})
[1472:18424:0923/205814.834:VERBOSE1:media_stream_manager.cc(1533)] MSPL::OnSpeedLimitChange({this=00004BFC022BED40}, {new_limit=70})
[1472:18424:0923/205817.835:VERBOSE1:media_stream_manager.cc(1533)] MSPL::OnSpeedLimitChange({this=00004BFC022BED40}, {new_limit=71})
[1472:18424:0923/205818.835:VERBOSE1:media_stream_manager.cc(1533)] MSPL::OnSpeedLimitChange({this=00004BFC022BED40}, {new_limit=72})
[1472:18424:0923/205824.838:VERBOSE1:media_stream_manager.cc(1533)] MSPL::OnSpeedLimitChange({this=00004BFC022BED40}, {new_limit=70})
[1472:18424:0923/205828.837:VERBOSE1:media_stream_manager.cc(1533)] MSPL::OnSpeedLimitChange({this=00004BFC022BED40}, {new_limit=69})
[1472:18424:0923/205835.839:VERBOSE1:media_stream_manager.cc(1533)] MSPL::OnSpeedLimitChange({this=00004BFC022BED40}, {new_limit=70})
[1472:18424:0923/205836.840:VERBOSE1:media_stream_manager.cc(1533)] MSPL::OnSpeedLimitChange({this=00004BFC022BED40}, {new_limit=69})
[1472:18424:0923/205844.840:VERBOSE1:media_stream_manager.cc(1533)] MSPL::OnSpeedLimitChange({this=00004BFC022BED40}, {new_limit=68})
[1472:18424:0923/205845.840:VERBOSE1:media_stream_manager.cc(1533)] MSPL::OnSpeedLimitChange({this=00004BFC022BED40}, {new_limit=67})
[4672:7044:0923/205855.843:VERBOSE1:network_delegate.cc(36)] NetworkDelegate::NotifyBeforeURLRequest: https://optimizationguide-pa.googleapis.com/v1:GetModels?key=dummytoken
[4672:7044:0923/205855.849:VERBOSE1:tls_handshaker.cc(105)] TlsClient: Continuing handshake
[4672:7044:0923/205855.849:VERBOSE1:tls_handshaker.cc(126)] TlsClient: SSL_do_handshake returned when entering early data. After retry, rv=-1, SSL_in_early_data=1
[4672:7044:0923/205855.932:VERBOSE1:tls_handshaker.cc(105)] TlsClient: Continuing handshake
[4672:7044:0923/205855.932:VERBOSE1:tls_handshaker.cc(105)] TlsClient: Continuing handshake
[4672:7044:0923/205855.932:VERBOSE1:tls_client_handshaker.cc(528)] Client: handshake finished
[1472:18424:0923/205856.843:VERBOSE1:media_stream_manager.cc(1533)] MSPL::OnSpeedLimitChange({this=00004BFC022BED40}, {new_limit=68})
[1472:18424:0923/205903.844:VERBOSE1:media_stream_manager.cc(1533)] MSPL::OnSpeedLimitChange({this=00004BFC022BED40}, {new_limit=69})
[1472:18424:0923/205905.845:VERBOSE1:media_stream_manager.cc(1533)] MSPL::OnSpeedLimitChange({this=00004BFC022BED40}, {new_limit=68})
[1472:18424:0923/205907.845:VERBOSE1:media_stream_manager.cc(1533)] MSPL::OnSpeedLimitChange({this=00004BFC022BED40}, {new_limit=67})
[1472:18424:0923/205909.845:VERBOSE1:media_stream_manager.cc(1533)] MSPL::OnSpeedLimitChange({this=00004BFC022BED40}, {new_limit=68})
[1472:18424:0923/205910.846:VERBOSE1:media_stream_manager.cc(1533)] MSPL::OnSpeedLimitChange({this=00004BFC022BED40}, {new_limit=67})
[1472:18424:0923/205917.846:VERBOSE1:media_stream_manager.cc(1533)] MSPL::OnSpeedLimitChange({this=00004BFC022BED40}, {new_limit=65})
[1472:18424:0923/205919.846:VERBOSE1:media_stream_manager.cc(1533)] MSPL::OnSpeedLimitChange({this=00004BFC022BED40}, {new_limit=64})
[1472:18424:0923/205925.848:VERBOSE1:media_stream_manager.cc(1533)] MSPL::OnSpeedLimitChange({this=00004BFC022BED40}, {new_limit=65})
[1472:18424:0923/205927.849:VERBOSE1:media_stream_manager.cc(1533)] MSPL::OnSpeedLimitChange({this=00004BFC022BED40}, {new_limit=68})
[1472:18424:0923/205928.849:VERBOSE1:media_stream_manager.cc(1533)] MSPL::OnSpeedLimitChange({this=00004BFC022BED40}, {new_limit=67})
[1472:18424:0923/205929.849:VERBOSE1:media_stream_manager.cc(1533)] MSPL::OnSpeedLimitChange({this=00004BFC022BED40}, {new_limit=68})
[1472:18424:0923/205930.849:VERBOSE1:media_stream_manager.cc(1533)] MSPL::OnSpeedLimitChange({this=00004BFC022BED40}, {new_limit=69})
[1472:18424:0923/205931.849:VERBOSE1:media_stream_manager.cc(1533)] MSPL::OnSpeedLimitChange({this=00004BFC022BED40}, {new_limit=70})
[1472:18424:0923/205939.851:VERBOSE1:media_stream_manager.cc(1533)] MSPL::OnSpeedLimitChange({this=00004BFC022BED40}, {new_limit=69})
[1472:18424:0923/205942.853:VERBOSE1:media_stream_manager.cc(1533)] MSPL::OnSpeedLimitChange({this=00004BFC022BED40}, {new_limit=70})
[1472:18424:0923/205943.853:VERBOSE1:media_stream_manager.cc(1533)] MSPL::OnSpeedLimitChange({this=00004BFC022BED40}, {new_limit=69})
[1472:18424:0923/205951.854:VERBOSE1:media_stream_manager.cc(1533)] MSPL::OnSpeedLimitChange({this=00004BFC022BED40}, {new_limit=68})
[1472:18424:0923/205952.856:VERBOSE1:media_stream_manager.cc(1533)] MSPL::OnSpeedLimitChange({this=00004BFC022BED40}, {new_limit=67})
[1472:18424:0923/205956.855:VERBOSE1:media_stream_manager.cc(1533)] MSPL::OnSpeedLimitChange({this=00004BFC022BED40}, {new_limit=66})
[1472:18424:0923/205957.855:VERBOSE1:media_stream_manager.cc(1533)] MSPL::OnSpeedLimitChange({this=00004BFC022BED40}, {new_limit=67})
[1472:18424:0923/210000.855:VERBOSE1:media_stream_manager.cc(1533)] MSPL::OnSpeedLimitChange({this=00004BFC022BED40}, {new_limit=68})
[1472:18424:0923/210003.855:VERBOSE1:media_stream_manager.cc(1533)] MSPL::OnSpeedLimitChange({this=00004BFC022BED40}, {new_limit=69})
[1472:18424:0923/210004.855:VERBOSE1:media_stream_manager.cc(1533)] MSPL::OnSpeedLimitChange({this=00004BFC022BED40}, {new_limit=68})
[1472:18424:0923/210006.855:VERBOSE1:media_stream_manager.cc(1533)] MSPL::OnSpeedLimitChange({this=00004BFC022BED40}, {new_limit=69})
[1472:18424:0923/210008.856:VERBOSE1:media_stream_manager.cc(1533)] MSPL::OnSpeedLimitChange({this=00004BFC022BED40}, {new_limit=68})
[1472:18424:0923/210010.856:VERBOSE1:media_stream_manager.cc(1533)] MSPL::OnSpeedLimitChange({this=00004BFC022BED40}, {new_limit=67})
[1472:18424:0923/210011.857:VERBOSE1:media_stream_manager.cc(1533)] MSPL::OnSpeedLimitChange({this=00004BFC022BED40}, {new_limit=68})
[1472:18424:0923/210018.857:VERBOSE1:media_stream_manager.cc(1533)] MSPL::OnSpeedLimitChange({this=00004BFC022BED40}, {new_limit=69})
[1472:18424:0923/210019.857:VERBOSE1:media_stream_manager.cc(1533)] MSPL::OnSpeedLimitChange({this=00004BFC022BED40}, {new_limit=70})
[1472:18424:0923/210022.857:VERBOSE1:media_stream_manager.cc(1533)] MSPL::OnSpeedLimitChange({this=00004BFC022BED40}, {new_limit=69})
[1472:18424:0923/210023.857:VERBOSE1:media_stream_manager.cc(1533)] MSPL::OnSpeedLimitChange({this=00004BFC022BED40}, {new_limit=70})
[1472:18424:0923/210024.859:VERBOSE1:media_stream_manager.cc(1533)] MSPL::OnSpeedLimitChange({this=00004BFC022BED40}, {new_limit=69})
[1472:18424:0923/210028.859:VERBOSE1:media_stream_manager.cc(1533)] MSPL::OnSpeedLimitChange({this=00004BFC022BED40}, {new_limit=67})
[1472:18424:0923/210031.859:VERBOSE1:media_stream_manager.cc(1533)] MSPL::OnSpeedLimitChange({this=00004BFC022BED40}, {new_limit=66})
[1472:18424:0923/210033.859:VERBOSE1:media_stream_manager.cc(1533)] MSPL::OnSpeedLimitChange({this=00004BFC022BED40}, {new_limit=65})
[1472:18424:0923/210034.859:VERBOSE1:media_stream_manager.cc(1533)] MSPL::OnSpeedLimitChange({this=00004BFC022BED40}, {new_limit=66})
[1472:18424:0923/210040.859:VERBOSE1:media_stream_manager.cc(1533)] MSPL::OnSpeedLimitChange({this=00004BFC022BED40}, {new_limit=67})
[1472:18424:0923/210045.863:VERBOSE1:media_stream_manager.cc(1533)] MSPL::OnSpeedLimitChange({this=00004BFC022BED40}, {new_limit=68})
[1472:18424:0923/210049.863:VERBOSE1:media_stream_manager.cc(1533)] MSPL::OnSpeedLimitChange({this=00004BFC022BED40}, {new_limit=67})
[1472:18424:0923/210054.865:VERBOSE1:media_stream_manager.cc(1533)] MSPL::OnSpeedLimitChange({this=00004BFC022BED40}, {new_limit=68})
[1472:18424:0923/210055.864:VERBOSE1:media_stream_manager.cc(1533)] MSPL::OnSpeedLimitChange({this=00004BFC022BED40}, {new_limit=67})
[1472:18424:0923/210105.867:VERBOSE1:media_stream_manager.cc(1533)] MSPL::OnSpeedLimitChange({this=00004BFC022BED40}, {new_limit=68})
[1472:18424:0923/210108.867:VERBOSE1:media_stream_manager.cc(1533)] MSPL::OnSpeedLimitChange({this=00004BFC022BED40}, {new_limit=69})
[1472:18424:0923/210113.873:VERBOSE1:media_stream_manager.cc(1533)] MSPL::OnSpeedLimitChange({this=00004BFC022BED40}, {new_limit=68})
[1472:18424:0923/210115.874:VERBOSE1:media_stream_manager.cc(1533)] MSPL::OnSpeedLimitChange({this=00004BFC022BED40}, {new_limit=67})
[1472:18424:0923/210122.875:VERBOSE1:media_stream_manager.cc(1533)] MSPL::OnSpeedLimitChange({this=00004BFC022BED40}, {new_limit=68})
[1472:18424:0923/210127.874:VERBOSE1:media_stream_manager.cc(1533)] MSPL::OnSpeedLimitChange({this=00004BFC022BED40}, {new_limit=69})
[1472:18424:0923/210130.875:VERBOSE1:media_stream_manager.cc(1533)] MSPL::OnSpeedLimitChange({this=00004BFC022BED40}, {new_limit=70})
[1472:18424:0923/210131.874:VERBOSE1:media_stream_manager.cc(1533)] MSPL::OnSpeedLimitChange({this=00004BFC022BED40}, {new_limit=69})
[1472:18424:0923/210139.876:VERBOSE1:media_stream_manager.cc(1533)] MSPL::OnSpeedLimitChange({this=00004BFC022BED40}, {new_limit=68})
[1472:18424:0923/210140.875:VERBOSE1:media_stream_manager.cc(1533)] MSPL::OnSpeedLimitChange({this=00004BFC022BED40}, {new_limit=67})
[1472:18424:0923/210148.877:VERBOSE1:media_stream_manager.cc(1533)] MSPL::OnSpeedLimitChange({this=00004BFC022BED40}, {new_limit=66})
[1472:18424:0923/210149.878:VERBOSE1:media_stream_manager.cc(1533)] MSPL::OnSpeedLimitChange({this=00004BFC022BED40}, {new_limit=67})
[4672:7044:0923/210151.212:VERBOSE1:network_delegate.cc(36)] NetworkDelegate::NotifyBeforeURLRequest: https://optimizationguide-pa.googleapis.com/v1:GetModels?key=dummytoken
[4672:7044:0923/210151.218:VERBOSE1:tls_handshaker.cc(105)] TlsClient: Continuing handshake
[4672:7044:0923/210151.219:VERBOSE1:tls_handshaker.cc(126)] TlsClient: SSL_do_handshake returned when entering early data. After retry, rv=-1, SSL_in_early_data=1
[4672:7044:0923/210151.305:VERBOSE1:tls_handshaker.cc(105)] TlsClient: Continuing handshake
[4672:7044:0923/210151.305:VERBOSE1:tls_handshaker.cc(105)] TlsClient: Continuing handshake
[4672:7044:0923/210151.305:VERBOSE1:tls_client_handshaker.cc(528)] Client: handshake finished
[1472:18424:0923/210155.880:VERBOSE1:media_stream_manager.cc(1533)] MSPL::OnSpeedLimitChange({this=00004BFC022BED40}, {new_limit=66})
[1472:18424:0923/210156.880:VERBOSE1:media_stream_manager.cc(1533)] MSPL::OnSpeedLimitChange({this=00004BFC022BED40}, {new_limit=67})
[1472:18424:0923/210204.880:VERBOSE1:media_stream_manager.cc(1533)] MSPL::OnSpeedLimitChange({this=00004BFC022BED40}, {new_limit=68})
[1472:18424:0923/210209.884:VERBOSE1:media_stream_manager.cc(1533)] MSPL::OnSpeedLimitChange({this=00004BFC022BED40}, {new_limit=67})
[1472:18424:0923/210220.886:VERBOSE1:media_stream_manager.cc(1533)] MSPL::OnSpeedLimitChange({this=00004BFC022BED40}, {new_limit=68})
[1472:18424:0923/210222.886:VERBOSE1:media_stream_manager.cc(1533)] MSPL::OnSpeedLimitChange({this=00004BFC022BED40}, {new_limit=67})
[1472:18424:0923/210223.887:VERBOSE1:media_stream_manager.cc(1533)] MSPL::OnSpeedLimitChange({this=00004BFC022BED40}, {new_limit=68})
[1472:18424:0923/210229.889:VERBOSE1:media_stream_manager.cc(1533)] MSPL::OnSpeedLimitChange({this=00004BFC022BED40}, {new_limit=69})
[1472:18424:0923/210230.890:VERBOSE1:media_stream_manager.cc(1533)] MSPL::OnSpeedLimitChange({this=00004BFC022BED40}, {new_limit=68})
[1472:18424:0923/210232.890:VERBOSE1:media_stream_manager.cc(1533)] MSPL::OnSpeedLimitChange({this=00004BFC022BED40}, {new_limit=69})
[1472:18424:0923/210235.890:VERBOSE1:media_stream_manager.cc(1533)] MSPL::OnSpeedLimitChange({this=00004BFC022BED40}, {new_limit=68})
[1472:18424:0923/210236.892:VERBOSE1:media_stream_manager.cc(1533)] MSPL::OnSpeedLimitChange({this=00004BFC022BED40}, {new_limit=69})
[1472:18424:0923/210240.893:VERBOSE1:media_stream_manager.cc(1533)] MSPL::OnSpeedLimitChange({this=00004BFC022BED40}, {new_limit=70})
[1472:18424:0923/210242.895:VERBOSE1:media_stream_manager.cc(1533)] MSPL::OnSpeedLimitChange({this=00004BFC022BED40}, {new_limit=69})
[1472:18424:0923/210247.895:VERBOSE1:media_stream_manager.cc(1533)] MSPL::OnSpeedLimitChange({this=00004BFC022BED40}, {new_limit=68})
[1472:18424:0923/210249.895:VERBOSE1:media_stream_manager.cc(1533)] MSPL::OnSpeedLimitChange({this=00004BFC022BED40}, {new_limit=67})
[1472:18424:0923/210254.229:VERBOSE1:media_stream_manager.cc(1533)] MSPL::OnSpeedLimitChange({this=00004BFC022BED40}, {new_limit=66})
[1472:18424:0923/210256.230:VERBOSE1:media_stream_manager.cc(1533)] MSPL::OnSpeedLimitChange({this=00004BFC022BED40}, {new_limit=67})
[1472:18424:0923/210256.898:VERBOSE1:media_stream_manager.cc(1533)] MSPL::OnSpeedLimitChange({this=00004BFC022BED40}, {new_limit=66})
[1472:18424:0923/210300.900:VERBOSE1:media_stream_manager.cc(1533)] MSPL::OnSpeedLimitChange({this=00004BFC022BED40}, {new_limit=67})
[1472:18424:0923/210304.232:VERBOSE1:media_stream_manager.cc(1533)] MSPL::OnSpeedLimitChange({this=00004BFC022BED40}, {new_limit=68})
[1472:18424:0923/210305.232:VERBOSE1:media_stream_manager.cc(1533)] MSPL::OnSpeedLimitChange({this=00004BFC022BED40}, {new_limit=67})
[1472:18424:0923/210314.234:VERBOSE1:media_stream_manager.cc(1533)] MSPL::OnSpeedLimitChange({this=00004BFC022BED40}, {new_limit=66})
[1472:18424:0923/210315.234:VERBOSE1:media_stream_manager.cc(1533)] MSPL::OnSpeedLimitChange({this=00004BFC022BED40}, {new_limit=67})
[1472:18424:0923/210344.240:VERBOSE1:media_stream_manager.cc(1533)] MSPL::OnSpeedLimitChange({this=00004BFC022BED40}, {new_limit=66})
[1472:18424:0923/210354.241:VERBOSE1:media_stream_manager.cc(1533)] MSPL::OnSpeedLimitChange({this=00004BFC022BED40}, {new_limit=67})
[1472:18424:0923/210358.241:VERBOSE1:media_stream_manager.cc(1533)] MSPL::OnSpeedLimitChange({this=00004BFC022BED40}, {new_limit=68})
[1472:18424:0923/210401.242:VERBOSE1:media_stream_manager.cc(1533)] MSPL::OnSpeedLimitChange({this=00004BFC022BED40}, {new_limit=69})
[1472:18424:0923/210402.242:VERBOSE1:media_stream_manager.cc(1533)] MSPL::OnSpeedLimitChange({this=00004BFC022BED40}, {new_limit=67})
[1472:18424:0923/210405.242:VERBOSE1:media_stream_manager.cc(1533)] MSPL::OnSpeedLimitChange({this=00004BFC022BED40}, {new_limit=65})
[1472:18424:0923/210411.244:VERBOSE1:media_stream_manager.cc(1533)] MSPL::OnSpeedLimitChange({this=00004BFC022BED40}, {new_limit=64})
[1472:18424:0923/210412.244:VERBOSE1:media_stream_manager.cc(1533)] MSPL::OnSpeedLimitChange({this=00004BFC022BED40}, {new_limit=66})
[1472:18424:0923/210415.246:VERBOSE1:media_stream_manager.cc(1533)] MSPL::OnSpeedLimitChange({this=00004BFC022BED40}, {new_limit=67})
[1472:18424:0923/210424.246:VERBOSE1:media_stream_manager.cc(1533)] MSPL::OnSpeedLimitChange({this=00004BFC022BED40}, {new_limit=68})
[1472:18424:0923/210429.247:VERBOSE1:media_stream_manager.cc(1533)] MSPL::OnSpeedLimitChange({this=00004BFC022BED40}, {new_limit=69})
[4672:7044:0923/210430.582:VERBOSE1:network_delegate.cc(36)] NetworkDelegate::NotifyBeforeURLRequest: https://optimizationguide-pa.googleapis.com/v1:GetModels?key=dummytoken
[4672:7044:0923/210430.588:VERBOSE1:tls_handshaker.cc(105)] TlsClient: Continuing handshake
[4672:7044:0923/210430.648:VERBOSE1:tls_handshaker.cc(105)] TlsClient: Continuing handshake
[4672:7044:0923/210431.246:VERBOSE1:tls_handshaker.cc(105)] TlsClient: Continuing handshake
[4672:7044:0923/210431.247:VERBOSE1:tls_handshaker.cc(126)] TlsClient: SSL_do_handshake returned when entering early data. After retry, rv=-1, SSL_in_early_data=1
[4672:7044:0923/210431.247:VERBOSE1:tls_handshaker.cc(105)] TlsClient: Continuing handshake
[4672:7044:0923/210431.247:VERBOSE1:tls_client_handshaker.cc(528)] Client: handshake finished
[1472:18424:0923/210439.249:VERBOSE1:media_stream_manager.cc(1533)] MSPL::OnSpeedLimitChange({this=00004BFC022BED40}, {new_limit=68})
[1472:18424:0923/210440.250:VERBOSE1:media_stream_manager.cc(1533)] MSPL::OnSpeedLimitChange({this=00004BFC022BED40}, {new_limit=67})
[1472:18424:0923/210442.249:VERBOSE1:media_stream_manager.cc(1533)] MSPL::OnSpeedLimitChange({this=00004BFC022BED40}, {new_limit=68})
[1472:18424:0923/210443.250:VERBOSE1:media_stream_manager.cc(1533)] MSPL::OnSpeedLimitChange({this=00004BFC022BED40}, {new_limit=69})
[1472:18424:0923/210449.252:VERBOSE1:media_stream_manager.cc(1533)] MSPL::OnSpeedLimitChange({this=00004BFC022BED40}, {new_limit=70})
[1472:18424:0923/210451.251:VERBOSE1:media_stream_manager.cc(1533)] MSPL::OnSpeedLimitChange({this=00004BFC022BED40}, {new_limit=71})
[1472:18424:0923/210454.253:VERBOSE1:media_stream_manager.cc(1533)] MSPL::OnSpeedLimitChange({this=00004BFC022BED40}, {new_limit=70})
[1472:18424:0923/210456.253:VERBOSE1:media_stream_manager.cc(1533)] MSPL::OnSpeedLimitChange({this=00004BFC022BED40}, {new_limit=69})
[1472:18424:0923/210457.252:VERBOSE1:media_stream_manager.cc(1533)] MSPL::OnSpeedLimitChange({this=00004BFC022BED40}, {new_limit=70})
[1472:18424:0923/210500.259:VERBOSE1:media_stream_manager.cc(1533)] MSPL::OnSpeedLimitChange({this=00004BFC022BED40}, {new_limit=69})
[1472:18424:0923/210502.255:VERBOSE1:media_stream_manager.cc(1533)] MSPL::OnSpeedLimitChange({this=00004BFC022BED40}, {new_limit=68})
[1472:18424:0923/210503.255:VERBOSE1:media_stream_manager.cc(1533)] MSPL::OnSpeedLimitChange({this=00004BFC022BED40}, {new_limit=69})
[1472:18424:0923/210506.255:VERBOSE1:media_stream_manager.cc(1533)] MSPL::OnSpeedLimitChange({this=00004BFC022BED40}, {new_limit=70})
[1472:18424:0923/210509.255:VERBOSE1:media_stream_manager.cc(1533)] MSPL::OnSpeedLimitChange({this=00004BFC022BED40}, {new_limit=71})
[1472:18424:0923/210512.259:VERBOSE1:media_stream_manager.cc(1533)] MSPL::OnSpeedLimitChange({this=00004BFC022BED40}, {new_limit=70})
[1472:18424:0923/210513.262:VERBOSE1:media_stream_manager.cc(1533)] MSPL::OnSpeedLimitChange({this=00004BFC022BED40}, {new_limit=69})
[1472:18424:0923/210518.258:VERBOSE1:media_stream_manager.cc(1533)] MSPL::OnSpeedLimitChange({this=00004BFC022BED40}, {new_limit=70})
[1472:18424:0923/210520.257:VERBOSE1:media_stream_manager.cc(1533)] MSPL::OnSpeedLimitChange({this=00004BFC022BED40}, {new_limit=71})
[1472:18424:0923/210521.256:VERBOSE1:media_stream_manager.cc(1533)] MSPL::OnSpeedLimitChange({this=00004BFC022BED40}, {new_limit=72})
[1472:18424:0923/210522.257:VERBOSE1:media_stream_manager.cc(1533)] MSPL::OnSpeedLimitChange({this=00004BFC022BED40}, {new_limit=73})
[1472:18424:0923/210527.258:VERBOSE1:media_stream_manager.cc(1533)] MSPL::OnSpeedLimitChange({this=00004BFC022BED40}, {new_limit=72})
[1472:18424:0923/210528.258:VERBOSE1:media_stream_manager.cc(1533)] MSPL::OnSpeedLimitChange({this=00004BFC022BED40}, {new_limit=71})
[1472:18424:0923/210530.258:VERBOSE1:media_stream_manager.cc(1533)] MSPL::OnSpeedLimitChange({this=00004BFC022BED40}, {new_limit=70})
[1472:18424:0923/210540.261:VERBOSE1:media_stream_manager.cc(1533)] MSPL::OnSpeedLimitChange({this=00004BFC022BED40}, {new_limit=69})
[1472:18424:0923/210545.263:VERBOSE1:media_stream_manager.cc(1533)] MSPL::OnSpeedLimitChange({this=00004BFC022BED40}, {new_limit=70})
[1472:18424:0923/210548.265:VERBOSE1:media_stream_manager.cc(1533)] MSPL::OnSpeedLimitChange({this=00004BFC022BED40}, {new_limit=69})
[1472:18424:0923/210549.263:VERBOSE1:media_stream_manager.cc(1533)] MSPL::OnSpeedLimitChange({this=00004BFC022BED40}, {new_limit=68})
[1472:18424:0923/210551.263:VERBOSE1:media_stream_manager.cc(1533)] MSPL::OnSpeedLimitChange({this=00004BFC022BED40}, {new_limit=69})
[1472:18424:0923/210553.263:VERBOSE1:media_stream_manager.cc(1533)] MSPL::OnSpeedLimitChange({this=00004BFC022BED40}, {new_limit=68})
[1472:18424:0923/210558.264:VERBOSE1:media_stream_manager.cc(1533)] MSPL::OnSpeedLimitChange({this=00004BFC022BED40}, {new_limit=69})
[1472:18424:0923/210602.264:VERBOSE1:media_stream_manager.cc(1533)] MSPL::OnSpeedLimitChange({this=00004BFC022BED40}, {new_limit=68})
[1472:18424:0923/210608.265:VERBOSE1:media_stream_manager.cc(1533)] MSPL::OnSpeedLimitChange({this=00004BFC022BED40}, {new_limit=67})
[1472:18424:0923/210609.266:VERBOSE1:media_stream_manager.cc(1533)] MSPL::OnSpeedLimitChange({this=00004BFC022BED40}, {new_limit=66})
[1472:18424:0923/210617.267:VERBOSE1:media_stream_manager.cc(1533)] MSPL::OnSpeedLimitChange({this=00004BFC022BED40}, {new_limit=67})
[1472:18424:0923/210621.267:VERBOSE1:media_stream_manager.cc(1533)] MSPL::OnSpeedLimitChange({this=00004BFC022BED40}, {new_limit=68})
[1472:18424:0923/210626.268:VERBOSE1:media_stream_manager.cc(1533)] MSPL::OnSpeedLimitChange({this=00004BFC022BED40}, {new_limit=67})
[1472:18424:0923/210628.269:VERBOSE1:media_stream_manager.cc(1533)] MSPL::OnSpeedLimitChange({this=00004BFC022BED40}, {new_limit=68})
[1472:18424:0923/210632.270:VERBOSE1:media_stream_manager.cc(1533)] MSPL::OnSpeedLimitChange({this=00004BFC022BED40}, {new_limit=69})
[1472:18424:0923/210637.271:VERBOSE1:media_stream_manager.cc(1533)] MSPL::OnSpeedLimitChange({this=00004BFC022BED40}, {new_limit=70})
[1472:18424:0923/210638.272:VERBOSE1:media_stream_manager.cc(1533)] MSPL::OnSpeedLimitChange({this=00004BFC022BED40}, {new_limit=69})
[1472:18424:0923/210641.273:VERBOSE1:media_stream_manager.cc(1533)] MSPL::OnSpeedLimitChange({this=00004BFC022BED40}, {new_limit=70})
[1472:18424:0923/210642.274:VERBOSE1:media_stream_manager.cc(1533)] MSPL::OnSpeedLimitChange({this=00004BFC022BED40}, {new_limit=69})
[1472:18424:0923/210644.274:VERBOSE1:media_stream_manager.cc(1533)] MSPL::OnSpeedLimitChange({this=00004BFC022BED40}, {new_limit=70})
[1472:18424:0923/210646.274:VERBOSE1:media_stream_manager.cc(1533)] MSPL::OnSpeedLimitChange({this=00004BFC022BED40}, {new_limit=69})
[1472:18424:0923/210650.274:VERBOSE1:media_stream_manager.cc(1533)] MSPL::OnSpeedLimitChange({this=00004BFC022BED40}, {new_limit=68})
[1472:18424:0923/210654.274:VERBOSE1:media_stream_manager.cc(1533)] MSPL::OnSpeedLimitChange({this=00004BFC022BED40}, {new_limit=67})
[1472:18424:0923/210656.274:VERBOSE1:media_stream_manager.cc(1533)] MSPL::OnSpeedLimitChange({this=00004BFC022BED40}, {new_limit=68})
[1472:18424:0923/210700.276:VERBOSE1:media_stream_manager.cc(1533)] MSPL::OnSpeedLimitChange({this=00004BFC022BED40}, {new_limit=69})
[1472:18424:0923/210701.275:VERBOSE1:media_stream_manager.cc(1533)] MSPL::OnSpeedLimitChange({this=00004BFC022BED40}, {new_limit=68})
[1472:18424:0923/210702.274:VERBOSE1:media_stream_manager.cc(1533)] MSPL::OnSpeedLimitChange({this=00004BFC022BED40}, {new_limit=69})
[1472:18424:0923/210704.275:VERBOSE1:media_stream_manager.cc(1533)] MSPL::OnSpeedLimitChange({this=00004BFC022BED40}, {new_limit=70})
[1472:18424:0923/210705.275:VERBOSE1:media_stream_manager.cc(1533)] MSPL::OnSpeedLimitChange({this=00004BFC022BED40}, {new_limit=69})
[4672:7044:0923/210706.276:VERBOSE1:network_delegate.cc(36)] NetworkDelegate::NotifyBeforeURLRequest: https://optimizationguide-pa.googleapis.com/v1:GetModels?key=dummytoken
[4672:7044:0923/210706.287:VERBOSE1:tls_handshaker.cc(105)] TlsClient: Continuing handshake
[4672:7044:0923/210706.287:VERBOSE1:tls_handshaker.cc(126)] TlsClient: SSL_do_handshake returned when entering early data. After retry, rv=-1, SSL_in_early_data=1
[4672:7044:0923/210706.347:VERBOSE1:tls_handshaker.cc(105)] TlsClient: Continuing handshake
[4672:7044:0923/210706.347:VERBOSE1:tls_handshaker.cc(105)] TlsClient: Continuing handshake
[4672:7044:0923/210706.347:VERBOSE1:tls_client_handshaker.cc(528)] Client: handshake finished
[1472:18424:0923/210711.276:VERBOSE1:media_stream_manager.cc(1533)] MSPL::OnSpeedLimitChange({this=00004BFC022BED40}, {new_limit=68})
[1472:18424:0923/210712.276:VERBOSE1:media_stream_manager.cc(1533)] MSPL::OnSpeedLimitChange({this=00004BFC022BED40}, {new_limit=67})
[1472:18424:0923/210721.277:VERBOSE1:media_stream_manager.cc(1533)] MSPL::OnSpeedLimitChange({this=00004BFC022BED40}, {new_limit=68})
[1472:18424:0923/210723.278:VERBOSE1:media_stream_manager.cc(1533)] MSPL::OnSpeedLimitChange({this=00004BFC022BED40}, {new_limit=67})
[1472:18424:0923/210729.279:VERBOSE1:media_stream_manager.cc(1533)] MSPL::OnSpeedLimitChange({this=00004BFC022BED40}, {new_limit=68})
[1472:18424:0923/210739.280:VERBOSE1:media_stream_manager.cc(1533)] MSPL::OnSpeedLimitChange({this=00004BFC022BED40}, {new_limit=67})
[1472:18424:0923/210740.280:VERBOSE1:media_stream_manager.cc(1533)] MSPL::OnSpeedLimitChange({this=00004BFC022BED40}, {new_limit=68})
[1472:18424:0923/210741.280:VERBOSE1:media_stream_manager.cc(1533)] MSPL::OnSpeedLimitChange({this=00004BFC022BED40}, {new_limit=67})
[1472:18424:0923/210756.284:VERBOSE1:media_stream_manager.cc(1533)] MSPL::OnSpeedLimitChange({this=00004BFC022BED40}, {new_limit=68})
[1472:18424:0923/210804.285:VERBOSE1:media_stream_manager.cc(1533)] MSPL::OnSpeedLimitChange({this=00004BFC022BED40}, {new_limit=69})
[1472:18424:0923/210812.284:VERBOSE1:media_stream_manager.cc(1533)] MSPL::OnSpeedLimitChange({this=00004BFC022BED40}, {new_limit=68})
[1472:18424:0923/210814.284:VERBOSE1:media_stream_manager.cc(1533)] MSPL::OnSpeedLimitChange({this=00004BFC022BED40}, {new_limit=67})
[1472:18424:0923/210825.287:VERBOSE1:media_stream_manager.cc(1533)] MSPL::OnSpeedLimitChange({this=00004BFC022BED40}, {new_limit=68})
[1472:18424:0923/210829.289:VERBOSE1:media_stream_manager.cc(1533)] MSPL::OnSpeedLimitChange({this=00004BFC022BED40}, {new_limit=69})
[1472:18424:0923/210831.288:VERBOSE1:media_stream_manager.cc(1533)] MSPL::OnSpeedLimitChange({this=00004BFC022BED40}, {new_limit=68})
[1472:18424:0923/210837.289:VERBOSE1:media_stream_manager.cc(1533)] MSPL::OnSpeedLimitChange({this=00004BFC022BED40}, {new_limit=67})
[1472:18424:0923/210847.291:VERBOSE1:media_stream_manager.cc(1533)] MSPL::OnSpeedLimitChange({this=00004BFC022BED40}, {new_limit=68})
[1472:18424:0923/210850.291:VERBOSE1:media_stream_manager.cc(1533)] MSPL::OnSpeedLimitChange({this=00004BFC022BED40}, {new_limit=69})
[1472:18424:0923/210853.291:VERBOSE1:media_stream_manager.cc(1533)] MSPL::OnSpeedLimitChange({this=00004BFC022BED40}, {new_limit=68})
[1472:18424:0923/210857.291:VERBOSE1:media_stream_manager.cc(1533)] MSPL::OnSpeedLimitChange({this=00004BFC022BED40}, {new_limit=69})
[1472:18424:0923/210858.292:VERBOSE1:media_stream_manager.cc(1533)] MSPL::OnSpeedLimitChange({this=00004BFC022BED40}, {new_limit=68})
[1472:18424:0923/210901.291:VERBOSE1:media_stream_manager.cc(1533)] MSPL::OnSpeedLimitChange({this=00004BFC022BED40}, {new_limit=67})
[1472:18424:0923/210903.292:VERBOSE1:media_stream_manager.cc(1533)] MSPL::OnSpeedLimitChange({this=00004BFC022BED40}, {new_limit=68})
[1472:18424:0923/210907.295:VERBOSE1:media_stream_manager.cc(1533)] MSPL::OnSpeedLimitChange({this=00004BFC022BED40}, {new_limit=67})
[1472:18424:0923/210913.297:VERBOSE1:media_stream_manager.cc(1533)] MSPL::OnSpeedLimitChange({this=00004BFC022BED40}, {new_limit=66})
[1472:18424:0923/210920.298:VERBOSE1:media_stream_manager.cc(1533)] MSPL::OnSpeedLimitChange({this=00004BFC022BED40}, {new_limit=67})
[1472:18424:0923/210923.297:VERBOSE1:media_stream_manager.cc(1533)] MSPL::OnSpeedLimitChange({this=00004BFC022BED40}, {new_limit=68})
[1472:18424:0923/210926.297:VERBOSE1:media_stream_manager.cc(1533)] MSPL::OnSpeedLimitChange({this=00004BFC022BED40}, {new_limit=69})
[1472:18424:0923/210927.297:VERBOSE1:media_stream_manager.cc(1533)] MSPL::OnSpeedLimitChange({this=00004BFC022BED40}, {new_limit=70})
[1472:18424:0923/210928.297:VERBOSE1:media_stream_manager.cc(1533)] MSPL::OnSpeedLimitChange({this=00004BFC022BED40}, {new_limit=69})
[1472:18424:0923/210938.302:VERBOSE1:media_stream_manager.cc(1533)] MSPL::OnSpeedLimitChange({this=00004BFC022BED40}, {new_limit=71})
[4672:7044:0923/210939.969:VERBOSE1:network_delegate.cc(36)] NetworkDelegate::NotifyBeforeURLRequest: https://optimizationguide-pa.googleapis.com/v1:GetModels?key=dummytoken
[4672:7044:0923/210939.975:VERBOSE1:tls_handshaker.cc(105)] TlsClient: Continuing handshake
[4672:7044:0923/210939.975:VERBOSE1:tls_handshaker.cc(126)] TlsClient: SSL_do_handshake returned when entering early data. After retry, rv=-1, SSL_in_early_data=1
[4672:7044:0923/210940.055:VERBOSE1:tls_handshaker.cc(105)] TlsClient: Continuing handshake
[4672:7044:0923/210940.055:VERBOSE1:tls_handshaker.cc(105)] TlsClient: Continuing handshake
[4672:7044:0923/210940.055:VERBOSE1:tls_client_handshaker.cc(528)] Client: handshake finished
[1472:18424:0923/210940.303:VERBOSE1:media_stream_manager.cc(1533)] MSPL::OnSpeedLimitChange({this=00004BFC022BED40}, {new_limit=72})
[1472:18424:0923/210944.303:VERBOSE1:media_stream_manager.cc(1533)] MSPL::OnSpeedLimitChange({this=00004BFC022BED40}, {new_limit=73})
[1472:18424:0923/210947.304:VERBOSE1:media_stream_manager.cc(1533)] MSPL::OnSpeedLimitChange({this=00004BFC022BED40}, {new_limit=71})
[1472:18424:0923/210948.304:VERBOSE1:media_stream_manager.cc(1533)] MSPL::OnSpeedLimitChange({this=00004BFC022BED40}, {new_limit=70})
[1472:18424:0923/210950.304:VERBOSE1:media_stream_manager.cc(1533)] MSPL::OnSpeedLimitChange({this=00004BFC022BED40}, {new_limit=69})
[1472:18424:0923/210951.304:VERBOSE1:media_stream_manager.cc(1533)] MSPL::OnSpeedLimitChange({this=00004BFC022BED40}, {new_limit=68})
[1472:18424:0923/210952.305:VERBOSE1:media_stream_manager.cc(1533)] MSPL::OnSpeedLimitChange({this=00004BFC022BED40}, {new_limit=69})
[1472:18424:0923/210953.305:VERBOSE1:media_stream_manager.cc(1533)] MSPL::OnSpeedLimitChange({this=00004BFC022BED40}, {new_limit=68})
[1472:18424:0923/210954.305:VERBOSE1:media_stream_manager.cc(1533)] MSPL::OnSpeedLimitChange({this=00004BFC022BED40}, {new_limit=67})
[1472:18424:0923/210957.306:VERBOSE1:media_stream_manager.cc(1533)] MSPL::OnSpeedLimitChange({this=00004BFC022BED40}, {new_limit=68})
[1472:18424:0923/210958.306:VERBOSE1:media_stream_manager.cc(1533)] MSPL::OnSpeedLimitChange({this=00004BFC022BED40}, {new_limit=67})
[1472:18424:0923/211000.306:VERBOSE1:media_stream_manager.cc(1533)] MSPL::OnSpeedLimitChange({this=00004BFC022BED40}, {new_limit=68})
[1472:18424:0923/211004.306:VERBOSE1:media_stream_manager.cc(1533)] MSPL::OnSpeedLimitChange({this=00004BFC022BED40}, {new_limit=67})
[1472:18424:0923/211020.308:VERBOSE1:media_stream_manager.cc(1533)] MSPL::OnSpeedLimitChange({this=00004BFC022BED40}, {new_limit=66})
[1472:18424:0923/211021.309:VERBOSE1:media_stream_manager.cc(1533)] MSPL::OnSpeedLimitChange({this=00004BFC022BED40}, {new_limit=67})
[1472:18424:0923/211023.309:VERBOSE1:media_stream_manager.cc(1533)] MSPL::OnSpeedLimitChange({this=00004BFC022BED40}, {new_limit=66})
[1472:18424:0923/211024.310:VERBOSE1:media_stream_manager.cc(1533)] MSPL::OnSpeedLimitChange({this=00004BFC022BED40}, {new_limit=67})
[1472:18424:0923/211026.314:VERBOSE1:media_stream_manager.cc(1533)] MSPL::OnSpeedLimitChange({this=00004BFC022BED40}, {new_limit=68})
[1472:18424:0923/211030.313:VERBOSE1:media_stream_manager.cc(1533)] MSPL::OnSpeedLimitChange({this=00004BFC022BED40}, {new_limit=69})
[1472:18424:0923/211035.315:VERBOSE1:media_stream_manager.cc(1533)] MSPL::OnSpeedLimitChange({this=00004BFC022BED40}, {new_limit=68})
[1472:18424:0923/211037.313:VERBOSE1:media_stream_manager.cc(1533)] MSPL::OnSpeedLimitChange({this=00004BFC022BED40}, {new_limit=69})
[1472:18424:0923/211038.313:VERBOSE1:media_stream_manager.cc(1533)] MSPL::OnSpeedLimitChange({this=00004BFC022BED40}, {new_limit=68})
[1472:18424:0923/211042.315:VERBOSE1:media_stream_manager.cc(1533)] MSPL::OnSpeedLimitChange({this=00004BFC022BED40}, {new_limit=67})
[1472:18424:0923/211043.314:VERBOSE1:media_stream_manager.cc(1533)] MSPL::OnSpeedLimitChange({this=00004BFC022BED40}, {new_limit=68})
[1472:18424:0923/211045.315:VERBOSE1:media_stream_manager.cc(1533)] MSPL::OnSpeedLimitChange({this=00004BFC022BED40}, {new_limit=69})
[1472:18424:0923/211046.314:VERBOSE1:media_stream_manager.cc(1533)] MSPL::OnSpeedLimitChange({this=00004BFC022BED40}, {new_limit=68})
[1472:18424:0923/211049.316:VERBOSE1:media_stream_manager.cc(1533)] MSPL::OnSpeedLimitChange({this=00004BFC022BED40}, {new_limit=70})
[1472:18424:0923/211050.315:VERBOSE1:media_stream_manager.cc(1533)] MSPL::OnSpeedLimitChange({this=00004BFC022BED40}, {new_limit=69})
[1472:18424:0923/211054.316:VERBOSE1:media_stream_manager.cc(1533)] MSPL::OnSpeedLimitChange({this=00004BFC022BED40}, {new_limit=68})
[1472:18424:0923/211056.316:VERBOSE1:media_stream_manager.cc(1533)] MSPL::OnSpeedLimitChange({this=00004BFC022BED40}, {new_limit=69})
[1472:18424:0923/211059.316:VERBOSE1:media_stream_manager.cc(1533)] MSPL::OnSpeedLimitChange({this=00004BFC022BED40}, {new_limit=70})
[1472:18424:0923/211107.318:VERBOSE1:media_stream_manager.cc(1533)] MSPL::OnSpeedLimitChange({this=00004BFC022BED40}, {new_limit=69})
[1472:18424:0923/211109.319:VERBOSE1:media_stream_manager.cc(1533)] MSPL::OnSpeedLimitChange({this=00004BFC022BED40}, {new_limit=68})
[1472:18424:0923/211112.320:VERBOSE1:media_stream_manager.cc(1533)] MSPL::OnSpeedLimitChange({this=00004BFC022BED40}, {new_limit=67})
[1472:18424:0923/211114.320:VERBOSE1:media_stream_manager.cc(1533)] MSPL::OnSpeedLimitChange({this=00004BFC022BED40}, {new_limit=68})
[1472:18424:0923/211116.321:VERBOSE1:media_stream_manager.cc(1533)] MSPL::OnSpeedLimitChange({this=00004BFC022BED40}, {new_limit=67})
[1472:18424:0923/211129.323:VERBOSE1:media_stream_manager.cc(1533)] MSPL::OnSpeedLimitChange({this=00004BFC022BED40}, {new_limit=68})
[1472:18424:0923/211133.322:VERBOSE1:media_stream_manager.cc(1533)] MSPL::OnSpeedLimitChange({this=00004BFC022BED40}, {new_limit=67})
[1472:18424:0923/211138.325:VERBOSE1:media_stream_manager.cc(1533)] MSPL::OnSpeedLimitChange({this=00004BFC022BED40}, {new_limit=68})
[1472:18424:0923/211143.326:VERBOSE1:media_stream_manager.cc(1533)] MSPL::OnSpeedLimitChange({this=00004BFC022BED40}, {new_limit=69})
[1472:18424:0923/211145.326:VERBOSE1:media_stream_manager.cc(1533)] MSPL::OnSpeedLimitChange({this=00004BFC022BED40}, {new_limit=68})
[1472:18424:0923/211149.326:VERBOSE1:media_stream_manager.cc(1533)] MSPL::OnSpeedLimitChange({this=00004BFC022BED40}, {new_limit=67})
[1472:18424:0923/211152.326:VERBOSE1:media_stream_manager.cc(1533)] MSPL::OnSpeedLimitChange({this=00004BFC022BED40}, {new_limit=66})
[1472:18424:0923/211155.327:VERBOSE1:media_stream_manager.cc(1533)] MSPL::OnSpeedLimitChange({this=00004BFC022BED40}, {new_limit=67})
[1472:18424:0923/211158.328:VERBOSE1:media_stream_manager.cc(1533)] MSPL::OnSpeedLimitChange({this=00004BFC022BED40}, {new_limit=68})
[1472:18424:0923/211159.329:VERBOSE1:media_stream_manager.cc(1533)] MSPL::OnSpeedLimitChange({this=00004BFC022BED40}, {new_limit=69})
[1472:18424:0923/211206.328:VERBOSE1:media_stream_manager.cc(1533)] MSPL::OnSpeedLimitChange({this=00004BFC022BED40}, {new_limit=70})
[1472:18424:0923/211209.329:VERBOSE1:media_stream_manager.cc(1533)] MSPL::OnSpeedLimitChange({this=00004BFC022BED40}, {new_limit=71})
[1472:18424:0923/211214.330:VERBOSE1:media_stream_manager.cc(1533)] MSPL::OnSpeedLimitChange({this=00004BFC022BED40}, {new_limit=72})
[1472:18424:0923/211217.330:VERBOSE1:media_stream_manager.cc(1533)] MSPL::OnSpeedLimitChange({this=00004BFC022BED40}, {new_limit=71})
[1472:18424:0923/211218.329:VERBOSE1:media_stream_manager.cc(1533)] MSPL::OnSpeedLimitChange({this=00004BFC022BED40}, {new_limit=70})
[1472:18424:0923/211219.329:VERBOSE1:media_stream_manager.cc(1533)] MSPL::OnSpeedLimitChange({this=00004BFC022BED40}, {new_limit=69})
[1472:18424:0923/211224.330:VERBOSE1:media_stream_manager.cc(1533)] MSPL::OnSpeedLimitChange({this=00004BFC022BED40}, {new_limit=68})
[1472:18424:0923/211226.331:VERBOSE1:media_stream_manager.cc(1533)] MSPL::OnSpeedLimitChange({this=00004BFC022BED40}, {new_limit=67})
[1472:18424:0923/211227.330:VERBOSE1:media_stream_manager.cc(1533)] MSPL::OnSpeedLimitChange({this=00004BFC022BED40}, {new_limit=68})
[1472:18424:0923/211228.330:VERBOSE1:media_stream_manager.cc(1533)] MSPL::OnSpeedLimitChange({this=00004BFC022BED40}, {new_limit=67})
[1472:18424:0923/211230.330:VERBOSE1:media_stream_manager.cc(1533)] MSPL::OnSpeedLimitChange({this=00004BFC022BED40}, {new_limit=68})
[1472:18424:0923/211234.331:VERBOSE1:media_stream_manager.cc(1533)] MSPL::OnSpeedLimitChange({this=00004BFC022BED40}, {new_limit=67})
[1472:18424:0923/211236.332:VERBOSE1:media_stream_manager.cc(1533)] MSPL::OnSpeedLimitChange({this=00004BFC022BED40}, {new_limit=68})
[1472:18424:0923/211238.333:VERBOSE1:media_stream_manager.cc(1533)] MSPL::OnSpeedLimitChange({this=00004BFC022BED40}, {new_limit=69})
[4672:7044:0923/211239.666:VERBOSE1:network_delegate.cc(36)] NetworkDelegate::NotifyBeforeURLRequest: https://optimizationguide-pa.googleapis.com/v1:GetModels?key=dummytoken
[4672:7044:0923/211239.673:VERBOSE1:tls_handshaker.cc(105)] TlsClient: Continuing handshake
[4672:7044:0923/211239.673:VERBOSE1:tls_handshaker.cc(126)] TlsClient: SSL_do_handshake returned when entering early data. After retry, rv=-1, SSL_in_early_data=1
[4672:7044:0923/211239.735:VERBOSE1:tls_handshaker.cc(105)] TlsClient: Continuing handshake
[4672:7044:0923/211239.735:VERBOSE1:tls_handshaker.cc(105)] TlsClient: Continuing handshake
[4672:7044:0923/211239.735:VERBOSE1:tls_client_handshaker.cc(528)] Client: handshake finished
[1472:18424:0923/211244.336:VERBOSE1:media_stream_manager.cc(1533)] MSPL::OnSpeedLimitChange({this=00004BFC022BED40}, {new_limit=70})
[1472:18424:0923/211247.339:VERBOSE1:media_stream_manager.cc(1533)] MSPL::OnSpeedLimitChange({this=00004BFC022BED40}, {new_limit=69})
[1472:18424:0923/211248.336:VERBOSE1:media_stream_manager.cc(1533)] MSPL::OnSpeedLimitChange({this=00004BFC022BED40}, {new_limit=68})
[1472:18424:0923/211249.336:VERBOSE1:media_stream_manager.cc(1533)] MSPL::OnSpeedLimitChange({this=00004BFC022BED40}, {new_limit=67})
[1472:18424:0923/211251.337:VERBOSE1:media_stream_manager.cc(1533)] MSPL::OnSpeedLimitChange({this=00004BFC022BED40}, {new_limit=66})
[1472:18424:0923/211253.336:VERBOSE1:media_stream_manager.cc(1533)] MSPL::OnSpeedLimitChange({this=00004BFC022BED40}, {new_limit=65})
[1472:18424:0923/211254.336:VERBOSE1:media_stream_manager.cc(1533)] MSPL::OnSpeedLimitChange({this=00004BFC022BED40}, {new_limit=64})
[1472:18424:0923/211255.337:VERBOSE1:media_stream_manager.cc(1533)] MSPL::OnSpeedLimitChange({this=00004BFC022BED40}, {new_limit=65})
[1472:18424:0923/211256.336:VERBOSE1:media_stream_manager.cc(1533)] MSPL::OnSpeedLimitChange({this=00004BFC022BED40}, {new_limit=66})
[1472:18424:0923/211257.337:VERBOSE1:media_stream_manager.cc(1533)] MSPL::OnSpeedLimitChange({this=00004BFC022BED40}, {new_limit=67})
[1472:18424:0923/211259.336:VERBOSE1:media_stream_manager.cc(1533)] MSPL::OnSpeedLimitChange({this=00004BFC022BED40}, {new_limit=68})
[1472:18424:0923/211301.336:VERBOSE1:media_stream_manager.cc(1533)] MSPL::OnSpeedLimitChange({this=00004BFC022BED40}, {new_limit=69})
[1472:18424:0923/211304.336:VERBOSE1:media_stream_manager.cc(1533)] MSPL::OnSpeedLimitChange({this=00004BFC022BED40}, {new_limit=70})
[1472:18424:0923/211305.338:VERBOSE1:media_stream_manager.cc(1533)] MSPL::OnSpeedLimitChange({this=00004BFC022BED40}, {new_limit=69})
[1472:18424:0923/211306.337:VERBOSE1:media_stream_manager.cc(1533)] MSPL::OnSpeedLimitChange({this=00004BFC022BED40}, {new_limit=68})
[1472:18424:0923/211307.337:VERBOSE1:media_stream_manager.cc(1533)] MSPL::OnSpeedLimitChange({this=00004BFC022BED40}, {new_limit=69})
[1472:18424:0923/211309.337:VERBOSE1:media_stream_manager.cc(1533)] MSPL::OnSpeedLimitChange({this=00004BFC022BED40}, {new_limit=70})
[1472:18424:0923/211311.336:VERBOSE1:media_stream_manager.cc(1533)] MSPL::OnSpeedLimitChange({this=00004BFC022BED40}, {new_limit=71})
[1472:18424:0923/211312.335:VERBOSE1:media_stream_manager.cc(1533)] MSPL::OnSpeedLimitChange({this=00004BFC022BED40}, {new_limit=70})
[1472:18424:0923/211315.337:VERBOSE1:media_stream_manager.cc(1533)] MSPL::OnSpeedLimitChange({this=00004BFC022BED40}, {new_limit=69})
[1472:18424:0923/211318.337:VERBOSE1:media_stream_manager.cc(1533)] MSPL::OnSpeedLimitChange({this=00004BFC022BED40}, {new_limit=68})
[1472:18424:0923/211320.338:VERBOSE1:media_stream_manager.cc(1533)] MSPL::OnSpeedLimitChange({this=00004BFC022BED40}, {new_limit=67})
[1472:18424:0923/211321.338:VERBOSE1:media_stream_manager.cc(1533)] MSPL::OnSpeedLimitChange({this=00004BFC022BED40}, {new_limit=66})
[1472:18424:0923/211322.338:VERBOSE1:media_stream_manager.cc(1533)] MSPL::OnSpeedLimitChange({this=00004BFC022BED40}, {new_limit=67})
[1472:18424:0923/211324.338:VERBOSE1:media_stream_manager.cc(1533)] MSPL::OnSpeedLimitChange({this=00004BFC022BED40}, {new_limit=68})
[1472:18424:0923/211327.337:VERBOSE1:media_stream_manager.cc(1533)] MSPL::OnSpeedLimitChange({this=00004BFC022BED40}, {new_limit=69})
[1472:18424:0923/211331.338:VERBOSE1:media_stream_manager.cc(1533)] MSPL::OnSpeedLimitChange({this=00004BFC022BED40}, {new_limit=70})
[1472:18424:0923/211332.339:VERBOSE1:media_stream_manager.cc(1533)] MSPL::OnSpeedLimitChange({this=00004BFC022BED40}, {new_limit=69})
[1472:18424:0923/211336.339:VERBOSE1:media_stream_manager.cc(1533)] MSPL::OnSpeedLimitChange({this=00004BFC022BED40}, {new_limit=70})
[1472:18424:0923/211342.339:VERBOSE1:media_stream_manager.cc(1533)] MSPL::OnSpeedLimitChange({this=00004BFC022BED40}, {new_limit=71})
[1472:18424:0923/211347.340:VERBOSE1:media_stream_manager.cc(1533)] MSPL::OnSpeedLimitChange({this=00004BFC022BED40}, {new_limit=68})
[1472:18424:0923/211349.341:VERBOSE1:media_stream_manager.cc(1533)] MSPL::OnSpeedLimitChange({this=00004BFC022BED40}, {new_limit=67})
[1472:18424:0923/211351.341:VERBOSE1:media_stream_manager.cc(1533)] MSPL::OnSpeedLimitChange({this=00004BFC022BED40}, {new_limit=68})
[1472:18424:0923/211353.342:VERBOSE1:media_stream_manager.cc(1533)] MSPL::OnSpeedLimitChange({this=00004BFC022BED40}, {new_limit=67})
[1472:18424:0923/211356.343:VERBOSE1:media_stream_manager.cc(1533)] MSPL::OnSpeedLimitChange({this=00004BFC022BED40}, {new_limit=68})
[1472:18424:0923/211357.343:VERBOSE1:media_stream_manager.cc(1533)] MSPL::OnSpeedLimitChange({this=00004BFC022BED40}, {new_limit=70})
[1472:18424:0923/211400.344:VERBOSE1:media_stream_manager.cc(1533)] MSPL::OnSpeedLimitChange({this=00004BFC022BED40}, {new_limit=71})
[1472:18424:0923/211403.345:VERBOSE1:media_stream_manager.cc(1533)] MSPL::OnSpeedLimitChange({this=00004BFC022BED40}, {new_limit=72})
[1472:18424:0923/211406.344:VERBOSE1:media_stream_manager.cc(1533)] MSPL::OnSpeedLimitChange({this=00004BFC022BED40}, {new_limit=71})
[1472:18424:0923/211410.344:VERBOSE1:media_stream_manager.cc(1533)] MSPL::OnSpeedLimitChange({this=00004BFC022BED40}, {new_limit=70})
[1472:18424:0923/211413.345:VERBOSE1:media_stream_manager.cc(1533)] MSPL::OnSpeedLimitChange({this=00004BFC022BED40}, {new_limit=69})
[1472:18424:0923/211424.348:VERBOSE1:media_stream_manager.cc(1533)] MSPL::OnSpeedLimitChange({this=00004BFC022BED40}, {new_limit=70})
[1472:18424:0923/211425.347:VERBOSE1:media_stream_manager.cc(1533)] MSPL::OnSpeedLimitChange({this=00004BFC022BED40}, {new_limit=71})
[1472:18424:0923/211426.347:VERBOSE1:media_stream_manager.cc(1533)] MSPL::OnSpeedLimitChange({this=00004BFC022BED40}, {new_limit=72})
[1472:18424:0923/211427.347:VERBOSE1:media_stream_manager.cc(1533)] MSPL::OnSpeedLimitChange({this=00004BFC022BED40}, {new_limit=73})
[1472:18424:0923/211428.347:VERBOSE1:media_stream_manager.cc(1533)] MSPL::OnSpeedLimitChange({this=00004BFC022BED40}, {new_limit=75})
[1472:18424:0923/211429.347:VERBOSE1:media_stream_manager.cc(1533)] MSPL::OnSpeedLimitChange({this=00004BFC022BED40}, {new_limit=76})
[1472:18424:0923/211430.348:VERBOSE1:media_stream_manager.cc(1533)] MSPL::OnSpeedLimitChange({this=00004BFC022BED40}, {new_limit=78})
[1472:18424:0923/211432.347:VERBOSE1:media_stream_manager.cc(1533)] MSPL::OnSpeedLimitChange({this=00004BFC022BED40}, {new_limit=79})
[1472:18424:0923/211433.347:VERBOSE1:media_stream_manager.cc(1533)] MSPL::OnSpeedLimitChange({this=00004BFC022BED40}, {new_limit=80})
[1472:18424:0923/211434.347:VERBOSE1:media_stream_manager.cc(1533)] MSPL::OnSpeedLimitChange({this=00004BFC022BED40}, {new_limit=79})
[1472:18424:0923/211437.347:VERBOSE1:media_stream_manager.cc(1533)] MSPL::OnSpeedLimitChange({this=00004BFC022BED40}, {new_limit=78})
[1472:18424:0923/211439.349:VERBOSE1:media_stream_manager.cc(1533)] MSPL::OnSpeedLimitChange({this=00004BFC022BED40}, {new_limit=79})
[1472:18424:0923/211441.348:VERBOSE1:media_stream_manager.cc(1533)] MSPL::OnSpeedLimitChange({this=00004BFC022BED40}, {new_limit=80})
[1472:18424:0923/211443.347:VERBOSE1:media_stream_manager.cc(1533)] MSPL::OnSpeedLimitChange({this=00004BFC022BED40}, {new_limit=81})
[1472:18424:0923/211444.349:VERBOSE1:media_stream_manager.cc(1533)] MSPL::OnSpeedLimitChange({this=00004BFC022BED40}, {new_limit=83})
[1472:18424:0923/211445.351:VERBOSE1:media_stream_manager.cc(1533)] MSPL::OnSpeedLimitChange({this=00004BFC022BED40}, {new_limit=84})
[1472:18424:0923/211447.352:VERBOSE1:media_stream_manager.cc(1533)] MSPL::OnSpeedLimitChange({this=00004BFC022BED40}, {new_limit=85})
[1472:18424:0923/211448.352:VERBOSE1:media_stream_manager.cc(1533)] MSPL::OnSpeedLimitChange({this=00004BFC022BED40}, {new_limit=100})
[1472:5280:0923/211458.264:VERBOSE1:device_event_log_impl.cc(198)] [21:14:58.264] Display: EVENT: screen_win.cc:893 Displays updated, count: 1
[1472:5280:0923/211458.264:VERBOSE1:device_event_log_impl.cc(198)] [21:14:58.264] Display: EVENT: screen_win.cc:895 Display[1795972762] bounds=[0,0 1920x1080], workarea=[0,0 1920x1032], scale=1, rotation=0, panel_rotation=0 external detected
[1472:18424:0923/211500.347:VERBOSE1:media_stream_manager.cc(1533)] MSPL::OnSpeedLimitChange({this=00004BFC022BED40}, {new_limit=71})
[1472:18424:0923/211501.343:VERBOSE1:media_stream_manager.cc(1533)] MSPL::OnSpeedLimitChange({this=00004BFC022BED40}, {new_limit=68})
[1472:18424:0923/211502.563:VERBOSE1:media_stream_manager.cc(1533)] MSPL::OnSpeedLimitChange({this=00004BFC022BED40}, {new_limit=66})
[1472:18424:0923/211504.562:VERBOSE1:media_stream_manager.cc(1533)] MSPL::OnSpeedLimitChange({this=00004BFC022BED40}, {new_limit=67})
[1472:18424:0923/211505.562:VERBOSE1:media_stream_manager.cc(1533)] MSPL::OnSpeedLimitChange({this=00004BFC022BED40}, {new_limit=68})
[1472:18424:0923/211506.563:VERBOSE1:media_stream_manager.cc(1533)] MSPL::OnSpeedLimitChange({this=00004BFC022BED40}, {new_limit=69})
[1472:5280:0923/211507.224:VERBOSE1:device_event_log_impl.cc(198)] [21:15:07.224] Display: EVENT: screen_win.cc:893 Displays updated, count: 1
[1472:5280:0923/211507.224:VERBOSE1:device_event_log_impl.cc(198)] [21:15:07.224] Display: EVENT: screen_win.cc:895 Display[1795972762] bounds=[0,0 1920x1080], workarea=[0,0 1920x1032], scale=1, rotation=0, panel_rotation=0 external detected
[1472:18424:0923/211507.399:VERBOSE1:media_stream_manager.cc(1533)] MSPL::OnSpeedLimitChange({this=00004BFC022BED40}, {new_limit=70})
[1472:18424:0923/211508.350:VERBOSE1:media_stream_manager.cc(1533)] MSPL::OnSpeedLimitChange({this=00004BFC022BED40}, {new_limit=68})
[1472:18424:0923/211510.539:VERBOSE1:media_stream_manager.cc(1533)] MSPL::OnSpeedLimitChange({this=00004BFC022BED40}, {new_limit=71})
[1472:18424:0923/211511.538:VERBOSE1:media_stream_manager.cc(1533)] MSPL::OnSpeedLimitChange({this=00004BFC022BED40}, {new_limit=73})
[1472:18424:0923/211512.539:VERBOSE1:media_stream_manager.cc(1533)] MSPL::OnSpeedLimitChange({this=00004BFC022BED40}, {new_limit=74})
[1472:5280:0923/211513.176:VERBOSE1:device_event_log_impl.cc(198)] [21:15:13.176] Display: EVENT: screen_win.cc:893 Displays updated, count: 1
[1472:5280:0923/211513.177:VERBOSE1:device_event_log_impl.cc(198)] [21:15:13.176] Display: EVENT: screen_win.cc:895 Display[1795972762] bounds=[0,0 1920x1080], workarea=[0,0 1920x1032], scale=1, rotation=0, panel_rotation=0 external detected
[1472:18424:0923/211514.352:VERBOSE1:media_stream_manager.cc(1533)] MSPL::OnSpeedLimitChange({this=00004BFC022BED40}, {new_limit=72})
[1472:18424:0923/211515.356:VERBOSE1:media_stream_manager.cc(1533)] MSPL::OnSpeedLimitChange({this=00004BFC022BED40}, {new_limit=68})
[1472:18424:0923/211516.358:VERBOSE1:media_stream_manager.cc(1533)] MSPL::OnSpeedLimitChange({this=00004BFC022BED40}, {new_limit=65})
[1472:18424:0923/211517.354:VERBOSE1:media_stream_manager.cc(1533)] MSPL::OnSpeedLimitChange({this=00004BFC022BED40}, {new_limit=63})
[1472:18424:0923/211520.356:VERBOSE1:media_stream_manager.cc(1533)] MSPL::OnSpeedLimitChange({this=00004BFC022BED40}, {new_limit=61})
[1472:18424:0923/211521.356:VERBOSE1:media_stream_manager.cc(1533)] MSPL::OnSpeedLimitChange({this=00004BFC022BED40}, {new_limit=60})
[1472:18424:0923/211522.357:VERBOSE1:media_stream_manager.cc(1533)] MSPL::OnSpeedLimitChange({this=00004BFC022BED40}, {new_limit=59})
[1472:18424:0923/211523.362:VERBOSE1:media_stream_manager.cc(1533)] MSPL::OnSpeedLimitChange({this=00004BFC022BED40}, {new_limit=57})
[1472:18424:0923/211524.361:VERBOSE1:media_stream_manager.cc(1533)] MSPL::OnSpeedLimitChange({this=00004BFC022BED40}, {new_limit=58})
[1472:18424:0923/211525.361:VERBOSE1:media_stream_manager.cc(1533)] MSPL::OnSpeedLimitChange({this=00004BFC022BED40}, {new_limit=59})
[4672:7044:0923/211526.239:VERBOSE1:network_delegate.cc(36)] NetworkDelegate::NotifyBeforeURLRequest: https://optimizationguide-pa.googleapis.com/v1:GetModels?key=dummytoken
[4672:7044:0923/211526.245:VERBOSE1:tls_handshaker.cc(105)] TlsClient: Continuing handshake
[4672:7044:0923/211526.245:VERBOSE1:tls_handshaker.cc(126)] TlsClient: SSL_do_handshake returned when entering early data. After retry, rv=-1, SSL_in_early_data=1
[4672:7044:0923/211526.307:VERBOSE1:tls_handshaker.cc(105)] TlsClient: Continuing handshake
[4672:7044:0923/211526.307:VERBOSE1:tls_handshaker.cc(105)] TlsClient: Continuing handshake
[4672:7044:0923/211526.307:VERBOSE1:tls_client_handshaker.cc(528)] Client: handshake finished
[1472:18424:0923/211526.365:VERBOSE1:media_stream_manager.cc(1533)] MSPL::OnSpeedLimitChange({this=00004BFC022BED40}, {new_limit=60})
[1472:18424:0923/211527.361:VERBOSE1:media_stream_manager.cc(1533)] MSPL::OnSpeedLimitChange({this=00004BFC022BED40}, {new_limit=61})
[1472:18424:0923/211528.362:VERBOSE1:media_stream_manager.cc(1533)] MSPL::OnSpeedLimitChange({this=00004BFC022BED40}, {new_limit=62})
[1472:18424:0923/211529.373:VERBOSE1:media_stream_manager.cc(1533)] MSPL::OnSpeedLimitChange({this=00004BFC022BED40}, {new_limit=63})
[1472:18424:0923/211531.361:VERBOSE1:media_stream_manager.cc(1533)] MSPL::OnSpeedLimitChange({this=00004BFC022BED40}, {new_limit=62})
[1472:18424:0923/211532.367:VERBOSE1:media_stream_manager.cc(1533)] MSPL::OnSpeedLimitChange({this=00004BFC022BED40}, {new_limit=61})
[1472:18424:0923/211533.366:VERBOSE1:media_stream_manager.cc(1533)] MSPL::OnSpeedLimitChange({this=00004BFC022BED40}, {new_limit=60})
[1472:18424:0923/211534.374:VERBOSE1:media_stream_manager.cc(1533)] MSPL::OnSpeedLimitChange({this=00004BFC022BED40}, {new_limit=59})
[1472:18424:0923/211536.364:VERBOSE1:media_stream_manager.cc(1533)] MSPL::OnSpeedLimitChange({this=00004BFC022BED40}, {new_limit=58})
[1472:18424:0923/211538.853:VERBOSE1:media_stream_manager.cc(1533)] MSPL::OnSpeedLimitChange({this=00004BFC022BED40}, {new_limit=57})
[1472:18424:0923/211540.366:VERBOSE1:media_stream_manager.cc(1533)] MSPL::OnSpeedLimitChange({this=00004BFC022BED40}, {new_limit=58})
[1472:18424:0923/211541.370:VERBOSE1:media_stream_manager.cc(1533)] MSPL::OnSpeedLimitChange({this=00004BFC022BED40}, {new_limit=60})
[1472:18424:0923/211542.372:VERBOSE1:media_stream_manager.cc(1533)] MSPL::OnSpeedLimitChange({this=00004BFC022BED40}, {new_limit=61})
[1472:18424:0923/211543.367:VERBOSE1:media_stream_manager.cc(1533)] MSPL::OnSpeedLimitChange({this=00004BFC022BED40}, {new_limit=62})
[1472:18424:0923/211544.370:VERBOSE1:media_stream_manager.cc(1533)] MSPL::OnSpeedLimitChange({this=00004BFC022BED40}, {new_limit=63})
[1472:18424:0923/211546.373:VERBOSE1:media_stream_manager.cc(1533)] MSPL::OnSpeedLimitChange({this=00004BFC022BED40}, {new_limit=64})
[1472:18424:0923/211548.369:VERBOSE1:media_stream_manager.cc(1533)] MSPL::OnSpeedLimitChange({this=00004BFC022BED40}, {new_limit=65})
[1472:18424:0923/211550.376:VERBOSE1:media_stream_manager.cc(1533)] MSPL::OnSpeedLimitChange({this=00004BFC022BED40}, {new_limit=66})
[1472:18424:0923/211551.590:VERBOSE1:media_stream_manager.cc(1533)] MSPL::OnSpeedLimitChange({this=00004BFC022BED40}, {new_limit=65})
[1472:18424:0923/211552.590:VERBOSE1:media_stream_manager.cc(1533)] MSPL::OnSpeedLimitChange({this=00004BFC022BED40}, {new_limit=100})
[1472:5280:0923/211556.970:VERBOSE1:device_event_log_impl.cc(198)] [21:15:56.971] Display: EVENT: screen_win.cc:893 Displays updated, count: 1
[1472:5280:0923/211556.970:VERBOSE1:device_event_log_impl.cc(198)] [21:15:56.971] Display: EVENT: screen_win.cc:895 Display[1795972762] bounds=[0,0 1920x1080], workarea=[0,0 1920x1032], scale=1, rotation=0, panel_rotation=0 external detected
[1472:18424:0923/211603.665:VERBOSE1:media_stream_manager.cc(1533)] MSPL::OnSpeedLimitChange({this=00004BFC022BED40}, {new_limit=66})
[1472:18424:0923/211604.673:VERBOSE1:media_stream_manager.cc(1533)] MSPL::OnSpeedLimitChange({this=00004BFC022BED40}, {new_limit=68})
[1472:18424:0923/211608.665:VERBOSE1:media_stream_manager.cc(1533)] MSPL::OnSpeedLimitChange({this=00004BFC022BED40}, {new_limit=69})
[1472:18424:0923/211610.665:VERBOSE1:media_stream_manager.cc(1533)] MSPL::OnSpeedLimitChange({this=00004BFC022BED40}, {new_limit=71})
[1472:18424:0923/211612.666:VERBOSE1:media_stream_manager.cc(1533)] MSPL::OnSpeedLimitChange({this=00004BFC022BED40}, {new_limit=73})
[1472:18424:0923/211613.666:VERBOSE1:media_stream_manager.cc(1533)] MSPL::OnSpeedLimitChange({this=00004BFC022BED40}, {new_limit=74})
[1472:18424:0923/211614.667:VERBOSE1:media_stream_manager.cc(1533)] MSPL::OnSpeedLimitChange({this=00004BFC022BED40}, {new_limit=73})
[1472:18424:0923/211615.667:VERBOSE1:media_stream_manager.cc(1533)] MSPL::OnSpeedLimitChange({this=00004BFC022BED40}, {new_limit=74})
[1472:5280:0923/211616.532:VERBOSE1:device_event_log_impl.cc(198)] [21:16:16.532] Display: EVENT: screen_win.cc:893 Displays updated, count: 1
[1472:5280:0923/211616.532:VERBOSE1:device_event_log_impl.cc(198)] [21:16:16.532] Display: EVENT: screen_win.cc:895 Display[1795972762] bounds=[0,0 1920x1080], workarea=[0,0 1920x1032], scale=1, rotation=0, panel_rotation=0 external detected
[1472:18424:0923/211616.667:VERBOSE1:media_stream_manager.cc(1533)] MSPL::OnSpeedLimitChange({this=00004BFC022BED40}, {new_limit=75})
[1472:18424:0923/211618.392:VERBOSE1:media_stream_manager.cc(1533)] MSPL::OnSpeedLimitChange({this=00004BFC022BED40}, {new_limit=74})
[1472:18424:0923/211619.398:VERBOSE1:media_stream_manager.cc(1533)] MSPL::OnSpeedLimitChange({this=00004BFC022BED40}, {new_limit=73})
[1472:18424:0923/211621.394:VERBOSE1:media_stream_manager.cc(1533)] MSPL::OnSpeedLimitChange({this=00004BFC022BED40}, {new_limit=72})
[1472:18424:0923/211622.396:VERBOSE1:media_stream_manager.cc(1533)] MSPL::OnSpeedLimitChange({this=00004BFC022BED40}, {new_limit=71})
[1472:18424:0923/211623.399:VERBOSE1:media_stream_manager.cc(1533)] MSPL::OnSpeedLimitChange({this=00004BFC022BED40}, {new_limit=70})
[1472:18424:0923/211624.398:VERBOSE1:media_stream_manager.cc(1533)] MSPL::OnSpeedLimitChange({this=00004BFC022BED40}, {new_limit=69})
[1472:18424:0923/211625.398:VERBOSE1:media_stream_manager.cc(1533)] MSPL::OnSpeedLimitChange({this=00004BFC022BED40}, {new_limit=67})
[1472:18424:0923/211626.400:VERBOSE1:media_stream_manager.cc(1533)] MSPL::OnSpeedLimitChange({this=00004BFC022BED40}, {new_limit=66})
[1472:18424:0923/211628.407:VERBOSE1:media_stream_manager.cc(1533)] MSPL::OnSpeedLimitChange({this=00004BFC022BED40}, {new_limit=65})
[1472:18424:0923/211630.401:VERBOSE1:media_stream_manager.cc(1533)] MSPL::OnSpeedLimitChange({this=00004BFC022BED40}, {new_limit=64})
[1472:18424:0923/211632.403:VERBOSE1:media_stream_manager.cc(1533)] MSPL::OnSpeedLimitChange({this=00004BFC022BED40}, {new_limit=62})
[1472:18424:0923/211633.405:VERBOSE1:media_stream_manager.cc(1533)] MSPL::OnSpeedLimitChange({this=00004BFC022BED40}, {new_limit=61})
[1472:18424:0923/211635.408:VERBOSE1:media_stream_manager.cc(1533)] MSPL::OnSpeedLimitChange({this=00004BFC022BED40}, {new_limit=60})
[1472:18424:0923/211637.407:VERBOSE1:media_stream_manager.cc(1533)] MSPL::OnSpeedLimitChange({this=00004BFC022BED40}, {new_limit=59})
[1472:18424:0923/211639.412:VERBOSE1:media_stream_manager.cc(1533)] MSPL::OnSpeedLimitChange({this=00004BFC022BED40}, {new_limit=60})
[1472:18424:0923/211642.697:VERBOSE1:media_stream_manager.cc(1533)] MSPL::OnSpeedLimitChange({this=00004BFC022BED40}, {new_limit=62})
[1472:18424:0923/211643.697:VERBOSE1:media_stream_manager.cc(1533)] MSPL::OnSpeedLimitChange({this=00004BFC022BED40}, {new_limit=64})
[1472:18424:0923/211644.697:VERBOSE1:media_stream_manager.cc(1533)] MSPL::OnSpeedLimitChange({this=00004BFC022BED40}, {new_limit=66})
[1472:18424:0923/211645.697:VERBOSE1:media_stream_manager.cc(1533)] MSPL::OnSpeedLimitChange({this=00004BFC022BED40}, {new_limit=69})
[1472:18424:0923/211646.697:VERBOSE1:media_stream_manager.cc(1533)] MSPL::OnSpeedLimitChange({this=00004BFC022BED40}, {new_limit=71})
[1472:18424:0923/211647.699:VERBOSE1:media_stream_manager.cc(1533)] MSPL::OnSpeedLimitChange({this=00004BFC022BED40}, {new_limit=74})
[1472:18424:0923/211648.698:VERBOSE1:media_stream_manager.cc(1533)] MSPL::OnSpeedLimitChange({this=00004BFC022BED40}, {new_limit=76})
[1472:18424:0923/211649.697:VERBOSE1:media_stream_manager.cc(1533)] MSPL::OnSpeedLimitChange({this=00004BFC022BED40}, {new_limit=77})
[1472:18424:0923/211650.698:VERBOSE1:media_stream_manager.cc(1533)] MSPL::OnSpeedLimitChange({this=00004BFC022BED40}, {new_limit=80})
[1472:18424:0923/211651.698:VERBOSE1:media_stream_manager.cc(1533)] MSPL::OnSpeedLimitChange({this=00004BFC022BED40}, {new_limit=82})
[1472:18424:0923/211652.697:VERBOSE1:media_stream_manager.cc(1533)] MSPL::OnSpeedLimitChange({this=00004BFC022BED40}, {new_limit=84})
[1472:18424:0923/211654.698:VERBOSE1:media_stream_manager.cc(1533)] MSPL::OnSpeedLimitChange({this=00004BFC022BED40}, {new_limit=85})
[1472:18424:0923/211656.699:VERBOSE1:media_stream_manager.cc(1533)] MSPL::OnSpeedLimitChange({this=00004BFC022BED40}, {new_limit=84})
[1472:18424:0923/211701.703:VERBOSE1:media_stream_manager.cc(1533)] MSPL::OnSpeedLimitChange({this=00004BFC022BED40}, {new_limit=83})
[1472:18424:0923/211704.700:VERBOSE1:media_stream_manager.cc(1533)] MSPL::OnSpeedLimitChange({this=00004BFC022BED40}, {new_limit=82})
[1472:18424:0923/211707.700:VERBOSE1:media_stream_manager.cc(1533)] MSPL::OnSpeedLimitChange({this=00004BFC022BED40}, {new_limit=83})
[1472:18424:0923/211710.701:VERBOSE1:media_stream_manager.cc(1533)] MSPL::OnSpeedLimitChange({this=00004BFC022BED40}, {new_limit=82})
[1472:18424:0923/211712.709:VERBOSE1:media_stream_manager.cc(1533)] MSPL::OnSpeedLimitChange({this=00004BFC022BED40}, {new_limit=81})
[1472:18424:0923/211714.703:VERBOSE1:media_stream_manager.cc(1533)] MSPL::OnSpeedLimitChange({this=00004BFC022BED40}, {new_limit=82})
[1472:18424:0923/211719.704:VERBOSE1:media_stream_manager.cc(1533)] MSPL::OnSpeedLimitChange({this=00004BFC022BED40}, {new_limit=81})
[1472:18424:0923/211720.704:VERBOSE1:media_stream_manager.cc(1533)] MSPL::OnSpeedLimitChange({this=00004BFC022BED40}, {new_limit=80})
[1472:18424:0923/211721.702:VERBOSE1:media_stream_manager.cc(1533)] MSPL::OnSpeedLimitChange({this=00004BFC022BED40}, {new_limit=79})
[1472:18424:0923/211723.705:VERBOSE1:media_stream_manager.cc(1533)] MSPL::OnSpeedLimitChange({this=00004BFC022BED40}, {new_limit=76})
[1472:18424:0923/211729.706:VERBOSE1:media_stream_manager.cc(1533)] MSPL::OnSpeedLimitChange({this=00004BFC022BED40}, {new_limit=77})
[1472:18424:0923/211730.704:VERBOSE1:media_stream_manager.cc(1533)] MSPL::OnSpeedLimitChange({this=00004BFC022BED40}, {new_limit=76})
[1472:18424:0923/211731.704:VERBOSE1:media_stream_manager.cc(1533)] MSPL::OnSpeedLimitChange({this=00004BFC022BED40}, {new_limit=77})
[1472:18424:0923/211732.709:VERBOSE1:media_stream_manager.cc(1533)] MSPL::OnSpeedLimitChange({this=00004BFC022BED40}, {new_limit=76})
[1472:18424:0923/211733.703:VERBOSE1:media_stream_manager.cc(1533)] MSPL::OnSpeedLimitChange({this=00004BFC022BED40}, {new_limit=79})
[1472:18424:0923/211737.705:VERBOSE1:media_stream_manager.cc(1533)] MSPL::OnSpeedLimitChange({this=00004BFC022BED40}, {new_limit=78})
[1472:18424:0923/211738.704:VERBOSE1:media_stream_manager.cc(1533)] MSPL::OnSpeedLimitChange({this=00004BFC022BED40}, {new_limit=79})
[1472:18424:0923/211740.705:VERBOSE1:media_stream_manager.cc(1533)] MSPL::OnSpeedLimitChange({this=00004BFC022BED40}, {new_limit=78})
[1472:18424:0923/211741.705:VERBOSE1:media_stream_manager.cc(1533)] MSPL::OnSpeedLimitChange({this=00004BFC022BED40}, {new_limit=79})
[1472:18424:0923/211742.705:VERBOSE1:media_stream_manager.cc(1533)] MSPL::OnSpeedLimitChange({this=00004BFC022BED40}, {new_limit=80})
[1472:18424:0923/211745.706:VERBOSE1:media_stream_manager.cc(1533)] MSPL::OnSpeedLimitChange({this=00004BFC022BED40}, {new_limit=81})
[1472:18424:0923/211747.705:VERBOSE1:media_stream_manager.cc(1533)] MSPL::OnSpeedLimitChange({this=00004BFC022BED40}, {new_limit=82})
[1472:18424:0923/211748.705:VERBOSE1:media_stream_manager.cc(1533)] MSPL::OnSpeedLimitChange({this=00004BFC022BED40}, {new_limit=81})
[1472:18424:0923/211750.705:VERBOSE1:media_stream_manager.cc(1533)] MSPL::OnSpeedLimitChange({this=00004BFC022BED40}, {new_limit=82})
[1472:18424:0923/211752.706:VERBOSE1:media_stream_manager.cc(1533)] MSPL::OnSpeedLimitChange({this=00004BFC022BED40}, {new_limit=81})
[1472:18424:0923/211755.706:VERBOSE1:media_stream_manager.cc(1533)] MSPL::OnSpeedLimitChange({this=00004BFC022BED40}, {new_limit=80})
[1472:18424:0923/211756.706:VERBOSE1:media_stream_manager.cc(1533)] MSPL::OnSpeedLimitChange({this=00004BFC022BED40}, {new_limit=79})
[1472:18424:0923/211758.706:VERBOSE1:media_stream_manager.cc(1533)] MSPL::OnSpeedLimitChange({this=00004BFC022BED40}, {new_limit=80})
[1472:18424:0923/211759.706:VERBOSE1:media_stream_manager.cc(1533)] MSPL::OnSpeedLimitChange({this=00004BFC022BED40}, {new_limit=81})
[1472:18424:0923/211802.706:VERBOSE1:media_stream_manager.cc(1533)] MSPL::OnSpeedLimitChange({this=00004BFC022BED40}, {new_limit=82})
[1472:18424:0923/211804.706:VERBOSE1:media_stream_manager.cc(1533)] MSPL::OnSpeedLimitChange({this=00004BFC022BED40}, {new_limit=83})
[1472:18424:0923/211806.706:VERBOSE1:media_stream_manager.cc(1533)] MSPL::OnSpeedLimitChange({this=00004BFC022BED40}, {new_limit=84})
[1472:18424:0923/211810.705:VERBOSE1:media_stream_manager.cc(1533)] MSPL::OnSpeedLimitChange({this=00004BFC022BED40}, {new_limit=85})
[1472:18424:0923/211811.707:VERBOSE1:media_stream_manager.cc(1533)] MSPL::OnSpeedLimitChange({this=00004BFC022BED40}, {new_limit=84})
[1472:18424:0923/211812.707:VERBOSE1:media_stream_manager.cc(1533)] MSPL::OnSpeedLimitChange({this=00004BFC022BED40}, {new_limit=85})
[1472:18424:0923/211813.707:VERBOSE1:media_stream_manager.cc(1533)] MSPL::OnSpeedLimitChange({this=00004BFC022BED40}, {new_limit=84})
[1472:18424:0923/211814.707:VERBOSE1:media_stream_manager.cc(1533)] MSPL::OnSpeedLimitChange({this=00004BFC022BED40}, {new_limit=83})
[1472:18424:0923/211818.709:VERBOSE1:media_stream_manager.cc(1533)] MSPL::OnSpeedLimitChange({this=00004BFC022BED40}, {new_limit=82})
[1472:18424:0923/211819.708:VERBOSE1:media_stream_manager.cc(1533)] MSPL::OnSpeedLimitChange({this=00004BFC022BED40}, {new_limit=83})
[1472:18424:0923/211820.709:VERBOSE1:media_stream_manager.cc(1533)] MSPL::OnSpeedLimitChange({this=00004BFC022BED40}, {new_limit=82})
[1472:18424:0923/211821.709:VERBOSE1:media_stream_manager.cc(1533)] MSPL::OnSpeedLimitChange({this=00004BFC022BED40}, {new_limit=80})
[4672:7044:0923/211823.376:VERBOSE1:network_delegate.cc(36)] NetworkDelegate::NotifyBeforeURLRequest: https://optimizationguide-pa.googleapis.com/v1:GetModels?key=dummytoken
[4672:7044:0923/211823.382:VERBOSE1:tls_handshaker.cc(105)] TlsClient: Continuing handshake
[4672:7044:0923/211823.382:VERBOSE1:tls_handshaker.cc(126)] TlsClient: SSL_do_handshake returned when entering early data. After retry, rv=-1, SSL_in_early_data=1
[4672:7044:0923/211823.469:VERBOSE1:tls_handshaker.cc(105)] TlsClient: Continuing handshake
[4672:7044:0923/211823.469:VERBOSE1:tls_handshaker.cc(105)] TlsClient: Continuing handshake
[4672:7044:0923/211823.469:VERBOSE1:tls_client_handshaker.cc(528)] Client: handshake finished
[1472:18424:0923/211823.709:VERBOSE1:media_stream_manager.cc(1533)] MSPL::OnSpeedLimitChange({this=00004BFC022BED40}, {new_limit=81})
[1472:18424:0923/211826.709:VERBOSE1:media_stream_manager.cc(1533)] MSPL::OnSpeedLimitChange({this=00004BFC022BED40}, {new_limit=77})
[1472:18424:0923/211833.710:VERBOSE1:media_stream_manager.cc(1533)] MSPL::OnSpeedLimitChange({this=00004BFC022BED40}, {new_limit=76})
[1472:18424:0923/211834.713:VERBOSE1:media_stream_manager.cc(1533)] MSPL::OnSpeedLimitChange({this=00004BFC022BED40}, {new_limit=75})
[1472:18424:0923/211835.712:VERBOSE1:media_stream_manager.cc(1533)] MSPL::OnSpeedLimitChange({this=00004BFC022BED40}, {new_limit=74})
[1472:18424:0923/211836.712:VERBOSE1:media_stream_manager.cc(1533)] MSPL::OnSpeedLimitChange({this=00004BFC022BED40}, {new_limit=78})
[1472:18424:0923/211841.712:VERBOSE1:media_stream_manager.cc(1533)] MSPL::OnSpeedLimitChange({this=00004BFC022BED40}, {new_limit=80})
[1472:18424:0923/211842.715:VERBOSE1:media_stream_manager.cc(1533)] MSPL::OnSpeedLimitChange({this=00004BFC022BED40}, {new_limit=79})
[1472:18424:0923/211844.714:VERBOSE1:media_stream_manager.cc(1533)] MSPL::OnSpeedLimitChange({this=00004BFC022BED40}, {new_limit=80})
[1472:18424:0923/211845.715:VERBOSE1:media_stream_manager.cc(1533)] MSPL::OnSpeedLimitChange({this=00004BFC022BED40}, {new_limit=82})
[1472:18424:0923/211846.715:VERBOSE1:media_stream_manager.cc(1533)] MSPL::OnSpeedLimitChange({this=00004BFC022BED40}, {new_limit=81})
[1472:18424:0923/211847.714:VERBOSE1:media_stream_manager.cc(1533)] MSPL::OnSpeedLimitChange({this=00004BFC022BED40}, {new_limit=82})
[1472:18424:0923/211851.716:VERBOSE1:media_stream_manager.cc(1533)] MSPL::OnSpeedLimitChange({this=00004BFC022BED40}, {new_limit=80})
[1472:18424:0923/211853.717:VERBOSE1:media_stream_manager.cc(1533)] MSPL::OnSpeedLimitChange({this=00004BFC022BED40}, {new_limit=82})
[1472:18424:0923/211854.717:VERBOSE1:media_stream_manager.cc(1533)] MSPL::OnSpeedLimitChange({this=00004BFC022BED40}, {new_limit=83})
[1472:18424:0923/211856.717:VERBOSE1:media_stream_manager.cc(1533)] MSPL::OnSpeedLimitChange({this=00004BFC022BED40}, {new_limit=82})
[1472:18424:0923/211857.717:VERBOSE1:media_stream_manager.cc(1533)] MSPL::OnSpeedLimitChange({this=00004BFC022BED40}, {new_limit=81})
[1472:18424:0923/211901.718:VERBOSE1:media_stream_manager.cc(1533)] MSPL::OnSpeedLimitChange({this=00004BFC022BED40}, {new_limit=82})
[1472:18424:0923/211902.718:VERBOSE1:media_stream_manager.cc(1533)] MSPL::OnSpeedLimitChange({this=00004BFC022BED40}, {new_limit=83})
[1472:18424:0923/211903.718:VERBOSE1:media_stream_manager.cc(1533)] MSPL::OnSpeedLimitChange({this=00004BFC022BED40}, {new_limit=82})
[1472:18424:0923/211905.719:VERBOSE1:media_stream_manager.cc(1533)] MSPL::OnSpeedLimitChange({this=00004BFC022BED40}, {new_limit=81})
[1472:18424:0923/211907.718:VERBOSE1:media_stream_manager.cc(1533)] MSPL::OnSpeedLimitChange({this=00004BFC022BED40}, {new_limit=82})
[1472:18424:0923/211908.718:VERBOSE1:media_stream_manager.cc(1533)] MSPL::OnSpeedLimitChange({this=00004BFC022BED40}, {new_limit=81})
[1472:18424:0923/211911.720:VERBOSE1:media_stream_manager.cc(1533)] MSPL::OnSpeedLimitChange({this=00004BFC022BED40}, {new_limit=80})
[1472:18424:0923/211912.721:VERBOSE1:media_stream_manager.cc(1533)] MSPL::OnSpeedLimitChange({this=00004BFC022BED40}, {new_limit=78})
[1472:18424:0923/211913.719:VERBOSE1:media_stream_manager.cc(1533)] MSPL::OnSpeedLimitChange({this=00004BFC022BED40}, {new_limit=76})
[1472:18424:0923/211916.720:VERBOSE1:media_stream_manager.cc(1533)] MSPL::OnSpeedLimitChange({this=00004BFC022BED40}, {new_limit=75})
[1472:18424:0923/211920.721:VERBOSE1:media_stream_manager.cc(1533)] MSPL::OnSpeedLimitChange({this=00004BFC022BED40}, {new_limit=76})
[1472:18424:0923/211921.720:VERBOSE1:media_stream_manager.cc(1533)] MSPL::OnSpeedLimitChange({this=00004BFC022BED40}, {new_limit=77})
[1472:18424:0923/211922.722:VERBOSE1:media_stream_manager.cc(1533)] MSPL::OnSpeedLimitChange({this=00004BFC022BED40}, {new_limit=78})
[1472:18424:0923/211923.720:VERBOSE1:media_stream_manager.cc(1533)] MSPL::OnSpeedLimitChange({this=00004BFC022BED40}, {new_limit=80})
[1472:18424:0923/211926.724:VERBOSE1:media_stream_manager.cc(1533)] MSPL::OnSpeedLimitChange({this=00004BFC022BED40}, {new_limit=82})
[1472:5280:0923/211927.517:VERBOSE1:device_event_log_impl.cc(198)] [21:19:27.517] Display: EVENT: screen_win.cc:893 Displays updated, count: 1
[1472:5280:0923/211927.517:VERBOSE1:device_event_log_impl.cc(198)] [21:19:27.517] Display: EVENT: screen_win.cc:895 Display[1795972762] bounds=[0,0 1920x1080], workarea=[0,0 1920x1032], scale=1, rotation=0, panel_rotation=0 external detected
[1472:18424:0923/211927.728:VERBOSE1:media_stream_manager.cc(1533)] MSPL::OnSpeedLimitChange({this=00004BFC022BED40}, {new_limit=81})
[1472:18424:0923/211928.521:VERBOSE1:media_stream_manager.cc(1533)] MSPL::OnSpeedLimitChange({this=00004BFC022BED40}, {new_limit=80})
[1472:18424:0923/211929.517:VERBOSE1:media_stream_manager.cc(1533)] MSPL::OnSpeedLimitChange({this=00004BFC022BED40}, {new_limit=78})
[1472:18424:0923/211930.525:VERBOSE1:media_stream_manager.cc(1533)] MSPL::OnSpeedLimitChange({this=00004BFC022BED40}, {new_limit=76})
[1472:18424:0923/211931.518:VERBOSE1:media_stream_manager.cc(1533)] MSPL::OnSpeedLimitChange({this=00004BFC022BED40}, {new_limit=74})
[1472:18424:0923/211932.520:VERBOSE1:media_stream_manager.cc(1533)] MSPL::OnSpeedLimitChange({this=00004BFC022BED40}, {new_limit=73})
[1472:18424:0923/211933.523:VERBOSE1:media_stream_manager.cc(1533)] MSPL::OnSpeedLimitChange({this=00004BFC022BED40}, {new_limit=71})
[1472:18424:0923/211934.523:VERBOSE1:media_stream_manager.cc(1533)] MSPL::OnSpeedLimitChange({this=00004BFC022BED40}, {new_limit=70})
[1472:18424:0923/211935.524:VERBOSE1:media_stream_manager.cc(1533)] MSPL::OnSpeedLimitChange({this=00004BFC022BED40}, {new_limit=68})
[1472:18424:0923/211938.658:VERBOSE1:media_stream_manager.cc(1533)] MSPL::OnSpeedLimitChange({this=00004BFC022BED40}, {new_limit=70})
[1472:18424:0923/211939.658:VERBOSE1:media_stream_manager.cc(1533)] MSPL::OnSpeedLimitChange({this=00004BFC022BED40}, {new_limit=72})
[1472:18424:0923/211940.659:VERBOSE1:media_stream_manager.cc(1533)] MSPL::OnSpeedLimitChange({this=00004BFC022BED40}, {new_limit=74})
[1472:18424:0923/211941.659:VERBOSE1:media_stream_manager.cc(1533)] MSPL::OnSpeedLimitChange({this=00004BFC022BED40}, {new_limit=76})
[1472:18424:0923/211942.658:VERBOSE1:media_stream_manager.cc(1533)] MSPL::OnSpeedLimitChange({this=00004BFC022BED40}, {new_limit=78})
[1472:18424:0923/211943.659:VERBOSE1:media_stream_manager.cc(1533)] MSPL::OnSpeedLimitChange({this=00004BFC022BED40}, {new_limit=80})
[1472:18424:0923/211944.659:VERBOSE1:media_stream_manager.cc(1533)] MSPL::OnSpeedLimitChange({this=00004BFC022BED40}, {new_limit=82})
[1472:18424:0923/211945.659:VERBOSE1:media_stream_manager.cc(1533)] MSPL::OnSpeedLimitChange({this=00004BFC022BED40}, {new_limit=84})
[1472:18424:0923/211947.659:VERBOSE1:media_stream_manager.cc(1533)] MSPL::OnSpeedLimitChange({this=00004BFC022BED40}, {new_limit=82})
[1472:18424:0923/211948.660:VERBOSE1:media_stream_manager.cc(1533)] MSPL::OnSpeedLimitChange({this=00004BFC022BED40}, {new_limit=81})
[1472:18424:0923/211951.659:VERBOSE1:media_stream_manager.cc(1533)] MSPL::OnSpeedLimitChange({this=00004BFC022BED40}, {new_limit=82})
[1472:18424:0923/211954.661:VERBOSE1:media_stream_manager.cc(1533)] MSPL::OnSpeedLimitChange({this=00004BFC022BED40}, {new_limit=81})
[1472:18424:0923/211955.661:VERBOSE1:media_stream_manager.cc(1533)] MSPL::OnSpeedLimitChange({this=00004BFC022BED40}, {new_limit=82})
[1472:18424:0923/211957.661:VERBOSE1:media_stream_manager.cc(1533)] MSPL::OnSpeedLimitChange({this=00004BFC022BED40}, {new_limit=83})
[1472:18424:0923/212001.662:VERBOSE1:media_stream_manager.cc(1533)] MSPL::OnSpeedLimitChange({this=00004BFC022BED40}, {new_limit=82})
[1472:18424:0923/212003.663:VERBOSE1:media_stream_manager.cc(1533)] MSPL::OnSpeedLimitChange({this=00004BFC022BED40}, {new_limit=81})
[1472:5280:0923/212003.780:VERBOSE1:device_event_log_impl.cc(198)] [21:20:03.780] Display: EVENT: screen_win.cc:893 Displays updated, count: 1
[1472:5280:0923/212003.780:VERBOSE1:device_event_log_impl.cc(198)] [21:20:03.780] Display: EVENT: screen_win.cc:895 Display[1795972762] bounds=[0,0 1920x1080], workarea=[0,0 1920x1032], scale=1, rotation=0, panel_rotation=0 external detected
[1472:18424:0923/212004.540:VERBOSE1:media_stream_manager.cc(1533)] MSPL::OnSpeedLimitChange({this=00004BFC022BED40}, {new_limit=79})
[1472:18424:0923/212005.545:VERBOSE1:media_stream_manager.cc(1533)] MSPL::OnSpeedLimitChange({this=00004BFC022BED40}, {new_limit=76})
[1472:18424:0923/212006.541:VERBOSE1:media_stream_manager.cc(1533)] MSPL::OnSpeedLimitChange({this=00004BFC022BED40}, {new_limit=74})
[1472:18424:0923/212007.540:VERBOSE1:media_stream_manager.cc(1533)] MSPL::OnSpeedLimitChange({this=00004BFC022BED40}, {new_limit=73})
[1472:18424:0923/212008.544:VERBOSE1:media_stream_manager.cc(1533)] MSPL::OnSpeedLimitChange({this=00004BFC022BED40}, {new_limit=72})
[1472:18424:0923/212009.543:VERBOSE1:media_stream_manager.cc(1533)] MSPL::OnSpeedLimitChange({this=00004BFC022BED40}, {new_limit=70})
[1472:18424:0923/212010.542:VERBOSE1:media_stream_manager.cc(1533)] MSPL::OnSpeedLimitChange({this=00004BFC022BED40}, {new_limit=68})
[1472:18424:0923/212011.541:VERBOSE1:media_stream_manager.cc(1533)] MSPL::OnSpeedLimitChange({this=00004BFC022BED40}, {new_limit=66})
[1472:18424:0923/212012.549:VERBOSE1:media_stream_manager.cc(1533)] MSPL::OnSpeedLimitChange({this=00004BFC022BED40}, {new_limit=65})
[1472:18424:0923/212013.550:VERBOSE1:media_stream_manager.cc(1533)] MSPL::OnSpeedLimitChange({this=00004BFC022BED40}, {new_limit=64})
[1472:18424:0923/212023.811:VERBOSE1:media_stream_manager.cc(1533)] MSPL::OnSpeedLimitChange({this=00004BFC022BED40}, {new_limit=67})
[1472:18424:0923/212024.810:VERBOSE1:media_stream_manager.cc(1533)] MSPL::OnSpeedLimitChange({this=00004BFC022BED40}, {new_limit=69})
[1472:5280:0923/212025.707:VERBOSE1:device_event_log_impl.cc(198)] [21:20:25.708] Display: EVENT: screen_win.cc:893 Displays updated, count: 1
[1472:5280:0923/212025.707:VERBOSE1:device_event_log_impl.cc(198)] [21:20:25.708] Display: EVENT: screen_win.cc:895 Display[1795972762] bounds=[0,0 1920x1080], workarea=[0,0 1920x1032], scale=1, rotation=0, panel_rotation=0 external detected
[1472:18424:0923/212025.813:VERBOSE1:media_stream_manager.cc(1533)] MSPL::OnSpeedLimitChange({this=00004BFC022BED40}, {new_limit=70})
[1472:18424:0923/212029.555:VERBOSE1:media_stream_manager.cc(1533)] MSPL::OnSpeedLimitChange({this=00004BFC022BED40}, {new_limit=69})
[1472:18424:0923/212031.556:VERBOSE1:media_stream_manager.cc(1533)] MSPL::OnSpeedLimitChange({this=00004BFC022BED40}, {new_limit=70})
[1472:18424:0923/212032.556:VERBOSE1:media_stream_manager.cc(1533)] MSPL::OnSpeedLimitChange({this=00004BFC022BED40}, {new_limit=71})
[1472:18424:0923/212033.556:VERBOSE1:media_stream_manager.cc(1533)] MSPL::OnSpeedLimitChange({this=00004BFC022BED40}, {new_limit=70})
[1472:18424:0923/212034.556:VERBOSE1:media_stream_manager.cc(1533)] MSPL::OnSpeedLimitChange({this=00004BFC022BED40}, {new_limit=69})
[1472:18424:0923/212036.558:VERBOSE1:media_stream_manager.cc(1533)] MSPL::OnSpeedLimitChange({this=00004BFC022BED40}, {new_limit=71})
[1472:18424:0923/212037.558:VERBOSE1:media_stream_manager.cc(1533)] MSPL::OnSpeedLimitChange({this=00004BFC022BED40}, {new_limit=72})
[1472:18424:0923/212038.558:VERBOSE1:media_stream_manager.cc(1533)] MSPL::OnSpeedLimitChange({this=00004BFC022BED40}, {new_limit=73})
[1472:5280:0923/212039.542:VERBOSE1:device_event_log_impl.cc(198)] [21:20:39.543] Display: EVENT: screen_win.cc:893 Displays updated, count: 1
[1472:5280:0923/212039.542:VERBOSE1:device_event_log_impl.cc(198)] [21:20:39.543] Display: EVENT: screen_win.cc:895 Display[1795972762] bounds=[0,0 1920x1080], workarea=[0,0 1920x1032], scale=1, rotation=0, panel_rotation=0 external detected
[1472:18424:0923/212041.563:VERBOSE1:media_stream_manager.cc(1533)] MSPL::OnSpeedLimitChange({this=00004BFC022BED40}, {new_limit=72})
[1472:18424:0923/212042.562:VERBOSE1:media_stream_manager.cc(1533)] MSPL::OnSpeedLimitChange({this=00004BFC022BED40}, {new_limit=71})
[1472:18424:0923/212043.565:VERBOSE1:media_stream_manager.cc(1533)] MSPL::OnSpeedLimitChange({this=00004BFC022BED40}, {new_limit=69})
[1472:18424:0923/212044.563:VERBOSE1:media_stream_manager.cc(1533)] MSPL::OnSpeedLimitChange({this=00004BFC022BED40}, {new_limit=68})
[1472:18424:0923/212045.567:VERBOSE1:media_stream_manager.cc(1533)] MSPL::OnSpeedLimitChange({this=00004BFC022BED40}, {new_limit=67})
[1472:18424:0923/212046.566:VERBOSE1:media_stream_manager.cc(1533)] MSPL::OnSpeedLimitChange({this=00004BFC022BED40}, {new_limit=65})
[1472:18424:0923/212047.571:VERBOSE1:media_stream_manager.cc(1533)] MSPL::OnSpeedLimitChange({this=00004BFC022BED40}, {new_limit=64})
[1472:18424:0923/212048.569:VERBOSE1:media_stream_manager.cc(1533)] MSPL::OnSpeedLimitChange({this=00004BFC022BED40}, {new_limit=62})
[1472:18424:0923/212049.569:VERBOSE1:media_stream_manager.cc(1533)] MSPL::OnSpeedLimitChange({this=00004BFC022BED40}, {new_limit=61})
[1472:18424:0923/212050.572:VERBOSE1:media_stream_manager.cc(1533)] MSPL::OnSpeedLimitChange({this=00004BFC022BED40}, {new_limit=60})
[1472:18424:0923/212051.572:VERBOSE1:media_stream_manager.cc(1533)] MSPL::OnSpeedLimitChange({this=00004BFC022BED40}, {new_limit=59})
[1472:18424:0923/212052.570:VERBOSE1:media_stream_manager.cc(1533)] MSPL::OnSpeedLimitChange({this=00004BFC022BED40}, {new_limit=58})
[1472:18424:0923/212056.569:VERBOSE1:media_stream_manager.cc(1533)] MSPL::OnSpeedLimitChange({this=00004BFC022BED40}, {new_limit=59})
[4672:7044:0923/212057.458:VERBOSE1:network_delegate.cc(36)] NetworkDelegate::NotifyBeforeURLRequest: https://optimizationguide-pa.googleapis.com/v1:GetModels?key=dummytoken
[4672:7044:0923/212057.464:VERBOSE1:tls_handshaker.cc(105)] TlsClient: Continuing handshake
[4672:7044:0923/212057.464:VERBOSE1:tls_handshaker.cc(126)] TlsClient: SSL_do_handshake returned when entering early data. After retry, rv=-1, SSL_in_early_data=1
[4672:7044:0923/212057.524:VERBOSE1:tls_handshaker.cc(105)] TlsClient: Continuing handshake
[4672:7044:0923/212057.524:VERBOSE1:tls_handshaker.cc(105)] TlsClient: Continuing handshake
[4672:7044:0923/212057.524:VERBOSE1:tls_client_handshaker.cc(528)] Client: handshake finished
[1472:18424:0923/212057.570:VERBOSE1:media_stream_manager.cc(1533)] MSPL::OnSpeedLimitChange({this=00004BFC022BED40}, {new_limit=58})
[1472:18424:0923/212058.799:VERBOSE1:media_stream_manager.cc(1533)] MSPL::OnSpeedLimitChange({this=00004BFC022BED40}, {new_limit=59})
[1472:18424:0923/212059.569:VERBOSE1:media_stream_manager.cc(1533)] MSPL::OnSpeedLimitChange({this=00004BFC022BED40}, {new_limit=61})
[1472:18424:0923/212100.577:VERBOSE1:media_stream_manager.cc(1533)] MSPL::OnSpeedLimitChange({this=00004BFC022BED40}, {new_limit=62})
[1472:18424:0923/212101.577:VERBOSE1:media_stream_manager.cc(1533)] MSPL::OnSpeedLimitChange({this=00004BFC022BED40}, {new_limit=64})
[1472:18424:0923/212102.578:VERBOSE1:media_stream_manager.cc(1533)] MSPL::OnSpeedLimitChange({this=00004BFC022BED40}, {new_limit=65})
[1472:18424:0923/212103.579:VERBOSE1:media_stream_manager.cc(1533)] MSPL::OnSpeedLimitChange({this=00004BFC022BED40}, {new_limit=67})
[1472:18424:0923/212104.575:VERBOSE1:media_stream_manager.cc(1533)] MSPL::OnSpeedLimitChange({this=00004BFC022BED40}, {new_limit=66})
[1472:18424:0923/212111.578:VERBOSE1:media_stream_manager.cc(1533)] MSPL::OnSpeedLimitChange({this=00004BFC022BED40}, {new_limit=65})
[1472:18424:0923/212113.587:VERBOSE1:media_stream_manager.cc(1533)] MSPL::OnSpeedLimitChange({this=00004BFC022BED40}, {new_limit=64})
[1472:18424:0923/212120.589:VERBOSE1:media_stream_manager.cc(1533)] MSPL::OnSpeedLimitChange({this=00004BFC022BED40}, {new_limit=63})
[1472:18424:0923/212138.644:VERBOSE1:media_stream_manager.cc(1533)] MSPL::OnSpeedLimitChange({this=00004BFC022BED40}, {new_limit=62})
[1472:18424:0923/212141.548:VERBOSE1:media_stream_manager.cc(1533)] MSPL::OnSpeedLimitChange({this=00004BFC022BED40}, {new_limit=63})
[1472:18424:0923/212141.641:VERBOSE1:media_stream_manager.cc(1533)] MSPL::OnSpeedLimitChange({this=00004BFC022BED40}, {new_limit=64})
[1472:18424:0923/212144.605:VERBOSE1:media_stream_manager.cc(1533)] MSPL::OnSpeedLimitChange({this=00004BFC022BED40}, {new_limit=63})
[1472:18424:0923/212146.608:VERBOSE1:media_stream_manager.cc(1533)] MSPL::OnSpeedLimitChange({this=00004BFC022BED40}, {new_limit=62})
[1472:18424:0923/212149.607:VERBOSE1:media_stream_manager.cc(1533)] MSPL::OnSpeedLimitChange({this=00004BFC022BED40}, {new_limit=61})
[1472:18424:0923/212150.608:VERBOSE1:media_stream_manager.cc(1533)] MSPL::OnSpeedLimitChange({this=00004BFC022BED40}, {new_limit=59})
[1472:18424:0923/212151.613:VERBOSE1:media_stream_manager.cc(1533)] MSPL::OnSpeedLimitChange({this=00004BFC022BED40}, {new_limit=57})
[1472:18424:0923/212153.612:VERBOSE1:media_stream_manager.cc(1533)] MSPL::OnSpeedLimitChange({this=00004BFC022BED40}, {new_limit=56})
[1472:18424:0923/212154.614:VERBOSE1:media_stream_manager.cc(1533)] MSPL::OnSpeedLimitChange({this=00004BFC022BED40}, {new_limit=57})
[1472:18424:0923/212156.613:VERBOSE1:media_stream_manager.cc(1533)] MSPL::OnSpeedLimitChange({this=00004BFC022BED40}, {new_limit=58})
[1472:18424:0923/212157.615:VERBOSE1:media_stream_manager.cc(1533)] MSPL::OnSpeedLimitChange({this=00004BFC022BED40}, {new_limit=59})
[1472:18424:0923/212158.680:VERBOSE1:media_stream_manager.cc(1533)] MSPL::OnSpeedLimitChange({this=00004BFC022BED40}, {new_limit=60})
[1472:18424:0923/212159.617:VERBOSE1:media_stream_manager.cc(1533)] MSPL::OnSpeedLimitChange({this=00004BFC022BED40}, {new_limit=61})
[1472:18424:0923/212200.620:VERBOSE1:media_stream_manager.cc(1533)] MSPL::OnSpeedLimitChange({this=00004BFC022BED40}, {new_limit=62})
[1472:18424:0923/212201.620:VERBOSE1:media_stream_manager.cc(1533)] MSPL::OnSpeedLimitChange({this=00004BFC022BED40}, {new_limit=63})
[1472:18424:0923/212203.615:VERBOSE1:media_stream_manager.cc(1533)] MSPL::OnSpeedLimitChange({this=00004BFC022BED40}, {new_limit=64})
[1472:18424:0923/212208.676:VERBOSE1:media_stream_manager.cc(1533)] MSPL::OnSpeedLimitChange({this=00004BFC022BED40}, {new_limit=65})
[1472:18424:0923/212209.619:VERBOSE1:media_stream_manager.cc(1533)] MSPL::OnSpeedLimitChange({this=00004BFC022BED40}, {new_limit=64})
[1472:18424:0923/212214.626:VERBOSE1:media_stream_manager.cc(1533)] MSPL::OnSpeedLimitChange({this=00004BFC022BED40}, {new_limit=63})
[1472:18424:0923/212219.628:VERBOSE1:media_stream_manager.cc(1533)] MSPL::OnSpeedLimitChange({this=00004BFC022BED40}, {new_limit=64})
[1472:18424:0923/212222.630:VERBOSE1:media_stream_manager.cc(1533)] MSPL::OnSpeedLimitChange({this=00004BFC022BED40}, {new_limit=65})
[1472:18424:0923/212223.634:VERBOSE1:media_stream_manager.cc(1533)] MSPL::OnSpeedLimitChange({this=00004BFC022BED40}, {new_limit=66})
[1472:18424:0923/212224.634:VERBOSE1:media_stream_manager.cc(1533)] MSPL::OnSpeedLimitChange({this=00004BFC022BED40}, {new_limit=67})
[1472:18424:0923/212225.634:VERBOSE1:media_stream_manager.cc(1533)] MSPL::OnSpeedLimitChange({this=00004BFC022BED40}, {new_limit=68})
[1472:18424:0923/212226.638:VERBOSE1:media_stream_manager.cc(1533)] MSPL::OnSpeedLimitChange({this=00004BFC022BED40}, {new_limit=69})
[1472:18424:0923/212227.635:VERBOSE1:media_stream_manager.cc(1533)] MSPL::OnSpeedLimitChange({this=00004BFC022BED40}, {new_limit=70})
[1472:18424:0923/212228.641:VERBOSE1:media_stream_manager.cc(1533)] MSPL::OnSpeedLimitChange({this=00004BFC022BED40}, {new_limit=71})
[1472:18424:0923/212229.641:VERBOSE1:media_stream_manager.cc(1533)] MSPL::OnSpeedLimitChange({this=00004BFC022BED40}, {new_limit=70})
[1472:18424:0923/212232.635:VERBOSE1:media_stream_manager.cc(1533)] MSPL::OnSpeedLimitChange({this=00004BFC022BED40}, {new_limit=69})
[1472:18424:0923/212233.641:VERBOSE1:media_stream_manager.cc(1533)] MSPL::OnSpeedLimitChange({this=00004BFC022BED40}, {new_limit=67})
[1472:18424:0923/212234.639:VERBOSE1:media_stream_manager.cc(1533)] MSPL::OnSpeedLimitChange({this=00004BFC022BED40}, {new_limit=66})
[1472:18424:0923/212235.638:VERBOSE1:media_stream_manager.cc(1533)] MSPL::OnSpeedLimitChange({this=00004BFC022BED40}, {new_limit=65})
[1472:18424:0923/212236.641:VERBOSE1:media_stream_manager.cc(1533)] MSPL::OnSpeedLimitChange({this=00004BFC022BED40}, {new_limit=64})
[1472:18424:0923/212237.641:VERBOSE1:media_stream_manager.cc(1533)] MSPL::OnSpeedLimitChange({this=00004BFC022BED40}, {new_limit=63})
[1472:18424:0923/212242.642:VERBOSE1:media_stream_manager.cc(1533)] MSPL::OnSpeedLimitChange({this=00004BFC022BED40}, {new_limit=62})
[1472:18424:0923/212244.643:VERBOSE1:media_stream_manager.cc(1533)] MSPL::OnSpeedLimitChange({this=00004BFC022BED40}, {new_limit=64})
[1472:18424:0923/212246.643:VERBOSE1:media_stream_manager.cc(1533)] MSPL::OnSpeedLimitChange({this=00004BFC022BED40}, {new_limit=65})
[1472:18424:0923/212252.650:VERBOSE1:media_stream_manager.cc(1533)] MSPL::OnSpeedLimitChange({this=00004BFC022BED40}, {new_limit=66})
[1472:18424:0923/212302.660:VERBOSE1:media_stream_manager.cc(1533)] MSPL::OnSpeedLimitChange({this=00004BFC022BED40}, {new_limit=65})
[1472:18424:0923/212310.664:VERBOSE1:media_stream_manager.cc(1533)] MSPL::OnSpeedLimitChange({this=00004BFC022BED40}, {new_limit=66})
[1472:18424:0923/212312.670:VERBOSE1:media_stream_manager.cc(1533)] MSPL::OnSpeedLimitChange({this=00004BFC022BED40}, {new_limit=67})
[1472:18424:0923/212320.674:VERBOSE1:media_stream_manager.cc(1533)] MSPL::OnSpeedLimitChange({this=00004BFC022BED40}, {new_limit=66})
[1472:18424:0923/212322.670:VERBOSE1:media_stream_manager.cc(1533)] MSPL::OnSpeedLimitChange({this=00004BFC022BED40}, {new_limit=65})
[1472:18424:0923/212324.674:VERBOSE1:media_stream_manager.cc(1533)] MSPL::OnSpeedLimitChange({this=00004BFC022BED40}, {new_limit=66})
[1472:18424:0923/212329.677:VERBOSE1:media_stream_manager.cc(1533)] MSPL::OnSpeedLimitChange({this=00004BFC022BED40}, {new_limit=65})
[4672:7044:0923/212332.033:VERBOSE1:network_delegate.cc(36)] NetworkDelegate::NotifyBeforeURLRequest: https://optimizationguide-pa.googleapis.com/v1:GetModels?key=dummytoken
[4672:7044:0923/212332.039:VERBOSE1:tls_handshaker.cc(105)] TlsClient: Continuing handshake
[4672:7044:0923/212332.039:VERBOSE1:tls_handshaker.cc(126)] TlsClient: SSL_do_handshake returned when entering early data. After retry, rv=-1, SSL_in_early_data=1
[4672:7044:0923/212332.102:VERBOSE1:tls_handshaker.cc(105)] TlsClient: Continuing handshake
[4672:7044:0923/212332.102:VERBOSE1:tls_handshaker.cc(105)] TlsClient: Continuing handshake
[4672:7044:0923/212332.102:VERBOSE1:tls_client_handshaker.cc(528)] Client: handshake finished
[1472:18424:0923/212332.680:VERBOSE1:media_stream_manager.cc(1533)] MSPL::OnSpeedLimitChange({this=00004BFC022BED40}, {new_limit=64})
[1472:18424:0923/212334.682:VERBOSE1:media_stream_manager.cc(1533)] MSPL::OnSpeedLimitChange({this=00004BFC022BED40}, {new_limit=63})
[1472:18424:0923/212336.680:VERBOSE1:media_stream_manager.cc(1533)] MSPL::OnSpeedLimitChange({this=00004BFC022BED40}, {new_limit=62})
[1472:18424:0923/212339.682:VERBOSE1:media_stream_manager.cc(1533)] MSPL::OnSpeedLimitChange({this=00004BFC022BED40}, {new_limit=63})
[1472:18424:0923/212343.689:VERBOSE1:media_stream_manager.cc(1533)] MSPL::OnSpeedLimitChange({this=00004BFC022BED40}, {new_limit=64})
[1472:18424:0923/212345.689:VERBOSE1:media_stream_manager.cc(1533)] MSPL::OnSpeedLimitChange({this=00004BFC022BED40}, {new_limit=65})
[1472:18424:0923/212351.692:VERBOSE1:media_stream_manager.cc(1533)] MSPL::OnSpeedLimitChange({this=00004BFC022BED40}, {new_limit=66})
[1472:18424:0923/212353.690:VERBOSE1:media_stream_manager.cc(1533)] MSPL::OnSpeedLimitChange({this=00004BFC022BED40}, {new_limit=64})
[1472:18424:0923/212355.695:VERBOSE1:media_stream_manager.cc(1533)] MSPL::OnSpeedLimitChange({this=00004BFC022BED40}, {new_limit=62})
[1472:18424:0923/212356.701:VERBOSE1:media_stream_manager.cc(1533)] MSPL::OnSpeedLimitChange({this=00004BFC022BED40}, {new_limit=61})
[1472:18424:0923/212357.693:VERBOSE1:media_stream_manager.cc(1533)] MSPL::OnSpeedLimitChange({this=00004BFC022BED40}, {new_limit=60})
[1472:18424:0923/212405.705:VERBOSE1:media_stream_manager.cc(1533)] MSPL::OnSpeedLimitChange({this=00004BFC022BED40}, {new_limit=62})
[1472:18424:0923/212406.705:VERBOSE1:media_stream_manager.cc(1533)] MSPL::OnSpeedLimitChange({this=00004BFC022BED40}, {new_limit=64})
[1472:18424:0923/212407.699:VERBOSE1:media_stream_manager.cc(1533)] MSPL::OnSpeedLimitChange({this=00004BFC022BED40}, {new_limit=65})
[1472:18424:0923/212408.708:VERBOSE1:media_stream_manager.cc(1533)] MSPL::OnSpeedLimitChange({this=00004BFC022BED40}, {new_limit=66})
[1472:18424:0923/212413.712:VERBOSE1:media_stream_manager.cc(1533)] MSPL::OnSpeedLimitChange({this=00004BFC022BED40}, {new_limit=65})
[1472:18424:0923/212415.712:VERBOSE1:media_stream_manager.cc(1533)] MSPL::OnSpeedLimitChange({this=00004BFC022BED40}, {new_limit=64})
[1472:18424:0923/212418.707:VERBOSE1:media_stream_manager.cc(1533)] MSPL::OnSpeedLimitChange({this=00004BFC022BED40}, {new_limit=63})
[1472:18424:0923/212419.707:VERBOSE1:media_stream_manager.cc(1533)] MSPL::OnSpeedLimitChange({this=00004BFC022BED40}, {new_limit=62})
[1472:18424:0923/212421.707:VERBOSE1:media_stream_manager.cc(1533)] MSPL::OnSpeedLimitChange({this=00004BFC022BED40}, {new_limit=63})
[1472:18424:0923/212422.709:VERBOSE1:media_stream_manager.cc(1533)] MSPL::OnSpeedLimitChange({this=00004BFC022BED40}, {new_limit=64})
[1472:18424:0923/212423.715:VERBOSE1:media_stream_manager.cc(1533)] MSPL::OnSpeedLimitChange({this=00004BFC022BED40}, {new_limit=65})
[1472:18424:0923/212424.713:VERBOSE1:media_stream_manager.cc(1533)] MSPL::OnSpeedLimitChange({this=00004BFC022BED40}, {new_limit=66})
[1472:18424:0923/212425.716:VERBOSE1:media_stream_manager.cc(1533)] MSPL::OnSpeedLimitChange({this=00004BFC022BED40}, {new_limit=67})
[1472:18424:0923/212427.716:VERBOSE1:media_stream_manager.cc(1533)] MSPL::OnSpeedLimitChange({this=00004BFC022BED40}, {new_limit=66})
[1472:18424:0923/212429.717:VERBOSE1:media_stream_manager.cc(1533)] MSPL::OnSpeedLimitChange({this=00004BFC022BED40}, {new_limit=67})
[1472:18424:0923/212430.714:VERBOSE1:media_stream_manager.cc(1533)] MSPL::OnSpeedLimitChange({this=00004BFC022BED40}, {new_limit=68})
[1472:18424:0923/212438.716:VERBOSE1:media_stream_manager.cc(1533)] MSPL::OnSpeedLimitChange({this=00004BFC022BED40}, {new_limit=69})
[1472:18424:0923/212440.725:VERBOSE1:media_stream_manager.cc(1533)] MSPL::OnSpeedLimitChange({this=00004BFC022BED40}, {new_limit=68})
[1472:18424:0923/212441.720:VERBOSE1:media_stream_manager.cc(1533)] MSPL::OnSpeedLimitChange({this=00004BFC022BED40}, {new_limit=69})
[1472:18424:0923/212442.725:VERBOSE1:media_stream_manager.cc(1533)] MSPL::OnSpeedLimitChange({this=00004BFC022BED40}, {new_limit=68})
[1472:18424:0923/212445.725:VERBOSE1:media_stream_manager.cc(1533)] MSPL::OnSpeedLimitChange({this=00004BFC022BED40}, {new_limit=67})
[1472:18424:0923/212447.730:VERBOSE1:media_stream_manager.cc(1533)] MSPL::OnSpeedLimitChange({this=00004BFC022BED40}, {new_limit=66})
[1472:18424:0923/212451.859:VERBOSE1:media_stream_manager.cc(1533)] MSPL::OnSpeedLimitChange({this=00004BFC022BED40}, {new_limit=67})
[1472:18424:0923/212451.859:VERBOSE1:media_stream_manager.cc(1533)] MSPL::OnSpeedLimitChange({this=00004BFC022BED40}, {new_limit=68})
[1472:18424:0923/212451.859:VERBOSE1:media_stream_manager.cc(1533)] MSPL::OnSpeedLimitChange({this=00004BFC022BED40}, {new_limit=70})
[1472:18424:0923/212452.728:VERBOSE1:media_stream_manager.cc(1533)] MSPL::OnSpeedLimitChange({this=00004BFC022BED40}, {new_limit=69})
[1472:18424:0923/212453.736:VERBOSE1:media_stream_manager.cc(1533)] MSPL::OnSpeedLimitChange({this=00004BFC022BED40}, {new_limit=68})
[1472:18424:0923/212454.727:VERBOSE1:media_stream_manager.cc(1533)] MSPL::OnSpeedLimitChange({this=00004BFC022BED40}, {new_limit=67})
[1472:18424:0923/212456.729:VERBOSE1:media_stream_manager.cc(1533)] MSPL::OnSpeedLimitChange({this=00004BFC022BED40}, {new_limit=65})
[1472:18424:0923/212457.737:VERBOSE1:media_stream_manager.cc(1533)] MSPL::OnSpeedLimitChange({this=00004BFC022BED40}, {new_limit=64})
[1472:18424:0923/212458.737:VERBOSE1:media_stream_manager.cc(1533)] MSPL::OnSpeedLimitChange({this=00004BFC022BED40}, {new_limit=62})
[1472:18424:0923/212459.740:VERBOSE1:media_stream_manager.cc(1533)] MSPL::OnSpeedLimitChange({this=00004BFC022BED40}, {new_limit=59})
[1472:18424:0923/212500.731:VERBOSE1:media_stream_manager.cc(1533)] MSPL::OnSpeedLimitChange({this=00004BFC022BED40}, {new_limit=56})
[1472:18424:0923/212501.733:VERBOSE1:media_stream_manager.cc(1533)] MSPL::OnSpeedLimitChange({this=00004BFC022BED40}, {new_limit=54})
[1472:18424:0923/212506.737:VERBOSE1:media_stream_manager.cc(1533)] MSPL::OnSpeedLimitChange({this=00004BFC022BED40}, {new_limit=56})
[1472:18424:0923/212507.740:VERBOSE1:media_stream_manager.cc(1533)] MSPL::OnSpeedLimitChange({this=00004BFC022BED40}, {new_limit=58})
[1472:18424:0923/212508.741:VERBOSE1:media_stream_manager.cc(1533)] MSPL::OnSpeedLimitChange({this=00004BFC022BED40}, {new_limit=59})
[1472:18424:0923/212514.614:VERBOSE1:media_stream_manager.cc(1533)] MSPL::OnSpeedLimitChange({this=00004BFC022BED40}, {new_limit=61})
[1472:18424:0923/212514.614:VERBOSE1:media_stream_manager.cc(1533)] MSPL::OnSpeedLimitChange({this=00004BFC022BED40}, {new_limit=63})
[1472:18424:0923/212514.614:VERBOSE1:media_stream_manager.cc(1533)] MSPL::OnSpeedLimitChange({this=00004BFC022BED40}, {new_limit=66})
[1472:18424:0923/212514.614:VERBOSE1:media_stream_manager.cc(1533)] MSPL::OnSpeedLimitChange({this=00004BFC022BED40}, {new_limit=68})
[1472:18424:0923/212514.614:VERBOSE1:media_stream_manager.cc(1533)] MSPL::OnSpeedLimitChange({this=00004BFC022BED40}, {new_limit=70})
[1472:18424:0923/212514.776:VERBOSE1:media_stream_manager.cc(1533)] MSPL::OnSpeedLimitChange({this=00004BFC022BED40}, {new_limit=71})
[1472:18424:0923/212515.744:VERBOSE1:media_stream_manager.cc(1533)] MSPL::OnSpeedLimitChange({this=00004BFC022BED40}, {new_limit=70})
[1472:18424:0923/212516.745:VERBOSE1:media_stream_manager.cc(1533)] MSPL::OnSpeedLimitChange({this=00004BFC022BED40}, {new_limit=69})
[1472:18424:0923/212517.743:VERBOSE1:media_stream_manager.cc(1533)] MSPL::OnSpeedLimitChange({this=00004BFC022BED40}, {new_limit=68})
[1472:18424:0923/212518.743:VERBOSE1:media_stream_manager.cc(1533)] MSPL::OnSpeedLimitChange({this=00004BFC022BED40}, {new_limit=67})
[1472:18424:0923/212519.749:VERBOSE1:media_stream_manager.cc(1533)] MSPL::OnSpeedLimitChange({this=00004BFC022BED40}, {new_limit=66})
[1472:18424:0923/212520.748:VERBOSE1:media_stream_manager.cc(1533)] MSPL::OnSpeedLimitChange({this=00004BFC022BED40}, {new_limit=64})
[1472:18424:0923/212521.747:VERBOSE1:media_stream_manager.cc(1533)] MSPL::OnSpeedLimitChange({this=00004BFC022BED40}, {new_limit=62})
[1472:18424:0923/212522.751:VERBOSE1:media_stream_manager.cc(1533)] MSPL::OnSpeedLimitChange({this=00004BFC022BED40}, {new_limit=60})
[1472:18424:0923/212523.747:VERBOSE1:media_stream_manager.cc(1533)] MSPL::OnSpeedLimitChange({this=00004BFC022BED40}, {new_limit=59})
[1472:18424:0923/212524.755:VERBOSE1:media_stream_manager.cc(1533)] MSPL::OnSpeedLimitChange({this=00004BFC022BED40}, {new_limit=58})
[1472:18424:0923/212525.756:VERBOSE1:media_stream_manager.cc(1533)] MSPL::OnSpeedLimitChange({this=00004BFC022BED40}, {new_limit=59})
[1472:18424:0923/212526.756:VERBOSE1:media_stream_manager.cc(1533)] MSPL::OnSpeedLimitChange({this=00004BFC022BED40}, {new_limit=60})
[1472:18424:0923/212527.750:VERBOSE1:media_stream_manager.cc(1533)] MSPL::OnSpeedLimitChange({this=00004BFC022BED40}, {new_limit=61})
[1472:18424:0923/212528.762:VERBOSE1:media_stream_manager.cc(1533)] MSPL::OnSpeedLimitChange({this=00004BFC022BED40}, {new_limit=60})
[1472:18424:0923/212530.752:VERBOSE1:media_stream_manager.cc(1533)] MSPL::OnSpeedLimitChange({this=00004BFC022BED40}, {new_limit=62})
[1472:18424:0923/212535.758:VERBOSE1:media_stream_manager.cc(1533)] MSPL::OnSpeedLimitChange({this=00004BFC022BED40}, {new_limit=63})
[1472:18424:0923/212536.759:VERBOSE1:media_stream_manager.cc(1533)] MSPL::OnSpeedLimitChange({this=00004BFC022BED40}, {new_limit=62})
[1472:18424:0923/212538.760:VERBOSE1:media_stream_manager.cc(1533)] MSPL::OnSpeedLimitChange({this=00004BFC022BED40}, {new_limit=64})
[1472:18424:0923/212539.759:VERBOSE1:media_stream_manager.cc(1533)] MSPL::OnSpeedLimitChange({this=00004BFC022BED40}, {new_limit=63})
[1472:18424:0923/212540.764:VERBOSE1:media_stream_manager.cc(1533)] MSPL::OnSpeedLimitChange({this=00004BFC022BED40}, {new_limit=62})
[1472:18424:0923/212543.761:VERBOSE1:media_stream_manager.cc(1533)] MSPL::OnSpeedLimitChange({this=00004BFC022BED40}, {new_limit=63})
[1472:18424:0923/212545.763:VERBOSE1:media_stream_manager.cc(1533)] MSPL::OnSpeedLimitChange({this=00004BFC022BED40}, {new_limit=62})
[1472:18424:0923/212549.765:VERBOSE1:media_stream_manager.cc(1533)] MSPL::OnSpeedLimitChange({this=00004BFC022BED40}, {new_limit=65})
[1472:18424:0923/212551.764:VERBOSE1:media_stream_manager.cc(1533)] MSPL::OnSpeedLimitChange({this=00004BFC022BED40}, {new_limit=66})
[1472:18424:0923/212552.768:VERBOSE1:media_stream_manager.cc(1533)] MSPL::OnSpeedLimitChange({this=00004BFC022BED40}, {new_limit=67})
[1472:18424:0923/212554.768:VERBOSE1:media_stream_manager.cc(1533)] MSPL::OnSpeedLimitChange({this=00004BFC022BED40}, {new_limit=68})
[1472:18424:0923/212556.770:VERBOSE1:media_stream_manager.cc(1533)] MSPL::OnSpeedLimitChange({this=00004BFC022BED40}, {new_limit=69})
[1472:18424:0923/212559.773:VERBOSE1:media_stream_manager.cc(1533)] MSPL::OnSpeedLimitChange({this=00004BFC022BED40}, {new_limit=68})
[1472:18424:0923/212604.773:VERBOSE1:media_stream_manager.cc(1533)] MSPL::OnSpeedLimitChange({this=00004BFC022BED40}, {new_limit=67})
[1472:18424:0923/212611.780:VERBOSE1:media_stream_manager.cc(1533)] MSPL::OnSpeedLimitChange({this=00004BFC022BED40}, {new_limit=66})
[1472:18424:0923/212612.782:VERBOSE1:media_stream_manager.cc(1533)] MSPL::OnSpeedLimitChange({this=00004BFC022BED40}, {new_limit=65})
[1472:18424:0923/212613.782:VERBOSE1:media_stream_manager.cc(1533)] MSPL::OnSpeedLimitChange({this=00004BFC022BED40}, {new_limit=64})
[1472:18424:0923/212627.786:VERBOSE1:media_stream_manager.cc(1533)] MSPL::OnSpeedLimitChange({this=00004BFC022BED40}, {new_limit=63})
[4672:7044:0923/212631.466:VERBOSE1:network_delegate.cc(36)] NetworkDelegate::NotifyBeforeURLRequest: https://optimizationguide-pa.googleapis.com/v1:GetModels?key=dummytoken
[4672:7044:0923/212631.472:VERBOSE1:tls_handshaker.cc(105)] TlsClient: Continuing handshake
[4672:7044:0923/212631.473:VERBOSE1:tls_handshaker.cc(126)] TlsClient: SSL_do_handshake returned when entering early data. After retry, rv=-1, SSL_in_early_data=1
[4672:7044:0923/212631.562:VERBOSE1:tls_handshaker.cc(105)] TlsClient: Continuing handshake
[4672:7044:0923/212631.562:VERBOSE1:tls_handshaker.cc(105)] TlsClient: Continuing handshake
[4672:7044:0923/212631.562:VERBOSE1:tls_client_handshaker.cc(528)] Client: handshake finished
[1472:18424:0923/212641.796:VERBOSE1:media_stream_manager.cc(1533)] MSPL::OnSpeedLimitChange({this=00004BFC022BED40}, {new_limit=64})
[1472:18424:0923/212642.795:VERBOSE1:media_stream_manager.cc(1533)] MSPL::OnSpeedLimitChange({this=00004BFC022BED40}, {new_limit=63})
[1472:18424:0923/212647.805:VERBOSE1:media_stream_manager.cc(1533)] MSPL::OnSpeedLimitChange({this=00004BFC022BED40}, {new_limit=64})
[1472:18424:0923/212653.806:VERBOSE1:media_stream_manager.cc(1533)] MSPL::OnSpeedLimitChange({this=00004BFC022BED40}, {new_limit=65})
[1472:18424:0923/212655.814:VERBOSE1:media_stream_manager.cc(1533)] MSPL::OnSpeedLimitChange({this=00004BFC022BED40}, {new_limit=63})
[1472:18424:0923/212703.819:VERBOSE1:media_stream_manager.cc(1533)] MSPL::OnSpeedLimitChange({this=00004BFC022BED40}, {new_limit=62})
[1472:18424:0923/212705.858:VERBOSE1:media_stream_manager.cc(1533)] MSPL::OnSpeedLimitChange({this=00004BFC022BED40}, {new_limit=64})
[1472:18424:0923/212710.820:VERBOSE1:media_stream_manager.cc(1533)] MSPL::OnSpeedLimitChange({this=00004BFC022BED40}, {new_limit=63})
[1472:18424:0923/212713.828:VERBOSE1:media_stream_manager.cc(1533)] MSPL::OnSpeedLimitChange({this=00004BFC022BED40}, {new_limit=64})
[1472:18424:0923/212716.824:VERBOSE1:media_stream_manager.cc(1533)] MSPL::OnSpeedLimitChange({this=00004BFC022BED40}, {new_limit=63})
[1472:18424:0923/212723.828:VERBOSE1:media_stream_manager.cc(1533)] MSPL::OnSpeedLimitChange({this=00004BFC022BED40}, {new_limit=64})
[1472:18424:0923/212727.834:VERBOSE1:media_stream_manager.cc(1533)] MSPL::OnSpeedLimitChange({this=00004BFC022BED40}, {new_limit=65})
[1472:18424:0923/212730.836:VERBOSE1:media_stream_manager.cc(1533)] MSPL::OnSpeedLimitChange({this=00004BFC022BED40}, {new_limit=66})
[1472:18424:0923/212735.837:VERBOSE1:media_stream_manager.cc(1533)] MSPL::OnSpeedLimitChange({this=00004BFC022BED40}, {new_limit=65})
[1472:18424:0923/212743.859:VERBOSE1:media_stream_manager.cc(1533)] MSPL::OnSpeedLimitChange({this=00004BFC022BED40}, {new_limit=66})
[1472:18424:0923/212745.841:VERBOSE1:media_stream_manager.cc(1533)] MSPL::OnSpeedLimitChange({this=00004BFC022BED40}, {new_limit=67})
[1472:18424:0923/212746.849:VERBOSE1:media_stream_manager.cc(1533)] MSPL::OnSpeedLimitChange({this=00004BFC022BED40}, {new_limit=66})
[1472:18424:0923/212747.849:VERBOSE1:media_stream_manager.cc(1533)] MSPL::OnSpeedLimitChange({this=00004BFC022BED40}, {new_limit=67})
[1472:18424:0923/212748.845:VERBOSE1:media_stream_manager.cc(1533)] MSPL::OnSpeedLimitChange({this=00004BFC022BED40}, {new_limit=66})
[1472:18424:0923/212753.845:VERBOSE1:media_stream_manager.cc(1533)] MSPL::OnSpeedLimitChange({this=00004BFC022BED40}, {new_limit=65})
[1472:18424:0923/212759.863:VERBOSE1:media_stream_manager.cc(1533)] MSPL::OnSpeedLimitChange({this=00004BFC022BED40}, {new_limit=67})
[1472:18424:0923/212805.853:VERBOSE1:media_stream_manager.cc(1533)] MSPL::OnSpeedLimitChange({this=00004BFC022BED40}, {new_limit=68})
[1472:18424:0923/212809.855:VERBOSE1:media_stream_manager.cc(1533)] MSPL::OnSpeedLimitChange({this=00004BFC022BED40}, {new_limit=67})
[1472:18424:0923/212811.853:VERBOSE1:media_stream_manager.cc(1533)] MSPL::OnSpeedLimitChange({this=00004BFC022BED40}, {new_limit=66})
[1472:18424:0923/212812.855:VERBOSE1:media_stream_manager.cc(1533)] MSPL::OnSpeedLimitChange({this=00004BFC022BED40}, {new_limit=67})
[1472:18424:0923/212816.860:VERBOSE1:media_stream_manager.cc(1533)] MSPL::OnSpeedLimitChange({this=00004BFC022BED40}, {new_limit=66})
[1472:18424:0923/212819.859:VERBOSE1:media_stream_manager.cc(1533)] MSPL::OnSpeedLimitChange({this=00004BFC022BED40}, {new_limit=67})
[1472:18424:0923/212820.862:VERBOSE1:media_stream_manager.cc(1533)] MSPL::OnSpeedLimitChange({this=00004BFC022BED40}, {new_limit=66})
[1472:18424:0923/212824.863:VERBOSE1:media_stream_manager.cc(1533)] MSPL::OnSpeedLimitChange({this=00004BFC022BED40}, {new_limit=65})
[1472:18424:0923/212828.863:VERBOSE1:media_stream_manager.cc(1533)] MSPL::OnSpeedLimitChange({this=00004BFC022BED40}, {new_limit=64})
[1472:18424:0923/212832.866:VERBOSE1:media_stream_manager.cc(1533)] MSPL::OnSpeedLimitChange({this=00004BFC022BED40}, {new_limit=63})
[1472:18424:0923/212838.875:VERBOSE1:media_stream_manager.cc(1533)] MSPL::OnSpeedLimitChange({this=00004BFC022BED40}, {new_limit=64})
[1472:18424:0923/212842.873:VERBOSE1:media_stream_manager.cc(1533)] MSPL::OnSpeedLimitChange({this=00004BFC022BED40}, {new_limit=65})
[1472:18424:0923/212851.884:VERBOSE1:media_stream_manager.cc(1533)] MSPL::OnSpeedLimitChange({this=00004BFC022BED40}, {new_limit=64})
[1472:18424:0923/212853.970:VERBOSE1:media_stream_manager.cc(1533)] MSPL::OnSpeedLimitChange({this=00004BFC022BED40}, {new_limit=65})
[1472:18424:0923/212855.884:VERBOSE1:media_stream_manager.cc(1533)] MSPL::OnSpeedLimitChange({this=00004BFC022BED40}, {new_limit=64})
[1472:18424:0923/212856.886:VERBOSE1:media_stream_manager.cc(1533)] MSPL::OnSpeedLimitChange({this=00004BFC022BED40}, {new_limit=63})
[1472:18424:0923/212857.888:VERBOSE1:media_stream_manager.cc(1533)] MSPL::OnSpeedLimitChange({this=00004BFC022BED40}, {new_limit=60})
[1472:18424:0923/212858.887:VERBOSE1:media_stream_manager.cc(1533)] MSPL::OnSpeedLimitChange({this=00004BFC022BED40}, {new_limit=58})
[1472:18424:0923/212859.888:VERBOSE1:media_stream_manager.cc(1533)] MSPL::OnSpeedLimitChange({this=00004BFC022BED40}, {new_limit=57})
[1472:18424:0923/212902.888:VERBOSE1:media_stream_manager.cc(1533)] MSPL::OnSpeedLimitChange({this=00004BFC022BED40}, {new_limit=56})
[1472:18424:0923/212903.890:VERBOSE1:media_stream_manager.cc(1533)] MSPL::OnSpeedLimitChange({this=00004BFC022BED40}, {new_limit=55})
[1472:18424:0923/212907.896:VERBOSE1:media_stream_manager.cc(1533)] MSPL::OnSpeedLimitChange({this=00004BFC022BED40}, {new_limit=57})
[1472:18424:0923/212908.890:VERBOSE1:media_stream_manager.cc(1533)] MSPL::OnSpeedLimitChange({this=00004BFC022BED40}, {new_limit=58})
[1472:18424:0923/212909.895:VERBOSE1:media_stream_manager.cc(1533)] MSPL::OnSpeedLimitChange({this=00004BFC022BED40}, {new_limit=59})
[1472:18424:0923/212912.897:VERBOSE1:media_stream_manager.cc(1533)] MSPL::OnSpeedLimitChange({this=00004BFC022BED40}, {new_limit=60})
[1472:18424:0923/212915.893:VERBOSE1:media_stream_manager.cc(1533)] MSPL::OnSpeedLimitChange({this=00004BFC022BED40}, {new_limit=61})
[1472:18424:0923/212917.899:VERBOSE1:media_stream_manager.cc(1533)] MSPL::OnSpeedLimitChange({this=00004BFC022BED40}, {new_limit=62})
[1472:18424:0923/212918.895:VERBOSE1:media_stream_manager.cc(1533)] MSPL::OnSpeedLimitChange({this=00004BFC022BED40}, {new_limit=63})
[1472:18424:0923/212919.902:VERBOSE1:media_stream_manager.cc(1533)] MSPL::OnSpeedLimitChange({this=00004BFC022BED40}, {new_limit=64})
[4672:7044:0923/212920.335:VERBOSE1:network_delegate.cc(36)] NetworkDelegate::NotifyBeforeURLRequest: https://optimizationguide-pa.googleapis.com/v1:GetModels?key=dummytoken
[4672:7044:0923/212920.340:VERBOSE1:tls_handshaker.cc(105)] TlsClient: Continuing handshake
[4672:7044:0923/212920.341:VERBOSE1:tls_handshaker.cc(126)] TlsClient: SSL_do_handshake returned when entering early data. After retry, rv=-1, SSL_in_early_data=1
[4672:7044:0923/212920.408:VERBOSE1:tls_handshaker.cc(105)] TlsClient: Continuing handshake
[4672:7044:0923/212920.408:VERBOSE1:tls_handshaker.cc(105)] TlsClient: Continuing handshake
[4672:7044:0923/212920.408:VERBOSE1:tls_client_handshaker.cc(528)] Client: handshake finished
[1472:18424:0923/212920.899:VERBOSE1:media_stream_manager.cc(1533)] MSPL::OnSpeedLimitChange({this=00004BFC022BED40}, {new_limit=63})
[1472:18424:0923/212922.899:VERBOSE1:media_stream_manager.cc(1533)] MSPL::OnSpeedLimitChange({this=00004BFC022BED40}, {new_limit=62})
[1472:18424:0923/212924.900:VERBOSE1:media_stream_manager.cc(1533)] MSPL::OnSpeedLimitChange({this=00004BFC022BED40}, {new_limit=61})
[1472:18424:0923/212927.900:VERBOSE1:media_stream_manager.cc(1533)] MSPL::OnSpeedLimitChange({this=00004BFC022BED40}, {new_limit=60})
[1472:18424:0923/212929.904:VERBOSE1:media_stream_manager.cc(1533)] MSPL::OnSpeedLimitChange({this=00004BFC022BED40}, {new_limit=59})
[1472:18424:0923/212930.904:VERBOSE1:media_stream_manager.cc(1533)] MSPL::OnSpeedLimitChange({this=00004BFC022BED40}, {new_limit=60})
[1472:18424:0923/212931.904:VERBOSE1:media_stream_manager.cc(1533)] MSPL::OnSpeedLimitChange({this=00004BFC022BED40}, {new_limit=59})
[1472:18424:0923/212933.910:VERBOSE1:media_stream_manager.cc(1533)] MSPL::OnSpeedLimitChange({this=00004BFC022BED40}, {new_limit=60})
[1472:18424:0923/212935.907:VERBOSE1:media_stream_manager.cc(1533)] MSPL::OnSpeedLimitChange({this=00004BFC022BED40}, {new_limit=61})
[1472:18424:0923/212936.909:VERBOSE1:media_stream_manager.cc(1533)] MSPL::OnSpeedLimitChange({this=00004BFC022BED40}, {new_limit=60})
[1472:18424:0923/212939.912:VERBOSE1:media_stream_manager.cc(1533)] MSPL::OnSpeedLimitChange({this=00004BFC022BED40}, {new_limit=59})
[1472:18424:0923/212941.914:VERBOSE1:media_stream_manager.cc(1533)] MSPL::OnSpeedLimitChange({this=00004BFC022BED40}, {new_limit=60})
[1472:18424:0923/212942.911:VERBOSE1:media_stream_manager.cc(1533)] MSPL::OnSpeedLimitChange({this=00004BFC022BED40}, {new_limit=59})
[1472:18424:0923/212943.910:VERBOSE1:media_stream_manager.cc(1533)] MSPL::OnSpeedLimitChange({this=00004BFC022BED40}, {new_limit=58})
[1472:18424:0923/212949.920:VERBOSE1:media_stream_manager.cc(1533)] MSPL::OnSpeedLimitChange({this=00004BFC022BED40}, {new_limit=59})
[1472:18424:0923/212952.921:VERBOSE1:media_stream_manager.cc(1533)] MSPL::OnSpeedLimitChange({this=00004BFC022BED40}, {new_limit=60})
[1472:18424:0923/212955.922:VERBOSE1:media_stream_manager.cc(1533)] MSPL::OnSpeedLimitChange({this=00004BFC022BED40}, {new_limit=59})
[1472:18424:0923/212958.924:VERBOSE1:media_stream_manager.cc(1533)] MSPL::OnSpeedLimitChange({this=00004BFC022BED40}, {new_limit=60})
[1472:18424:0923/212959.923:VERBOSE1:media_stream_manager.cc(1533)] MSPL::OnSpeedLimitChange({this=00004BFC022BED40}, {new_limit=59})
[1472:18424:0923/213003.927:VERBOSE1:media_stream_manager.cc(1533)] MSPL::OnSpeedLimitChange({this=00004BFC022BED40}, {new_limit=60})
[1472:18424:0923/213005.931:VERBOSE1:media_stream_manager.cc(1533)] MSPL::OnSpeedLimitChange({this=00004BFC022BED40}, {new_limit=61})
[1472:18424:0923/213008.925:VERBOSE1:media_stream_manager.cc(1533)] MSPL::OnSpeedLimitChange({this=00004BFC022BED40}, {new_limit=60})
[1472:18424:0923/213009.932:VERBOSE1:media_stream_manager.cc(1533)] MSPL::OnSpeedLimitChange({this=00004BFC022BED40}, {new_limit=59})
[1472:18424:0923/213012.929:VERBOSE1:media_stream_manager.cc(1533)] MSPL::OnSpeedLimitChange({this=00004BFC022BED40}, {new_limit=58})
[1472:18424:0923/213015.935:VERBOSE1:media_stream_manager.cc(1533)] MSPL::OnSpeedLimitChange({this=00004BFC022BED40}, {new_limit=57})
[1472:18424:0923/213017.937:VERBOSE1:media_stream_manager.cc(1533)] MSPL::OnSpeedLimitChange({this=00004BFC022BED40}, {new_limit=56})
[1472:18424:0923/213019.934:VERBOSE1:media_stream_manager.cc(1533)] MSPL::OnSpeedLimitChange({this=00004BFC022BED40}, {new_limit=57})
[1472:18424:0923/213026.940:VERBOSE1:media_stream_manager.cc(1533)] MSPL::OnSpeedLimitChange({this=00004BFC022BED40}, {new_limit=58})
[1472:18424:0923/213029.951:VERBOSE1:media_stream_manager.cc(1533)] MSPL::OnSpeedLimitChange({this=00004BFC022BED40}, {new_limit=59})
[1472:18424:0923/213034.946:VERBOSE1:media_stream_manager.cc(1533)] MSPL::OnSpeedLimitChange({this=00004BFC022BED40}, {new_limit=60})
[1472:18424:0923/213035.947:VERBOSE1:media_stream_manager.cc(1533)] MSPL::OnSpeedLimitChange({this=00004BFC022BED40}, {new_limit=61})
[1472:18424:0923/213036.943:VERBOSE1:media_stream_manager.cc(1533)] MSPL::OnSpeedLimitChange({this=00004BFC022BED40}, {new_limit=62})
[1472:18424:0923/213040.952:VERBOSE1:media_stream_manager.cc(1533)] MSPL::OnSpeedLimitChange({this=00004BFC022BED40}, {new_limit=63})
[1472:18424:0923/213041.947:VERBOSE1:media_stream_manager.cc(1533)] MSPL::OnSpeedLimitChange({this=00004BFC022BED40}, {new_limit=64})
[1472:18424:0923/213042.951:VERBOSE1:media_stream_manager.cc(1533)] MSPL::OnSpeedLimitChange({this=00004BFC022BED40}, {new_limit=66})
[1472:18424:0923/213044.952:VERBOSE1:media_stream_manager.cc(1533)] MSPL::OnSpeedLimitChange({this=00004BFC022BED40}, {new_limit=65})
[1472:18424:0923/213045.953:VERBOSE1:media_stream_manager.cc(1533)] MSPL::OnSpeedLimitChange({this=00004BFC022BED40}, {new_limit=64})
[1472:18424:0923/213046.952:VERBOSE1:media_stream_manager.cc(1533)] MSPL::OnSpeedLimitChange({this=00004BFC022BED40}, {new_limit=63})
[1472:18424:0923/213047.954:VERBOSE1:media_stream_manager.cc(1533)] MSPL::OnSpeedLimitChange({this=00004BFC022BED40}, {new_limit=62})
[1472:18424:0923/213049.950:VERBOSE1:media_stream_manager.cc(1533)] MSPL::OnSpeedLimitChange({this=00004BFC022BED40}, {new_limit=60})
[1472:18424:0923/213051.953:VERBOSE1:media_stream_manager.cc(1533)] MSPL::OnSpeedLimitChange({this=00004BFC022BED40}, {new_limit=59})
[1472:18424:0923/213052.959:VERBOSE1:media_stream_manager.cc(1533)] MSPL::OnSpeedLimitChange({this=00004BFC022BED40}, {new_limit=57})
[1472:18424:0923/213053.955:VERBOSE1:media_stream_manager.cc(1533)] MSPL::OnSpeedLimitChange({this=00004BFC022BED40}, {new_limit=56})
[1472:18424:0923/213055.959:VERBOSE1:media_stream_manager.cc(1533)] MSPL::OnSpeedLimitChange({this=00004BFC022BED40}, {new_limit=55})
[1472:18424:0923/213057.958:VERBOSE1:media_stream_manager.cc(1533)] MSPL::OnSpeedLimitChange({this=00004BFC022BED40}, {new_limit=56})
[1472:18424:0923/213101.963:VERBOSE1:media_stream_manager.cc(1533)] MSPL::OnSpeedLimitChange({this=00004BFC022BED40}, {new_limit=57})
[1472:18424:0923/213103.971:VERBOSE1:media_stream_manager.cc(1533)] MSPL::OnSpeedLimitChange({this=00004BFC022BED40}, {new_limit=58})
[1472:18424:0923/213106.274:VERBOSE1:media_stream_manager.cc(1533)] MSPL::OnSpeedLimitChange({this=00004BFC022BED40}, {new_limit=61})
[1472:18424:0923/213106.965:VERBOSE1:media_stream_manager.cc(1533)] MSPL::OnSpeedLimitChange({this=00004BFC022BED40}, {new_limit=62})
[1472:18424:0923/213111.974:VERBOSE1:media_stream_manager.cc(1533)] MSPL::OnSpeedLimitChange({this=00004BFC022BED40}, {new_limit=61})
[1472:18424:0923/213115.970:VERBOSE1:media_stream_manager.cc(1533)] MSPL::OnSpeedLimitChange({this=00004BFC022BED40}, {new_limit=58})
[1472:18424:0923/213118.977:VERBOSE1:media_stream_manager.cc(1533)] MSPL::OnSpeedLimitChange({this=00004BFC022BED40}, {new_limit=57})
[1472:18424:0923/213119.980:VERBOSE1:media_stream_manager.cc(1533)] MSPL::OnSpeedLimitChange({this=00004BFC022BED40}, {new_limit=56})
[1472:18424:0923/213122.973:VERBOSE1:media_stream_manager.cc(1533)] MSPL::OnSpeedLimitChange({this=00004BFC022BED40}, {new_limit=55})
[1472:18424:0923/213129.250:VERBOSE1:media_stream_manager.cc(1533)] MSPL::OnSpeedLimitChange({this=00004BFC022BED40}, {new_limit=58})
[1472:5280:0923/213129.841:VERBOSE1:device_event_log_impl.cc(198)] [21:31:29.841] Display: EVENT: screen_win.cc:893 Displays updated, count: 1
[1472:5280:0923/213129.841:VERBOSE1:device_event_log_impl.cc(198)] [21:31:29.841] Display: EVENT: screen_win.cc:895 Display[1795972762] bounds=[0,0 1920x1080], workarea=[0,0 1920x1032], scale=1, rotation=0, panel_rotation=0 external detected
[1472:18424:0923/213129.982:VERBOSE1:media_stream_manager.cc(1533)] MSPL::OnSpeedLimitChange({this=00004BFC022BED40}, {new_limit=60})
[1472:18424:0923/213130.983:VERBOSE1:media_stream_manager.cc(1533)] MSPL::OnSpeedLimitChange({this=00004BFC022BED40}, {new_limit=61})
[1472:18424:0923/213131.980:VERBOSE1:media_stream_manager.cc(1533)] MSPL::OnSpeedLimitChange({this=00004BFC022BED40}, {new_limit=62})
[1472:18424:0923/213132.986:VERBOSE1:media_stream_manager.cc(1533)] MSPL::OnSpeedLimitChange({this=00004BFC022BED40}, {new_limit=63})
[1472:18424:0923/213134.984:VERBOSE1:media_stream_manager.cc(1533)] MSPL::OnSpeedLimitChange({this=00004BFC022BED40}, {new_limit=64})
[1472:18424:0923/213136.991:VERBOSE1:media_stream_manager.cc(1533)] MSPL::OnSpeedLimitChange({this=00004BFC022BED40}, {new_limit=66})
[1472:18424:0923/213137.989:VERBOSE1:media_stream_manager.cc(1533)] MSPL::OnSpeedLimitChange({this=00004BFC022BED40}, {new_limit=67})
[1472:18424:0923/213138.984:VERBOSE1:media_stream_manager.cc(1533)] MSPL::OnSpeedLimitChange({this=00004BFC022BED40}, {new_limit=65})
[1472:18424:0923/213141.989:VERBOSE1:media_stream_manager.cc(1533)] MSPL::OnSpeedLimitChange({this=00004BFC022BED40}, {new_limit=66})
[1472:18424:0923/213146.228:VERBOSE1:media_stream_manager.cc(1533)] MSPL::OnSpeedLimitChange({this=00004BFC022BED40}, {new_limit=67})
[1472:18424:0923/213147.318:VERBOSE1:media_stream_manager.cc(1533)] MSPL::OnSpeedLimitChange({this=00004BFC022BED40}, {new_limit=68})
[1472:18424:0923/213147.989:VERBOSE1:media_stream_manager.cc(1533)] MSPL::OnSpeedLimitChange({this=00004BFC022BED40}, {new_limit=65})
[1472:18424:0923/213149.998:VERBOSE1:media_stream_manager.cc(1533)] MSPL::OnSpeedLimitChange({this=00004BFC022BED40}, {new_limit=63})
[1472:18424:0923/213152.000:VERBOSE1:media_stream_manager.cc(1533)] MSPL::OnSpeedLimitChange({this=00004BFC022BED40}, {new_limit=62})
[1472:18424:0923/213154.004:VERBOSE1:media_stream_manager.cc(1533)] MSPL::OnSpeedLimitChange({this=00004BFC022BED40}, {new_limit=61})
[1472:18424:0923/213156.006:VERBOSE1:media_stream_manager.cc(1533)] MSPL::OnSpeedLimitChange({this=00004BFC022BED40}, {new_limit=60})
[1472:18424:0923/213157.005:VERBOSE1:media_stream_manager.cc(1533)] MSPL::OnSpeedLimitChange({this=00004BFC022BED40}, {new_limit=57})
[1472:18424:0923/213158.001:VERBOSE1:media_stream_manager.cc(1533)] MSPL::OnSpeedLimitChange({this=00004BFC022BED40}, {new_limit=60})
[1472:18424:0923/213159.999:VERBOSE1:media_stream_manager.cc(1533)] MSPL::OnSpeedLimitChange({this=00004BFC022BED40}, {new_limit=61})
[1472:18424:0923/213201.093:VERBOSE1:media_stream_manager.cc(1533)] MSPL::OnSpeedLimitChange({this=00004BFC022BED40}, {new_limit=62})
[4672:7044:0923/213201.244:VERBOSE1:network_delegate.cc(36)] NetworkDelegate::NotifyBeforeURLRequest: https://optimizationguide-pa.googleapis.com/v1:GetModels?key=dummytoken
[4672:7044:0923/213201.251:VERBOSE1:tls_handshaker.cc(105)] TlsClient: Continuing handshake
[4672:7044:0923/213201.251:VERBOSE1:tls_handshaker.cc(126)] TlsClient: SSL_do_handshake returned when entering early data. After retry, rv=-1, SSL_in_early_data=1
[4672:7044:0923/213201.313:VERBOSE1:tls_handshaker.cc(105)] TlsClient: Continuing handshake
[4672:7044:0923/213201.313:VERBOSE1:tls_handshaker.cc(105)] TlsClient: Continuing handshake
[4672:7044:0923/213201.313:VERBOSE1:tls_client_handshaker.cc(528)] Client: handshake finished
[1472:18424:0923/213208.009:VERBOSE1:media_stream_manager.cc(1533)] MSPL::OnSpeedLimitChange({this=00004BFC022BED40}, {new_limit=63})
[1472:18424:0923/213221.016:VERBOSE1:media_stream_manager.cc(1533)] MSPL::OnSpeedLimitChange({this=00004BFC022BED40}, {new_limit=62})
[1472:18424:0923/213227.324:VERBOSE1:media_stream_manager.cc(1533)] MSPL::OnSpeedLimitChange({this=00004BFC022BED40}, {new_limit=63})
[1472:18424:0923/213228.325:VERBOSE1:media_stream_manager.cc(1533)] MSPL::OnSpeedLimitChange({this=00004BFC022BED40}, {new_limit=64})
[1472:18424:0923/213229.326:VERBOSE1:media_stream_manager.cc(1533)] MSPL::OnSpeedLimitChange({this=00004BFC022BED40}, {new_limit=66})
[1472:18424:0923/213230.324:VERBOSE1:media_stream_manager.cc(1533)] MSPL::OnSpeedLimitChange({this=00004BFC022BED40}, {new_limit=67})
[1472:18424:0923/213231.324:VERBOSE1:media_stream_manager.cc(1533)] MSPL::OnSpeedLimitChange({this=00004BFC022BED40}, {new_limit=70})
[1472:18424:0923/213233.326:VERBOSE1:media_stream_manager.cc(1533)] MSPL::OnSpeedLimitChange({this=00004BFC022BED40}, {new_limit=71})
[1472:18424:0923/213234.327:VERBOSE1:media_stream_manager.cc(1533)] MSPL::OnSpeedLimitChange({this=00004BFC022BED40}, {new_limit=74})
[1472:18424:0923/213235.327:VERBOSE1:media_stream_manager.cc(1533)] MSPL::OnSpeedLimitChange({this=00004BFC022BED40}, {new_limit=75})
[1472:18424:0923/213236.327:VERBOSE1:media_stream_manager.cc(1533)] MSPL::OnSpeedLimitChange({this=00004BFC022BED40}, {new_limit=77})
[1472:5280:0923/213237.546:VERBOSE1:device_event_log_impl.cc(198)] [21:32:37.546] Display: EVENT: screen_win.cc:893 Displays updated, count: 1
[1472:5280:0923/213237.546:VERBOSE1:device_event_log_impl.cc(198)] [21:32:37.546] Display: EVENT: screen_win.cc:895 Display[1795972762] bounds=[0,0 1920x1080], workarea=[0,0 1920x1032], scale=1, rotation=0, panel_rotation=0 external detected
[1472:18424:0923/213238.031:VERBOSE1:media_stream_manager.cc(1533)] MSPL::OnSpeedLimitChange({this=00004BFC022BED40}, {new_limit=76})
[1472:18424:0923/213239.029:VERBOSE1:media_stream_manager.cc(1533)] MSPL::OnSpeedLimitChange({this=00004BFC022BED40}, {new_limit=75})
[1472:18424:0923/213240.025:VERBOSE1:media_stream_manager.cc(1533)] MSPL::OnSpeedLimitChange({this=00004BFC022BED40}, {new_limit=74})
[1472:18424:0923/213241.023:VERBOSE1:media_stream_manager.cc(1533)] MSPL::OnSpeedLimitChange({this=00004BFC022BED40}, {new_limit=70})
[1472:18424:0923/213244.033:VERBOSE1:media_stream_manager.cc(1533)] MSPL::OnSpeedLimitChange({this=00004BFC022BED40}, {new_limit=66})
[1472:18424:0923/213245.026:VERBOSE1:media_stream_manager.cc(1533)] MSPL::OnSpeedLimitChange({this=00004BFC022BED40}, {new_limit=65})
[1472:18424:0923/213246.289:VERBOSE1:media_stream_manager.cc(1533)] MSPL::OnSpeedLimitChange({this=00004BFC022BED40}, {new_limit=63})
[1472:18424:0923/213248.291:VERBOSE1:media_stream_manager.cc(1533)] MSPL::OnSpeedLimitChange({this=00004BFC022BED40}, {new_limit=65})
[1472:18424:0923/213249.289:VERBOSE1:media_stream_manager.cc(1533)] MSPL::OnSpeedLimitChange({this=00004BFC022BED40}, {new_limit=67})
[1472:18424:0923/213250.291:VERBOSE1:media_stream_manager.cc(1533)] MSPL::OnSpeedLimitChange({this=00004BFC022BED40}, {new_limit=68})
[1472:18424:0923/213251.294:VERBOSE1:media_stream_manager.cc(1533)] MSPL::OnSpeedLimitChange({this=00004BFC022BED40}, {new_limit=69})
[1472:18424:0923/213254.293:VERBOSE1:media_stream_manager.cc(1533)] MSPL::OnSpeedLimitChange({this=00004BFC022BED40}, {new_limit=70})
[1472:18424:0923/213254.358:VERBOSE1:cast_message_handler.cc(362)] OnMessage: channel_id: 1, message: {source_id: receiver-0, destination_id: *, namespace: urn:x-cast:com.google.cast.receiver, payload_utf8: {"requestId":0,"status":{"isActiveInput":false,"isStandBy":true,"userEq":{},"volume":{"controlType":"attenuation","level":0.46666666865348816,"muted":false,"stepInterval":0.06666667014360428}},"type":"RECEIVER_STATUS"}}
[1472:18424:0923/213255.291:VERBOSE1:media_stream_manager.cc(1533)] MSPL::OnSpeedLimitChange({this=00004BFC022BED40}, {new_limit=73})
[1472:18424:0923/213256.291:VERBOSE1:media_stream_manager.cc(1533)] MSPL::OnSpeedLimitChange({this=00004BFC022BED40}, {new_limit=74})
[1472:18424:0923/213257.292:VERBOSE1:media_stream_manager.cc(1533)] MSPL::OnSpeedLimitChange({this=00004BFC022BED40}, {new_limit=73})
[1472:18424:0923/213258.292:VERBOSE1:media_stream_manager.cc(1533)] MSPL::OnSpeedLimitChange({this=00004BFC022BED40}, {new_limit=70})
[1472:18424:0923/213259.292:VERBOSE1:media_stream_manager.cc(1533)] MSPL::OnSpeedLimitChange({this=00004BFC022BED40}, {new_limit=69})
[1472:18424:0923/213300.292:VERBOSE1:media_stream_manager.cc(1533)] MSPL::OnSpeedLimitChange({this=00004BFC022BED40}, {new_limit=70})
[1472:18424:0923/213301.293:VERBOSE1:media_stream_manager.cc(1533)] MSPL::OnSpeedLimitChange({this=00004BFC022BED40}, {new_limit=72})
[1472:18424:0923/213302.291:VERBOSE1:media_stream_manager.cc(1533)] MSPL::OnSpeedLimitChange({this=00004BFC022BED40}, {new_limit=74})
[1472:18424:0923/213304.294:VERBOSE1:media_stream_manager.cc(1533)] MSPL::OnSpeedLimitChange({this=00004BFC022BED40}, {new_limit=76})
[1472:18424:0923/213305.292:VERBOSE1:media_stream_manager.cc(1533)] MSPL::OnSpeedLimitChange({this=00004BFC022BED40}, {new_limit=75})
[1472:18424:0923/213308.293:VERBOSE1:media_stream_manager.cc(1533)] MSPL::OnSpeedLimitChange({this=00004BFC022BED40}, {new_limit=76})
[1472:18424:0923/213309.293:VERBOSE1:media_stream_manager.cc(1533)] MSPL::OnSpeedLimitChange({this=00004BFC022BED40}, {new_limit=75})
[1472:18424:0923/213310.293:VERBOSE1:media_stream_manager.cc(1533)] MSPL::OnSpeedLimitChange({this=00004BFC022BED40}, {new_limit=76})
[1472:18424:0923/213311.293:VERBOSE1:media_stream_manager.cc(1533)] MSPL::OnSpeedLimitChange({this=00004BFC022BED40}, {new_limit=77})
[1472:18424:0923/213313.296:VERBOSE1:media_stream_manager.cc(1533)] MSPL::OnSpeedLimitChange({this=00004BFC022BED40}, {new_limit=76})
[1472:18424:0923/213317.296:VERBOSE1:media_stream_manager.cc(1533)] MSPL::OnSpeedLimitChange({this=00004BFC022BED40}, {new_limit=77})
[1472:18424:0923/213319.296:VERBOSE1:media_stream_manager.cc(1533)] MSPL::OnSpeedLimitChange({this=00004BFC022BED40}, {new_limit=79})
[1472:18424:0923/213324.296:VERBOSE1:media_stream_manager.cc(1533)] MSPL::OnSpeedLimitChange({this=00004BFC022BED40}, {new_limit=80})
[1472:18424:0923/213326.297:VERBOSE1:media_stream_manager.cc(1533)] MSPL::OnSpeedLimitChange({this=00004BFC022BED40}, {new_limit=82})
[1472:18424:0923/213328.298:VERBOSE1:media_stream_manager.cc(1533)] MSPL::OnSpeedLimitChange({this=00004BFC022BED40}, {new_limit=80})
[1472:18424:0923/213330.298:VERBOSE1:media_stream_manager.cc(1533)] MSPL::OnSpeedLimitChange({this=00004BFC022BED40}, {new_limit=79})
[1472:18424:0923/213332.299:VERBOSE1:media_stream_manager.cc(1533)] MSPL::OnSpeedLimitChange({this=00004BFC022BED40}, {new_limit=78})
[1472:18424:0923/213335.300:VERBOSE1:media_stream_manager.cc(1533)] MSPL::OnSpeedLimitChange({this=00004BFC022BED40}, {new_limit=77})
[1472:18424:0923/213336.299:VERBOSE1:media_stream_manager.cc(1533)] MSPL::OnSpeedLimitChange({this=00004BFC022BED40}, {new_limit=78})
[1472:18424:0923/213338.299:VERBOSE1:media_stream_manager.cc(1533)] MSPL::OnSpeedLimitChange({this=00004BFC022BED40}, {new_limit=79})
[1472:18424:0923/213340.299:VERBOSE1:media_stream_manager.cc(1533)] MSPL::OnSpeedLimitChange({this=00004BFC022BED40}, {new_limit=80})
[1472:18424:0923/213342.301:VERBOSE1:media_stream_manager.cc(1533)] MSPL::OnSpeedLimitChange({this=00004BFC022BED40}, {new_limit=81})
[1472:18424:0923/213343.300:VERBOSE1:media_stream_manager.cc(1533)] MSPL::OnSpeedLimitChange({this=00004BFC022BED40}, {new_limit=80})
[1472:18424:0923/213348.300:VERBOSE1:media_stream_manager.cc(1533)] MSPL::OnSpeedLimitChange({this=00004BFC022BED40}, {new_limit=81})
[1472:18424:0923/213349.300:VERBOSE1:media_stream_manager.cc(1533)] MSPL::OnSpeedLimitChange({this=00004BFC022BED40}, {new_limit=82})
[1472:18424:0923/213350.301:VERBOSE1:media_stream_manager.cc(1533)] MSPL::OnSpeedLimitChange({this=00004BFC022BED40}, {new_limit=81})
[1472:18424:0923/213351.302:VERBOSE1:media_stream_manager.cc(1533)] MSPL::OnSpeedLimitChange({this=00004BFC022BED40}, {new_limit=82})
[1472:18424:0923/213353.304:VERBOSE1:media_stream_manager.cc(1533)] MSPL::OnSpeedLimitChange({this=00004BFC022BED40}, {new_limit=84})
[1472:18424:0923/213354.304:VERBOSE1:media_stream_manager.cc(1533)] MSPL::OnSpeedLimitChange({this=00004BFC022BED40}, {new_limit=83})
[1472:18424:0923/213355.304:VERBOSE1:media_stream_manager.cc(1533)] MSPL::OnSpeedLimitChange({this=00004BFC022BED40}, {new_limit=84})
[1472:18424:0923/213358.305:VERBOSE1:media_stream_manager.cc(1533)] MSPL::OnSpeedLimitChange({this=00004BFC022BED40}, {new_limit=83})
[1472:18424:0923/213359.304:VERBOSE1:media_stream_manager.cc(1533)] MSPL::OnSpeedLimitChange({this=00004BFC022BED40}, {new_limit=82})
[1472:18424:0923/213405.306:VERBOSE1:media_stream_manager.cc(1533)] MSPL::OnSpeedLimitChange({this=00004BFC022BED40}, {new_limit=80})
[1472:18424:0923/213407.306:VERBOSE1:media_stream_manager.cc(1533)] MSPL::OnSpeedLimitChange({this=00004BFC022BED40}, {new_limit=79})
[1472:18424:0923/213408.306:VERBOSE1:media_stream_manager.cc(1533)] MSPL::OnSpeedLimitChange({this=00004BFC022BED40}, {new_limit=78})
[1472:18424:0923/213410.306:VERBOSE1:media_stream_manager.cc(1533)] MSPL::OnSpeedLimitChange({this=00004BFC022BED40}, {new_limit=77})
[1472:18424:0923/213411.307:VERBOSE1:media_stream_manager.cc(1533)] MSPL::OnSpeedLimitChange({this=00004BFC022BED40}, {new_limit=75})
[1472:18424:0923/213413.308:VERBOSE1:media_stream_manager.cc(1533)] MSPL::OnSpeedLimitChange({this=00004BFC022BED40}, {new_limit=73})
[1472:18424:0923/213416.308:VERBOSE1:media_stream_manager.cc(1533)] MSPL::OnSpeedLimitChange({this=00004BFC022BED40}, {new_limit=72})
[1472:18424:0923/213417.309:VERBOSE1:media_stream_manager.cc(1533)] MSPL::OnSpeedLimitChange({this=00004BFC022BED40}, {new_limit=71})
[1472:18424:0923/213418.308:VERBOSE1:media_stream_manager.cc(1533)] MSPL::OnSpeedLimitChange({this=00004BFC022BED40}, {new_limit=72})
[1472:18424:0923/213419.309:VERBOSE1:media_stream_manager.cc(1533)] MSPL::OnSpeedLimitChange({this=00004BFC022BED40}, {new_limit=73})
[1472:5280:0923/213420.134:VERBOSE1:device_event_log_impl.cc(198)] [21:34:20.134] Display: EVENT: screen_win.cc:893 Displays updated, count: 1
[1472:5280:0923/213420.134:VERBOSE1:device_event_log_impl.cc(198)] [21:34:20.134] Display: EVENT: screen_win.cc:895 Display[1795972762] bounds=[0,0 1920x1080], workarea=[0,0 1920x1032], scale=1, rotation=0, panel_rotation=0 external detected
[1472:18424:0923/213421.637:VERBOSE1:media_stream_manager.cc(1533)] MSPL::OnSpeedLimitChange({this=00004BFC022BED40}, {new_limit=74})
[1472:18424:0923/213422.093:VERBOSE1:media_stream_manager.cc(1533)] MSPL::OnSpeedLimitChange({this=00004BFC022BED40}, {new_limit=72})
[1472:18424:0923/213423.086:VERBOSE1:media_stream_manager.cc(1533)] MSPL::OnSpeedLimitChange({this=00004BFC022BED40}, {new_limit=71})
[1472:18424:0923/213425.092:VERBOSE1:media_stream_manager.cc(1533)] MSPL::OnSpeedLimitChange({this=00004BFC022BED40}, {new_limit=70})
[1472:18424:0923/213426.094:VERBOSE1:media_stream_manager.cc(1533)] MSPL::OnSpeedLimitChange({this=00004BFC022BED40}, {new_limit=68})
[1472:18424:0923/213427.094:VERBOSE1:media_stream_manager.cc(1533)] MSPL::OnSpeedLimitChange({this=00004BFC022BED40}, {new_limit=67})
[1472:18424:0923/213428.096:VERBOSE1:media_stream_manager.cc(1533)] MSPL::OnSpeedLimitChange({this=00004BFC022BED40}, {new_limit=64})
[1472:18424:0923/213429.097:VERBOSE1:media_stream_manager.cc(1533)] MSPL::OnSpeedLimitChange({this=00004BFC022BED40}, {new_limit=62})
[1472:18424:0923/213430.099:VERBOSE1:media_stream_manager.cc(1533)] MSPL::OnSpeedLimitChange({this=00004BFC022BED40}, {new_limit=59})
[1472:18424:0923/213431.095:VERBOSE1:media_stream_manager.cc(1533)] MSPL::OnSpeedLimitChange({this=00004BFC022BED40}, {new_limit=58})
[1472:18424:0923/213432.101:VERBOSE1:media_stream_manager.cc(1533)] MSPL::OnSpeedLimitChange({this=00004BFC022BED40}, {new_limit=57})
[1472:18424:0923/213433.094:VERBOSE1:media_stream_manager.cc(1533)] MSPL::OnSpeedLimitChange({this=00004BFC022BED40}, {new_limit=58})
[1472:18424:0923/213435.092:VERBOSE1:media_stream_manager.cc(1533)] MSPL::OnSpeedLimitChange({this=00004BFC022BED40}, {new_limit=57})
[1472:18424:0923/213438.097:VERBOSE1:media_stream_manager.cc(1533)] MSPL::OnSpeedLimitChange({this=00004BFC022BED40}, {new_limit=58})
[1472:18424:0923/213442.103:VERBOSE1:media_stream_manager.cc(1533)] MSPL::OnSpeedLimitChange({this=00004BFC022BED40}, {new_limit=59})
[4672:7044:0923/213442.831:VERBOSE1:network_delegate.cc(36)] NetworkDelegate::NotifyBeforeURLRequest: https://optimizationguide-pa.googleapis.com/v1:GetModels?key=dummytoken
[4672:7044:0923/213442.847:VERBOSE1:tls_handshaker.cc(105)] TlsClient: Continuing handshake
[4672:7044:0923/213442.865:VERBOSE1:tls_handshaker.cc(105)] TlsClient: Continuing handshake
[4672:7044:0923/213442.866:VERBOSE1:tls_handshaker.cc(126)] TlsClient: SSL_do_handshake returned when entering early data. After retry, rv=-1, SSL_in_early_data=1
[4672:7044:0923/213442.904:VERBOSE1:tls_handshaker.cc(105)] TlsClient: Continuing handshake
[4672:7044:0923/213442.904:VERBOSE1:tls_handshaker.cc(105)] TlsClient: Continuing handshake
[4672:7044:0923/213442.904:VERBOSE1:tls_client_handshaker.cc(528)] Client: handshake finished
[1472:18424:0923/213443.098:VERBOSE1:media_stream_manager.cc(1533)] MSPL::OnSpeedLimitChange({this=00004BFC022BED40}, {new_limit=58})
[1472:18424:0923/213447.103:VERBOSE1:media_stream_manager.cc(1533)] MSPL::OnSpeedLimitChange({this=00004BFC022BED40}, {new_limit=59})
[1472:18424:0923/213453.105:VERBOSE1:media_stream_manager.cc(1533)] MSPL::OnSpeedLimitChange({this=00004BFC022BED40}, {new_limit=60})
[1472:18424:0923/213454.410:VERBOSE1:media_stream_manager.cc(1533)] MSPL::OnSpeedLimitChange({this=00004BFC022BED40}, {new_limit=62})
[1472:18424:0923/213457.110:VERBOSE1:media_stream_manager.cc(1533)] MSPL::OnSpeedLimitChange({this=00004BFC022BED40}, {new_limit=61})
[1472:18424:0923/213500.112:VERBOSE1:media_stream_manager.cc(1533)] MSPL::OnSpeedLimitChange({this=00004BFC022BED40}, {new_limit=60})
[1472:18424:0923/213504.123:VERBOSE1:media_stream_manager.cc(1533)] MSPL::OnSpeedLimitChange({this=00004BFC022BED40}, {new_limit=59})
[1472:18424:0923/213515.277:VERBOSE1:media_stream_manager.cc(1533)] MSPL::OnSpeedLimitChange({this=00004BFC022BED40}, {new_limit=60})
[1472:18424:0923/213517.394:VERBOSE1:media_stream_manager.cc(1533)] MSPL::OnSpeedLimitChange({this=00004BFC022BED40}, {new_limit=62})
[1472:18424:0923/213518.393:VERBOSE1:media_stream_manager.cc(1533)] MSPL::OnSpeedLimitChange({this=00004BFC022BED40}, {new_limit=64})
[1472:18424:0923/213519.392:VERBOSE1:media_stream_manager.cc(1533)] MSPL::OnSpeedLimitChange({this=00004BFC022BED40}, {new_limit=66})
[1472:18424:0923/213520.392:VERBOSE1:media_stream_manager.cc(1533)] MSPL::OnSpeedLimitChange({this=00004BFC022BED40}, {new_limit=68})
[1472:18424:0923/213521.394:VERBOSE1:media_stream_manager.cc(1533)] MSPL::OnSpeedLimitChange({this=00004BFC022BED40}, {new_limit=71})
[1472:18424:0923/213522.394:VERBOSE1:media_stream_manager.cc(1533)] MSPL::OnSpeedLimitChange({this=00004BFC022BED40}, {new_limit=100})
[1472:18424:0923/213534.396:VERBOSE1:media_stream_manager.cc(1533)] MSPL::OnSpeedLimitChange({this=00004BFC022BED40}, {new_limit=81})
[1472:18424:0923/213536.397:VERBOSE1:media_stream_manager.cc(1533)] MSPL::OnSpeedLimitChange({this=00004BFC022BED40}, {new_limit=83})
[1472:18424:0923/213537.397:VERBOSE1:media_stream_manager.cc(1533)] MSPL::OnSpeedLimitChange({this=00004BFC022BED40}, {new_limit=84})
[1472:18424:0923/213539.398:VERBOSE1:media_stream_manager.cc(1533)] MSPL::OnSpeedLimitChange({this=00004BFC022BED40}, {new_limit=83})
[1472:18424:0923/213540.398:VERBOSE1:media_stream_manager.cc(1533)] MSPL::OnSpeedLimitChange({this=00004BFC022BED40}, {new_limit=84})
[1472:18424:0923/213541.397:VERBOSE1:media_stream_manager.cc(1533)] MSPL::OnSpeedLimitChange({this=00004BFC022BED40}, {new_limit=83})
[1472:18424:0923/213542.398:VERBOSE1:media_stream_manager.cc(1533)] MSPL::OnSpeedLimitChange({this=00004BFC022BED40}, {new_limit=82})
[1472:18424:0923/213543.399:VERBOSE1:media_stream_manager.cc(1533)] MSPL::OnSpeedLimitChange({this=00004BFC022BED40}, {new_limit=81})
[1472:18424:0923/213546.399:VERBOSE1:media_stream_manager.cc(1533)] MSPL::OnSpeedLimitChange({this=00004BFC022BED40}, {new_limit=80})
[1472:18424:0923/213548.399:VERBOSE1:media_stream_manager.cc(1533)] MSPL::OnSpeedLimitChange({this=00004BFC022BED40}, {new_limit=79})
[1472:18424:0923/213549.399:VERBOSE1:media_stream_manager.cc(1533)] MSPL::OnSpeedLimitChange({this=00004BFC022BED40}, {new_limit=80})
[1472:18424:0923/213551.399:VERBOSE1:media_stream_manager.cc(1533)] MSPL::OnSpeedLimitChange({this=00004BFC022BED40}, {new_limit=81})
[1472:18424:0923/213552.400:VERBOSE1:media_stream_manager.cc(1533)] MSPL::OnSpeedLimitChange({this=00004BFC022BED40}, {new_limit=82})
[1472:18424:0923/213553.399:VERBOSE1:media_stream_manager.cc(1533)] MSPL::OnSpeedLimitChange({this=00004BFC022BED40}, {new_limit=83})
[1472:18424:0923/213554.400:VERBOSE1:media_stream_manager.cc(1533)] MSPL::OnSpeedLimitChange({this=00004BFC022BED40}, {new_limit=82})
[1472:18424:0923/213557.400:VERBOSE1:media_stream_manager.cc(1533)] MSPL::OnSpeedLimitChange({this=00004BFC022BED40}, {new_limit=81})
[1472:18424:0923/213558.400:VERBOSE1:media_stream_manager.cc(1533)] MSPL::OnSpeedLimitChange({this=00004BFC022BED40}, {new_limit=82})
[1472:18424:0923/213559.399:VERBOSE1:media_stream_manager.cc(1533)] MSPL::OnSpeedLimitChange({this=00004BFC022BED40}, {new_limit=100})
[1472:18424:0923/213613.402:VERBOSE1:media_stream_manager.cc(1533)] MSPL::OnSpeedLimitChange({this=00004BFC022BED40}, {new_limit=83})
[1472:18424:0923/213615.404:VERBOSE1:media_stream_manager.cc(1533)] MSPL::OnSpeedLimitChange({this=00004BFC022BED40}, {new_limit=84})
[1472:18424:0923/213620.404:VERBOSE1:media_stream_manager.cc(1533)] MSPL::OnSpeedLimitChange({this=00004BFC022BED40}, {new_limit=83})
[1472:18424:0923/213622.404:VERBOSE1:media_stream_manager.cc(1533)] MSPL::OnSpeedLimitChange({this=00004BFC022BED40}, {new_limit=84})
[1472:18424:0923/213623.404:VERBOSE1:media_stream_manager.cc(1533)] MSPL::OnSpeedLimitChange({this=00004BFC022BED40}, {new_limit=83})
[1472:18424:0923/213624.404:VERBOSE1:media_stream_manager.cc(1533)] MSPL::OnSpeedLimitChange({this=00004BFC022BED40}, {new_limit=82})
[1472:18424:0923/213625.403:VERBOSE1:media_stream_manager.cc(1533)] MSPL::OnSpeedLimitChange({this=00004BFC022BED40}, {new_limit=81})
[1472:18424:0923/213626.404:VERBOSE1:media_stream_manager.cc(1533)] MSPL::OnSpeedLimitChange({this=00004BFC022BED40}, {new_limit=80})
[1472:18424:0923/213627.405:VERBOSE1:media_stream_manager.cc(1533)] MSPL::OnSpeedLimitChange({this=00004BFC022BED40}, {new_limit=79})
[1472:18424:0923/213628.411:VERBOSE1:media_stream_manager.cc(1533)] MSPL::OnSpeedLimitChange({this=00004BFC022BED40}, {new_limit=78})
[1472:18424:0923/213629.404:VERBOSE1:media_stream_manager.cc(1533)] MSPL::OnSpeedLimitChange({this=00004BFC022BED40}, {new_limit=76})
[1472:18424:0923/213630.403:VERBOSE1:media_stream_manager.cc(1533)] MSPL::OnSpeedLimitChange({this=00004BFC022BED40}, {new_limit=77})
[1472:18424:0923/213633.404:VERBOSE1:media_stream_manager.cc(1533)] MSPL::OnSpeedLimitChange({this=00004BFC022BED40}, {new_limit=78})
[1472:18424:0923/213634.407:VERBOSE1:media_stream_manager.cc(1533)] MSPL::OnSpeedLimitChange({this=00004BFC022BED40}, {new_limit=77})
[1472:18424:0923/213635.404:VERBOSE1:media_stream_manager.cc(1533)] MSPL::OnSpeedLimitChange({this=00004BFC022BED40}, {new_limit=79})
[1472:5280:0923/213635.667:VERBOSE1:device_event_log_impl.cc(198)] [21:36:35.667] Display: EVENT: screen_win.cc:893 Displays updated, count: 1
[1472:5280:0923/213635.667:VERBOSE1:device_event_log_impl.cc(198)] [21:36:35.667] Display: EVENT: screen_win.cc:895 Display[1795972762] bounds=[0,0 1920x1080], workarea=[0,0 1920x1032], scale=1, rotation=0, panel_rotation=0 external detected
[1472:18424:0923/213636.179:VERBOSE1:media_stream_manager.cc(1533)] MSPL::OnSpeedLimitChange({this=00004BFC022BED40}, {new_limit=78})
[1472:18424:0923/213637.169:VERBOSE1:media_stream_manager.cc(1533)] MSPL::OnSpeedLimitChange({this=00004BFC022BED40}, {new_limit=76})
[1472:18424:0923/213638.177:VERBOSE1:media_stream_manager.cc(1533)] MSPL::OnSpeedLimitChange({this=00004BFC022BED40}, {new_limit=73})
[1472:18424:0923/213639.172:VERBOSE1:media_stream_manager.cc(1533)] MSPL::OnSpeedLimitChange({this=00004BFC022BED40}, {new_limit=72})
[1472:18424:0923/213640.170:VERBOSE1:media_stream_manager.cc(1533)] MSPL::OnSpeedLimitChange({this=00004BFC022BED40}, {new_limit=69})
[1472:18424:0923/213641.173:VERBOSE1:media_stream_manager.cc(1533)] MSPL::OnSpeedLimitChange({this=00004BFC022BED40}, {new_limit=66})
[1472:18424:0923/213642.170:VERBOSE1:media_stream_manager.cc(1533)] MSPL::OnSpeedLimitChange({this=00004BFC022BED40}, {new_limit=65})
[1472:18424:0923/213643.170:VERBOSE1:media_stream_manager.cc(1533)] MSPL::OnSpeedLimitChange({this=00004BFC022BED40}, {new_limit=63})
[1472:18424:0923/213644.177:VERBOSE1:media_stream_manager.cc(1533)] MSPL::OnSpeedLimitChange({this=00004BFC022BED40}, {new_limit=62})
[1472:18424:0923/213645.177:VERBOSE1:media_stream_manager.cc(1533)] MSPL::OnSpeedLimitChange({this=00004BFC022BED40}, {new_limit=60})
[1472:18424:0923/213647.175:VERBOSE1:media_stream_manager.cc(1533)] MSPL::OnSpeedLimitChange({this=00004BFC022BED40}, {new_limit=62})
[1472:18424:0923/213648.180:VERBOSE1:media_stream_manager.cc(1533)] MSPL::OnSpeedLimitChange({this=00004BFC022BED40}, {new_limit=64})
[1472:18424:0923/213649.174:VERBOSE1:media_stream_manager.cc(1533)] MSPL::OnSpeedLimitChange({this=00004BFC022BED40}, {new_limit=65})
[1472:18424:0923/213655.175:VERBOSE1:media_stream_manager.cc(1533)] MSPL::OnSpeedLimitChange({this=00004BFC022BED40}, {new_limit=64})
[1472:18424:0923/213657.178:VERBOSE1:media_stream_manager.cc(1533)] MSPL::OnSpeedLimitChange({this=00004BFC022BED40}, {new_limit=63})
[1472:18424:0923/213658.181:VERBOSE1:media_stream_manager.cc(1533)] MSPL::OnSpeedLimitChange({this=00004BFC022BED40}, {new_limit=62})
[1472:18424:0923/213700.179:VERBOSE1:media_stream_manager.cc(1533)] MSPL::OnSpeedLimitChange({this=00004BFC022BED40}, {new_limit=61})
[1472:18424:0923/213702.182:VERBOSE1:media_stream_manager.cc(1533)] MSPL::OnSpeedLimitChange({this=00004BFC022BED40}, {new_limit=60})
[1472:18424:0923/213703.182:VERBOSE1:media_stream_manager.cc(1533)] MSPL::OnSpeedLimitChange({this=00004BFC022BED40}, {new_limit=59})
[1472:18424:0923/213710.184:VERBOSE1:media_stream_manager.cc(1533)] MSPL::OnSpeedLimitChange({this=00004BFC022BED40}, {new_limit=60})
[1472:18424:0923/213717.202:VERBOSE1:media_stream_manager.cc(1533)] MSPL::OnSpeedLimitChange({this=00004BFC022BED40}, {new_limit=61})
[1472:18424:0923/213718.202:VERBOSE1:media_stream_manager.cc(1533)] MSPL::OnSpeedLimitChange({this=00004BFC022BED40}, {new_limit=63})
[1472:18424:0923/213720.194:VERBOSE1:media_stream_manager.cc(1533)] MSPL::OnSpeedLimitChange({this=00004BFC022BED40}, {new_limit=62})
[1472:18424:0923/213722.578:VERBOSE1:media_stream_manager.cc(1533)] MSPL::OnSpeedLimitChange({this=00004BFC022BED40}, {new_limit=63})
[4672:7044:0923/213724.508:VERBOSE1:network_delegate.cc(36)] NetworkDelegate::NotifyBeforeURLRequest: https://optimizationguide-pa.googleapis.com/v1:GetModels?key=dummytoken
[4672:7044:0923/213724.519:VERBOSE1:tls_handshaker.cc(105)] TlsClient: Continuing handshake
[4672:7044:0923/213724.520:VERBOSE1:tls_handshaker.cc(126)] TlsClient: SSL_do_handshake returned when entering early data. After retry, rv=-1, SSL_in_early_data=1
[4672:7044:0923/213724.581:VERBOSE1:tls_handshaker.cc(105)] TlsClient: Continuing handshake
[4672:7044:0923/213724.581:VERBOSE1:tls_handshaker.cc(105)] TlsClient: Continuing handshake
[4672:7044:0923/213724.581:VERBOSE1:tls_client_handshaker.cc(528)] Client: handshake finished
[1472:18424:0923/213725.197:VERBOSE1:media_stream_manager.cc(1533)] MSPL::OnSpeedLimitChange({this=00004BFC022BED40}, {new_limit=64})
[1472:18424:0923/213727.199:VERBOSE1:media_stream_manager.cc(1533)] MSPL::OnSpeedLimitChange({this=00004BFC022BED40}, {new_limit=62})
[1472:18424:0923/213728.200:VERBOSE1:media_stream_manager.cc(1533)] MSPL::OnSpeedLimitChange({this=00004BFC022BED40}, {new_limit=61})
[1472:18424:0923/213729.197:VERBOSE1:media_stream_manager.cc(1533)] MSPL::OnSpeedLimitChange({this=00004BFC022BED40}, {new_limit=62})
[1472:18424:0923/213732.201:VERBOSE1:media_stream_manager.cc(1533)] MSPL::OnSpeedLimitChange({this=00004BFC022BED40}, {new_limit=63})
[1472:18424:0923/213734.199:VERBOSE1:media_stream_manager.cc(1533)] MSPL::OnSpeedLimitChange({this=00004BFC022BED40}, {new_limit=62})
[1472:18424:0923/213739.199:VERBOSE1:media_stream_manager.cc(1533)] MSPL::OnSpeedLimitChange({this=00004BFC022BED40}, {new_limit=61})
[1472:18424:0923/213743.205:VERBOSE1:media_stream_manager.cc(1533)] MSPL::OnSpeedLimitChange({this=00004BFC022BED40}, {new_limit=62})
[1472:18424:0923/213745.208:VERBOSE1:media_stream_manager.cc(1533)] MSPL::OnSpeedLimitChange({this=00004BFC022BED40}, {new_limit=63})
[1472:18424:0923/213748.210:VERBOSE1:media_stream_manager.cc(1533)] MSPL::OnSpeedLimitChange({this=00004BFC022BED40}, {new_limit=64})
[1472:18424:0923/213754.214:VERBOSE1:media_stream_manager.cc(1533)] MSPL::OnSpeedLimitChange({this=00004BFC022BED40}, {new_limit=65})
[1472:18424:0923/213758.220:VERBOSE1:media_stream_manager.cc(1533)] MSPL::OnSpeedLimitChange({this=00004BFC022BED40}, {new_limit=64})
[1472:18424:0923/213800.217:VERBOSE1:media_stream_manager.cc(1533)] MSPL::OnSpeedLimitChange({this=00004BFC022BED40}, {new_limit=63})
[1472:18424:0923/213802.225:VERBOSE1:media_stream_manager.cc(1533)] MSPL::OnSpeedLimitChange({this=00004BFC022BED40}, {new_limit=62})
[1472:18424:0923/213810.221:VERBOSE1:media_stream_manager.cc(1533)] MSPL::OnSpeedLimitChange({this=00004BFC022BED40}, {new_limit=63})
[1472:18424:0923/213818.226:VERBOSE1:media_stream_manager.cc(1533)] MSPL::OnSpeedLimitChange({this=00004BFC022BED40}, {new_limit=62})
[1472:18424:0923/213819.229:VERBOSE1:media_stream_manager.cc(1533)] MSPL::OnSpeedLimitChange({this=00004BFC022BED40}, {new_limit=63})
[1472:18424:0923/213821.229:VERBOSE1:media_stream_manager.cc(1533)] MSPL::OnSpeedLimitChange({this=00004BFC022BED40}, {new_limit=62})
[1472:18424:0923/213822.233:VERBOSE1:media_stream_manager.cc(1533)] MSPL::OnSpeedLimitChange({this=00004BFC022BED40}, {new_limit=61})
[1472:18424:0923/213823.230:VERBOSE1:media_stream_manager.cc(1533)] MSPL::OnSpeedLimitChange({this=00004BFC022BED40}, {new_limit=60})
[1472:18424:0923/213824.233:VERBOSE1:media_stream_manager.cc(1533)] MSPL::OnSpeedLimitChange({this=00004BFC022BED40}, {new_limit=59})
[1472:18424:0923/213825.488:VERBOSE1:media_stream_manager.cc(1533)] MSPL::OnSpeedLimitChange({this=00004BFC022BED40}, {new_limit=61})
[1472:18424:0923/213827.229:VERBOSE1:media_stream_manager.cc(1533)] MSPL::OnSpeedLimitChange({this=00004BFC022BED40}, {new_limit=59})
[1472:18424:0923/213828.234:VERBOSE1:media_stream_manager.cc(1533)] MSPL::OnSpeedLimitChange({this=00004BFC022BED40}, {new_limit=57})
[1472:18424:0923/213829.240:VERBOSE1:media_stream_manager.cc(1533)] MSPL::OnSpeedLimitChange({this=00004BFC022BED40}, {new_limit=56})
[1472:18424:0923/213831.243:VERBOSE1:media_stream_manager.cc(1533)] MSPL::OnSpeedLimitChange({this=00004BFC022BED40}, {new_limit=57})
[1472:18424:0923/213835.242:VERBOSE1:media_stream_manager.cc(1533)] MSPL::OnSpeedLimitChange({this=00004BFC022BED40}, {new_limit=54})
[1472:18424:0923/213836.242:VERBOSE1:media_stream_manager.cc(1533)] MSPL::OnSpeedLimitChange({this=00004BFC022BED40}, {new_limit=55})
[1472:18424:0923/213837.242:VERBOSE1:media_stream_manager.cc(1533)] MSPL::OnSpeedLimitChange({this=00004BFC022BED40}, {new_limit=57})
[1472:18424:0923/213838.248:VERBOSE1:media_stream_manager.cc(1533)] MSPL::OnSpeedLimitChange({this=00004BFC022BED40}, {new_limit=58})
[1472:18424:0923/213839.256:VERBOSE1:media_stream_manager.cc(1533)] MSPL::OnSpeedLimitChange({this=00004BFC022BED40}, {new_limit=57})
[1472:18424:0923/213842.244:VERBOSE1:media_stream_manager.cc(1533)] MSPL::OnSpeedLimitChange({this=00004BFC022BED40}, {new_limit=58})
[1472:18424:0923/213846.246:VERBOSE1:media_stream_manager.cc(1533)] MSPL::OnSpeedLimitChange({this=00004BFC022BED40}, {new_limit=57})
[1472:18424:0923/213847.244:VERBOSE1:media_stream_manager.cc(1533)] MSPL::OnSpeedLimitChange({this=00004BFC022BED40}, {new_limit=56})
[1472:18424:0923/213848.248:VERBOSE1:media_stream_manager.cc(1533)] MSPL::OnSpeedLimitChange({this=00004BFC022BED40}, {new_limit=57})
[1472:18424:0923/213849.244:VERBOSE1:media_stream_manager.cc(1533)] MSPL::OnSpeedLimitChange({this=00004BFC022BED40}, {new_limit=58})
[1472:18424:0923/213850.250:VERBOSE1:media_stream_manager.cc(1533)] MSPL::OnSpeedLimitChange({this=00004BFC022BED40}, {new_limit=57})
[1472:18424:0923/213856.249:VERBOSE1:media_stream_manager.cc(1533)] MSPL::OnSpeedLimitChange({this=00004BFC022BED40}, {new_limit=59})
[1472:18424:0923/213858.254:VERBOSE1:media_stream_manager.cc(1533)] MSPL::OnSpeedLimitChange({this=00004BFC022BED40}, {new_limit=60})
[1472:18424:0923/213859.260:VERBOSE1:media_stream_manager.cc(1533)] MSPL::OnSpeedLimitChange({this=00004BFC022BED40}, {new_limit=59})
[1472:18424:0923/213906.257:VERBOSE1:media_stream_manager.cc(1533)] MSPL::OnSpeedLimitChange({this=00004BFC022BED40}, {new_limit=58})
[1472:18424:0923/213909.266:VERBOSE1:media_stream_manager.cc(1533)] MSPL::OnSpeedLimitChange({this=00004BFC022BED40}, {new_limit=59})
[1472:18424:0923/213910.267:VERBOSE1:media_stream_manager.cc(1533)] MSPL::OnSpeedLimitChange({this=00004BFC022BED40}, {new_limit=58})
[1472:18424:0923/213913.264:VERBOSE1:media_stream_manager.cc(1533)] MSPL::OnSpeedLimitChange({this=00004BFC022BED40}, {new_limit=59})
[1472:18424:0923/213914.268:VERBOSE1:media_stream_manager.cc(1533)] MSPL::OnSpeedLimitChange({this=00004BFC022BED40}, {new_limit=60})
[1472:18424:0923/213915.271:VERBOSE1:media_stream_manager.cc(1533)] MSPL::OnSpeedLimitChange({this=00004BFC022BED40}, {new_limit=61})
[1472:18424:0923/213917.268:VERBOSE1:media_stream_manager.cc(1533)] MSPL::OnSpeedLimitChange({this=00004BFC022BED40}, {new_limit=62})
[1472:18424:0923/213919.276:VERBOSE1:media_stream_manager.cc(1533)] MSPL::OnSpeedLimitChange({this=00004BFC022BED40}, {new_limit=63})
[1472:18424:0923/213924.271:VERBOSE1:media_stream_manager.cc(1533)] MSPL::OnSpeedLimitChange({this=00004BFC022BED40}, {new_limit=62})
[1472:18424:0923/213925.271:VERBOSE1:media_stream_manager.cc(1533)] MSPL::OnSpeedLimitChange({this=00004BFC022BED40}, {new_limit=63})
[1472:18424:0923/213931.274:VERBOSE1:media_stream_manager.cc(1533)] MSPL::OnSpeedLimitChange({this=00004BFC022BED40}, {new_limit=64})
[1472:18424:0923/213934.278:VERBOSE1:media_stream_manager.cc(1533)] MSPL::OnSpeedLimitChange({this=00004BFC022BED40}, {new_limit=63})
[1472:18424:0923/213935.281:VERBOSE1:media_stream_manager.cc(1533)] MSPL::OnSpeedLimitChange({this=00004BFC022BED40}, {new_limit=62})
[1472:18424:0923/213936.491:VERBOSE1:media_stream_manager.cc(1533)] MSPL::OnSpeedLimitChange({this=00004BFC022BED40}, {new_limit=64})
[1472:18424:0923/213937.491:VERBOSE1:media_stream_manager.cc(1533)] MSPL::OnSpeedLimitChange({this=00004BFC022BED40}, {new_limit=65})
[1472:18424:0923/213938.492:VERBOSE1:media_stream_manager.cc(1533)] MSPL::OnSpeedLimitChange({this=00004BFC022BED40}, {new_limit=67})
[1472:18424:0923/213939.492:VERBOSE1:media_stream_manager.cc(1533)] MSPL::OnSpeedLimitChange({this=00004BFC022BED40}, {new_limit=69})
[1472:18424:0923/213940.491:VERBOSE1:media_stream_manager.cc(1533)] MSPL::OnSpeedLimitChange({this=00004BFC022BED40}, {new_limit=70})
[1472:18424:0923/213941.492:VERBOSE1:media_stream_manager.cc(1533)] MSPL::OnSpeedLimitChange({this=00004BFC022BED40}, {new_limit=72})
[1472:18424:0923/213942.492:VERBOSE1:media_stream_manager.cc(1533)] MSPL::OnSpeedLimitChange({this=00004BFC022BED40}, {new_limit=73})
[1472:18424:0923/213943.492:VERBOSE1:media_stream_manager.cc(1533)] MSPL::OnSpeedLimitChange({this=00004BFC022BED40}, {new_limit=76})
[1472:18424:0923/213944.494:VERBOSE1:media_stream_manager.cc(1533)] MSPL::OnSpeedLimitChange({this=00004BFC022BED40}, {new_limit=79})
[1472:18424:0923/213945.492:VERBOSE1:media_stream_manager.cc(1533)] MSPL::OnSpeedLimitChange({this=00004BFC022BED40}, {new_limit=82})
[1472:18424:0923/213948.495:VERBOSE1:media_stream_manager.cc(1533)] MSPL::OnSpeedLimitChange({this=00004BFC022BED40}, {new_limit=83})
[1472:18424:0923/213953.495:VERBOSE1:media_stream_manager.cc(1533)] MSPL::OnSpeedLimitChange({this=00004BFC022BED40}, {new_limit=84})
[1472:18424:0923/213954.495:VERBOSE1:media_stream_manager.cc(1533)] MSPL::OnSpeedLimitChange({this=00004BFC022BED40}, {new_limit=100})
[1472:5280:0923/214003.538:VERBOSE1:device_event_log_impl.cc(198)] [21:40:03.538] Display: EVENT: screen_win.cc:893 Displays updated, count: 1
[1472:5280:0923/214003.538:VERBOSE1:device_event_log_impl.cc(198)] [21:40:03.539] Display: EVENT: screen_win.cc:895 Display[1795972762] bounds=[0,0 1920x1080], workarea=[0,0 1920x1032], scale=1, rotation=0, panel_rotation=0 external detected
[1472:18424:0923/214004.294:VERBOSE1:media_stream_manager.cc(1533)] MSPL::OnSpeedLimitChange({this=00004BFC022BED40}, {new_limit=79})
[1472:18424:0923/214005.295:VERBOSE1:media_stream_manager.cc(1533)] MSPL::OnSpeedLimitChange({this=00004BFC022BED40}, {new_limit=76})
[4672:7044:0923/214005.825:VERBOSE1:network_delegate.cc(36)] NetworkDelegate::NotifyBeforeURLRequest: https://optimizationguide-pa.googleapis.com/v1:GetModels?key=dummytoken
[4672:7044:0923/214005.831:VERBOSE1:tls_handshaker.cc(105)] TlsClient: Continuing handshake
[4672:7044:0923/214005.831:VERBOSE1:tls_handshaker.cc(126)] TlsClient: SSL_do_handshake returned when entering early data. After retry, rv=-1, SSL_in_early_data=1
[4672:7044:0923/214005.892:VERBOSE1:tls_handshaker.cc(105)] TlsClient: Continuing handshake
[4672:7044:0923/214005.892:VERBOSE1:tls_handshaker.cc(105)] TlsClient: Continuing handshake
[4672:7044:0923/214005.892:VERBOSE1:tls_client_handshaker.cc(528)] Client: handshake finished
[1472:18424:0923/214006.296:VERBOSE1:media_stream_manager.cc(1533)] MSPL::OnSpeedLimitChange({this=00004BFC022BED40}, {new_limit=75})
[1472:18424:0923/214007.295:VERBOSE1:media_stream_manager.cc(1533)] MSPL::OnSpeedLimitChange({this=00004BFC022BED40}, {new_limit=72})
[1472:18424:0923/214008.303:VERBOSE1:media_stream_manager.cc(1533)] MSPL::OnSpeedLimitChange({this=00004BFC022BED40}, {new_limit=70})
[1472:18424:0923/214009.298:VERBOSE1:media_stream_manager.cc(1533)] MSPL::OnSpeedLimitChange({this=00004BFC022BED40}, {new_limit=68})
[1472:18424:0923/214010.299:VERBOSE1:media_stream_manager.cc(1533)] MSPL::OnSpeedLimitChange({this=00004BFC022BED40}, {new_limit=65})
[1472:18424:0923/214011.295:VERBOSE1:media_stream_manager.cc(1533)] MSPL::OnSpeedLimitChange({this=00004BFC022BED40}, {new_limit=62})
[1472:18424:0923/214012.307:VERBOSE1:media_stream_manager.cc(1533)] MSPL::OnSpeedLimitChange({this=00004BFC022BED40}, {new_limit=60})
[1472:18424:0923/214013.299:VERBOSE1:media_stream_manager.cc(1533)] MSPL::OnSpeedLimitChange({this=00004BFC022BED40}, {new_limit=58})
[1472:18424:0923/214015.319:VERBOSE1:media_stream_manager.cc(1533)] MSPL::OnSpeedLimitChange({this=00004BFC022BED40}, {new_limit=59})
[1472:18424:0923/214019.304:VERBOSE1:media_stream_manager.cc(1533)] MSPL::OnSpeedLimitChange({this=00004BFC022BED40}, {new_limit=58})
[1472:18424:0923/214020.302:VERBOSE1:media_stream_manager.cc(1533)] MSPL::OnSpeedLimitChange({this=00004BFC022BED40}, {new_limit=59})
[1472:18424:0923/214026.312:VERBOSE1:media_stream_manager.cc(1533)] MSPL::OnSpeedLimitChange({this=00004BFC022BED40}, {new_limit=58})
[1472:18424:0923/214030.313:VERBOSE1:media_stream_manager.cc(1533)] MSPL::OnSpeedLimitChange({this=00004BFC022BED40}, {new_limit=57})
[1472:18424:0923/214035.316:VERBOSE1:media_stream_manager.cc(1533)] MSPL::OnSpeedLimitChange({this=00004BFC022BED40}, {new_limit=58})
[1472:18424:0923/214036.375:VERBOSE1:media_stream_manager.cc(1533)] MSPL::OnSpeedLimitChange({this=00004BFC022BED40}, {new_limit=60})
[1472:18424:0923/214037.317:VERBOSE1:media_stream_manager.cc(1533)] MSPL::OnSpeedLimitChange({this=00004BFC022BED40}, {new_limit=61})
[1472:18424:0923/214039.320:VERBOSE1:media_stream_manager.cc(1533)] MSPL::OnSpeedLimitChange({this=00004BFC022BED40}, {new_limit=62})
[1472:18424:0923/214042.316:VERBOSE1:media_stream_manager.cc(1533)] MSPL::OnSpeedLimitChange({this=00004BFC022BED40}, {new_limit=63})
[1472:18424:0923/214043.317:VERBOSE1:media_stream_manager.cc(1533)] MSPL::OnSpeedLimitChange({this=00004BFC022BED40}, {new_limit=62})
[1472:18424:0923/214046.327:VERBOSE1:media_stream_manager.cc(1533)] MSPL::OnSpeedLimitChange({this=00004BFC022BED40}, {new_limit=60})
[1472:18424:0923/214049.330:VERBOSE1:media_stream_manager.cc(1533)] MSPL::OnSpeedLimitChange({this=00004BFC022BED40}, {new_limit=59})
[1472:18424:0923/214051.322:VERBOSE1:media_stream_manager.cc(1533)] MSPL::OnSpeedLimitChange({this=00004BFC022BED40}, {new_limit=60})
[1472:18424:0923/214054.329:VERBOSE1:media_stream_manager.cc(1533)] MSPL::OnSpeedLimitChange({this=00004BFC022BED40}, {new_limit=61})
[1472:18424:0923/214058.331:VERBOSE1:media_stream_manager.cc(1533)] MSPL::OnSpeedLimitChange({this=00004BFC022BED40}, {new_limit=60})
[1472:18424:0923/214059.335:VERBOSE1:media_stream_manager.cc(1533)] MSPL::OnSpeedLimitChange({this=00004BFC022BED40}, {new_limit=61})
[1472:18424:0923/214101.333:VERBOSE1:media_stream_manager.cc(1533)] MSPL::OnSpeedLimitChange({this=00004BFC022BED40}, {new_limit=60})
[1472:18424:0923/214102.338:VERBOSE1:media_stream_manager.cc(1533)] MSPL::OnSpeedLimitChange({this=00004BFC022BED40}, {new_limit=59})
[1472:18424:0923/214107.340:VERBOSE1:media_stream_manager.cc(1533)] MSPL::OnSpeedLimitChange({this=00004BFC022BED40}, {new_limit=58})
[1472:18424:0923/214110.339:VERBOSE1:media_stream_manager.cc(1533)] MSPL::OnSpeedLimitChange({this=00004BFC022BED40}, {new_limit=57})
[1472:18424:0923/214112.344:VERBOSE1:media_stream_manager.cc(1533)] MSPL::OnSpeedLimitChange({this=00004BFC022BED40}, {new_limit=58})
[1472:18424:0923/214116.338:VERBOSE1:media_stream_manager.cc(1533)] MSPL::OnSpeedLimitChange({this=00004BFC022BED40}, {new_limit=59})
[1472:18424:0923/214118.338:VERBOSE1:media_stream_manager.cc(1533)] MSPL::OnSpeedLimitChange({this=00004BFC022BED40}, {new_limit=60})
[1472:18424:0923/214119.340:VERBOSE1:media_stream_manager.cc(1533)] MSPL::OnSpeedLimitChange({this=00004BFC022BED40}, {new_limit=61})
[1472:18424:0923/214133.348:VERBOSE1:media_stream_manager.cc(1533)] MSPL::OnSpeedLimitChange({this=00004BFC022BED40}, {new_limit=60})
[1472:18424:0923/214134.350:VERBOSE1:media_stream_manager.cc(1533)] MSPL::OnSpeedLimitChange({this=00004BFC022BED40}, {new_limit=61})
[1472:18424:0923/214136.826:VERBOSE1:media_stream_manager.cc(1533)] MSPL::OnSpeedLimitChange({this=00004BFC022BED40}, {new_limit=63})
[1472:18424:0923/214136.826:VERBOSE1:media_stream_manager.cc(1533)] MSPL::OnSpeedLimitChange({this=00004BFC022BED40}, {new_limit=64})
[1472:18424:0923/214137.497:VERBOSE1:media_stream_manager.cc(1533)] MSPL::OnSpeedLimitChange({this=00004BFC022BED40}, {new_limit=66})
[1472:18424:0923/214138.498:VERBOSE1:media_stream_manager.cc(1533)] MSPL::OnSpeedLimitChange({this=00004BFC022BED40}, {new_limit=67})
[1472:5280:0923/214138.587:VERBOSE1:device_event_log_impl.cc(198)] [21:41:38.587] Display: EVENT: screen_win.cc:893 Displays updated, count: 1
[1472:5280:0923/214138.587:VERBOSE1:device_event_log_impl.cc(198)] [21:41:38.587] Display: EVENT: screen_win.cc:895 Display[1795972762] bounds=[0,0 1920x1080], workarea=[0,0 1920x1032], scale=1, rotation=0, panel_rotation=0 external detected
[1472:18424:0923/214141.606:VERBOSE1:media_stream_manager.cc(1533)] MSPL::OnSpeedLimitChange({this=00004BFC022BED40}, {new_limit=68})
[1472:18424:0923/214142.606:VERBOSE1:media_stream_manager.cc(1533)] MSPL::OnSpeedLimitChange({this=00004BFC022BED40}, {new_limit=71})
[1472:18424:0923/214143.606:VERBOSE1:media_stream_manager.cc(1533)] MSPL::OnSpeedLimitChange({this=00004BFC022BED40}, {new_limit=100})
[1472:18424:0923/214204.612:VERBOSE1:media_stream_manager.cc(1533)] MSPL::OnSpeedLimitChange({this=00004BFC022BED40}, {new_limit=82})
[1472:18424:0923/214205.612:VERBOSE1:media_stream_manager.cc(1533)] MSPL::OnSpeedLimitChange({this=00004BFC022BED40}, {new_limit=81})
[1472:18424:0923/214210.612:VERBOSE1:media_stream_manager.cc(1533)] MSPL::OnSpeedLimitChange({this=00004BFC022BED40}, {new_limit=80})
[1472:18424:0923/214212.613:VERBOSE1:media_stream_manager.cc(1533)] MSPL::OnSpeedLimitChange({this=00004BFC022BED40}, {new_limit=81})
[1472:18424:0923/214213.613:VERBOSE1:media_stream_manager.cc(1533)] MSPL::OnSpeedLimitChange({this=00004BFC022BED40}, {new_limit=80})
[1472:18424:0923/214214.613:VERBOSE1:media_stream_manager.cc(1533)] MSPL::OnSpeedLimitChange({this=00004BFC022BED40}, {new_limit=79})
[1472:18424:0923/214215.611:VERBOSE1:media_stream_manager.cc(1533)] MSPL::OnSpeedLimitChange({this=00004BFC022BED40}, {new_limit=80})
[1472:18424:0923/214217.612:VERBOSE1:media_stream_manager.cc(1533)] MSPL::OnSpeedLimitChange({this=00004BFC022BED40}, {new_limit=79})
[1472:18424:0923/214221.613:VERBOSE1:media_stream_manager.cc(1533)] MSPL::OnSpeedLimitChange({this=00004BFC022BED40}, {new_limit=78})
[1472:18424:0923/214223.613:VERBOSE1:media_stream_manager.cc(1533)] MSPL::OnSpeedLimitChange({this=00004BFC022BED40}, {new_limit=79})
[1472:18424:0923/214224.613:VERBOSE1:media_stream_manager.cc(1533)] MSPL::OnSpeedLimitChange({this=00004BFC022BED40}, {new_limit=80})
[1472:18424:0923/214225.613:VERBOSE1:media_stream_manager.cc(1533)] MSPL::OnSpeedLimitChange({this=00004BFC022BED40}, {new_limit=78})
[1472:18424:0923/214227.615:VERBOSE1:media_stream_manager.cc(1533)] MSPL::OnSpeedLimitChange({this=00004BFC022BED40}, {new_limit=80})
[1472:18424:0923/214229.614:VERBOSE1:media_stream_manager.cc(1533)] MSPL::OnSpeedLimitChange({this=00004BFC022BED40}, {new_limit=79})
[1472:18424:0923/214230.613:VERBOSE1:media_stream_manager.cc(1533)] MSPL::OnSpeedLimitChange({this=00004BFC022BED40}, {new_limit=78})
[1472:18424:0923/214232.613:VERBOSE1:media_stream_manager.cc(1533)] MSPL::OnSpeedLimitChange({this=00004BFC022BED40}, {new_limit=77})
[1472:18424:0923/214235.612:VERBOSE1:media_stream_manager.cc(1533)] MSPL::OnSpeedLimitChange({this=00004BFC022BED40}, {new_limit=78})
[1472:5280:0923/214236.918:VERBOSE1:device_event_log_impl.cc(198)] [21:42:36.919] Display: EVENT: screen_win.cc:893 Displays updated, count: 1
[1472:5280:0923/214236.918:VERBOSE1:device_event_log_impl.cc(198)] [21:42:36.919] Display: EVENT: screen_win.cc:895 Display[1795972762] bounds=[0,0 1920x1080], workarea=[0,0 1920x1032], scale=1, rotation=0, panel_rotation=0 external detected
[1472:18424:0923/214237.390:VERBOSE1:media_stream_manager.cc(1533)] MSPL::OnSpeedLimitChange({this=00004BFC022BED40}, {new_limit=75})
[1472:18424:0923/214238.391:VERBOSE1:media_stream_manager.cc(1533)] MSPL::OnSpeedLimitChange({this=00004BFC022BED40}, {new_limit=74})
[1472:18424:0923/214239.387:VERBOSE1:media_stream_manager.cc(1533)] MSPL::OnSpeedLimitChange({this=00004BFC022BED40}, {new_limit=72})
[1472:18424:0923/214241.395:VERBOSE1:media_stream_manager.cc(1533)] MSPL::OnSpeedLimitChange({this=00004BFC022BED40}, {new_limit=71})
[1472:18424:0923/214242.393:VERBOSE1:media_stream_manager.cc(1533)] MSPL::OnSpeedLimitChange({this=00004BFC022BED40}, {new_limit=68})
[1472:18424:0923/214243.394:VERBOSE1:media_stream_manager.cc(1533)] MSPL::OnSpeedLimitChange({this=00004BFC022BED40}, {new_limit=66})
[1472:18424:0923/214244.390:VERBOSE1:media_stream_manager.cc(1533)] MSPL::OnSpeedLimitChange({this=00004BFC022BED40}, {new_limit=64})
[1472:18424:0923/214245.394:VERBOSE1:media_stream_manager.cc(1533)] MSPL::OnSpeedLimitChange({this=00004BFC022BED40}, {new_limit=61})
[1472:18424:0923/214246.396:VERBOSE1:media_stream_manager.cc(1533)] MSPL::OnSpeedLimitChange({this=00004BFC022BED40}, {new_limit=60})
[1472:18424:0923/214252.396:VERBOSE1:media_stream_manager.cc(1533)] MSPL::OnSpeedLimitChange({this=00004BFC022BED40}, {new_limit=61})
[4672:7044:0923/214300.849:VERBOSE1:network_delegate.cc(36)] NetworkDelegate::NotifyBeforeURLRequest: https://optimizationguide-pa.googleapis.com/v1:GetModels?key=dummytoken
[4672:7044:0923/214300.856:VERBOSE1:tls_handshaker.cc(105)] TlsClient: Continuing handshake
[4672:7044:0923/214300.856:VERBOSE1:tls_handshaker.cc(126)] TlsClient: SSL_do_handshake returned when entering early data. After retry, rv=-1, SSL_in_early_data=1
[4672:7044:0923/214300.917:VERBOSE1:tls_handshaker.cc(105)] TlsClient: Continuing handshake
[4672:7044:0923/214300.917:VERBOSE1:tls_handshaker.cc(105)] TlsClient: Continuing handshake
[4672:7044:0923/214300.917:VERBOSE1:tls_client_handshaker.cc(528)] Client: handshake finished
[1472:18424:0923/214303.405:VERBOSE1:media_stream_manager.cc(1533)] MSPL::OnSpeedLimitChange({this=00004BFC022BED40}, {new_limit=62})
[1472:18424:0923/214306.406:VERBOSE1:media_stream_manager.cc(1533)] MSPL::OnSpeedLimitChange({this=00004BFC022BED40}, {new_limit=61})
[1472:18424:0923/214312.416:VERBOSE1:media_stream_manager.cc(1533)] MSPL::OnSpeedLimitChange({this=00004BFC022BED40}, {new_limit=60})
[1472:18424:0923/214322.419:VERBOSE1:media_stream_manager.cc(1533)] MSPL::OnSpeedLimitChange({this=00004BFC022BED40}, {new_limit=61})
[1472:18424:0923/214323.418:VERBOSE1:media_stream_manager.cc(1533)] MSPL::OnSpeedLimitChange({this=00004BFC022BED40}, {new_limit=60})
[1472:18424:0923/214325.429:VERBOSE1:media_stream_manager.cc(1533)] MSPL::OnSpeedLimitChange({this=00004BFC022BED40}, {new_limit=62})
[1472:18424:0923/214326.427:VERBOSE1:media_stream_manager.cc(1533)] MSPL::OnSpeedLimitChange({this=00004BFC022BED40}, {new_limit=60})
[1472:18424:0923/214329.434:VERBOSE1:media_stream_manager.cc(1533)] MSPL::OnSpeedLimitChange({this=00004BFC022BED40}, {new_limit=59})
[1472:18424:0923/214334.429:VERBOSE1:media_stream_manager.cc(1533)] MSPL::OnSpeedLimitChange({this=00004BFC022BED40}, {new_limit=58})
[1472:18424:0923/214335.429:VERBOSE1:media_stream_manager.cc(1533)] MSPL::OnSpeedLimitChange({this=00004BFC022BED40}, {new_limit=56})
[1472:18424:0923/214336.436:VERBOSE1:media_stream_manager.cc(1533)] MSPL::OnSpeedLimitChange({this=00004BFC022BED40}, {new_limit=57})
[1472:18424:0923/214337.430:VERBOSE1:media_stream_manager.cc(1533)] MSPL::OnSpeedLimitChange({this=00004BFC022BED40}, {new_limit=58})
[1472:18424:0923/214341.430:VERBOSE1:media_stream_manager.cc(1533)] MSPL::OnSpeedLimitChange({this=00004BFC022BED40}, {new_limit=59})
[1472:18424:0923/214343.431:VERBOSE1:media_stream_manager.cc(1533)] MSPL::OnSpeedLimitChange({this=00004BFC022BED40}, {new_limit=60})
[1472:18424:0923/214345.437:VERBOSE1:media_stream_manager.cc(1533)] MSPL::OnSpeedLimitChange({this=00004BFC022BED40}, {new_limit=61})
[1472:18424:0923/214346.445:VERBOSE1:media_stream_manager.cc(1533)] MSPL::OnSpeedLimitChange({this=00004BFC022BED40}, {new_limit=62})
[1472:18424:0923/214347.439:VERBOSE1:media_stream_manager.cc(1533)] MSPL::OnSpeedLimitChange({this=00004BFC022BED40}, {new_limit=63})
[1472:18424:0923/214348.436:VERBOSE1:media_stream_manager.cc(1533)] MSPL::OnSpeedLimitChange({this=00004BFC022BED40}, {new_limit=62})
[1472:18424:0923/214351.439:VERBOSE1:media_stream_manager.cc(1533)] MSPL::OnSpeedLimitChange({this=00004BFC022BED40}, {new_limit=61})
[1472:18424:0923/214354.435:VERBOSE1:media_stream_manager.cc(1533)] MSPL::OnSpeedLimitChange({this=00004BFC022BED40}, {new_limit=60})
[1472:18424:0923/214355.436:VERBOSE1:media_stream_manager.cc(1533)] MSPL::OnSpeedLimitChange({this=00004BFC022BED40}, {new_limit=59})
[1472:18424:0923/214356.443:VERBOSE1:media_stream_manager.cc(1533)] MSPL::OnSpeedLimitChange({this=00004BFC022BED40}, {new_limit=58})
[1472:18424:0923/214357.436:VERBOSE1:media_stream_manager.cc(1533)] MSPL::OnSpeedLimitChange({this=00004BFC022BED40}, {new_limit=57})
[1472:18424:0923/214358.442:VERBOSE1:media_stream_manager.cc(1533)] MSPL::OnSpeedLimitChange({this=00004BFC022BED40}, {new_limit=58})
[1472:18424:0923/214402.440:VERBOSE1:media_stream_manager.cc(1533)] MSPL::OnSpeedLimitChange({this=00004BFC022BED40}, {new_limit=57})
[1472:18424:0923/214405.443:VERBOSE1:media_stream_manager.cc(1533)] MSPL::OnSpeedLimitChange({this=00004BFC022BED40}, {new_limit=58})
[1472:18424:0923/214406.454:VERBOSE1:media_stream_manager.cc(1533)] MSPL::OnSpeedLimitChange({this=00004BFC022BED40}, {new_limit=59})
[1472:18424:0923/214409.447:VERBOSE1:media_stream_manager.cc(1533)] MSPL::OnSpeedLimitChange({this=00004BFC022BED40}, {new_limit=58})
[1472:18424:0923/214411.446:VERBOSE1:media_stream_manager.cc(1533)] MSPL::OnSpeedLimitChange({this=00004BFC022BED40}, {new_limit=57})
[1472:18424:0923/214422.778:VERBOSE1:media_stream_manager.cc(1533)] MSPL::OnSpeedLimitChange({this=00004BFC022BED40}, {new_limit=60})
[1472:18424:0923/214423.715:VERBOSE1:media_stream_manager.cc(1533)] MSPL::OnSpeedLimitChange({this=00004BFC022BED40}, {new_limit=61})
[1472:18424:0923/214428.459:VERBOSE1:media_stream_manager.cc(1533)] MSPL::OnSpeedLimitChange({this=00004BFC022BED40}, {new_limit=60})
[1472:18424:0923/214429.465:VERBOSE1:media_stream_manager.cc(1533)] MSPL::OnSpeedLimitChange({this=00004BFC022BED40}, {new_limit=61})
[1472:18424:0923/214430.460:VERBOSE1:media_stream_manager.cc(1533)] MSPL::OnSpeedLimitChange({this=00004BFC022BED40}, {new_limit=60})
[1472:18424:0923/214431.503:VERBOSE1:media_stream_manager.cc(1533)] MSPL::OnSpeedLimitChange({this=00004BFC022BED40}, {new_limit=62})
[1472:18424:0923/214432.462:VERBOSE1:media_stream_manager.cc(1533)] MSPL::OnSpeedLimitChange({this=00004BFC022BED40}, {new_limit=59})
[1472:18424:0923/214433.466:VERBOSE1:media_stream_manager.cc(1533)] MSPL::OnSpeedLimitChange({this=00004BFC022BED40}, {new_limit=57})
[1472:18424:0923/214434.462:VERBOSE1:media_stream_manager.cc(1533)] MSPL::OnSpeedLimitChange({this=00004BFC022BED40}, {new_limit=58})
[1472:18424:0923/214435.466:VERBOSE1:media_stream_manager.cc(1533)] MSPL::OnSpeedLimitChange({this=00004BFC022BED40}, {new_limit=57})
[1472:18424:0923/214436.463:VERBOSE1:media_stream_manager.cc(1533)] MSPL::OnSpeedLimitChange({this=00004BFC022BED40}, {new_limit=56})
[1472:18424:0923/214439.468:VERBOSE1:media_stream_manager.cc(1533)] MSPL::OnSpeedLimitChange({this=00004BFC022BED40}, {new_limit=57})
[1472:18424:0923/214440.465:VERBOSE1:media_stream_manager.cc(1533)] MSPL::OnSpeedLimitChange({this=00004BFC022BED40}, {new_limit=59})
[1472:18424:0923/214441.471:VERBOSE1:media_stream_manager.cc(1533)] MSPL::OnSpeedLimitChange({this=00004BFC022BED40}, {new_limit=58})
[1472:18424:0923/214442.464:VERBOSE1:media_stream_manager.cc(1533)] MSPL::OnSpeedLimitChange({this=00004BFC022BED40}, {new_limit=59})
[1472:18424:0923/214443.472:VERBOSE1:media_stream_manager.cc(1533)] MSPL::OnSpeedLimitChange({this=00004BFC022BED40}, {new_limit=60})
[1472:18424:0923/214444.479:VERBOSE1:media_stream_manager.cc(1533)] MSPL::OnSpeedLimitChange({this=00004BFC022BED40}, {new_limit=61})
[1472:18424:0923/214445.469:VERBOSE1:media_stream_manager.cc(1533)] MSPL::OnSpeedLimitChange({this=00004BFC022BED40}, {new_limit=62})
[1472:18424:0923/214446.467:VERBOSE1:media_stream_manager.cc(1533)] MSPL::OnSpeedLimitChange({this=00004BFC022BED40}, {new_limit=64})
[1472:18424:0923/214449.468:VERBOSE1:media_stream_manager.cc(1533)] MSPL::OnSpeedLimitChange({this=00004BFC022BED40}, {new_limit=63})
[1472:18424:0923/214450.470:VERBOSE1:media_stream_manager.cc(1533)] MSPL::OnSpeedLimitChange({this=00004BFC022BED40}, {new_limit=62})
[1472:18424:0923/214451.585:VERBOSE1:media_stream_manager.cc(1533)] MSPL::OnSpeedLimitChange({this=00004BFC022BED40}, {new_limit=63})
[1472:18424:0923/214452.474:VERBOSE1:media_stream_manager.cc(1533)] MSPL::OnSpeedLimitChange({this=00004BFC022BED40}, {new_limit=62})
[1472:18424:0923/214453.481:VERBOSE1:media_stream_manager.cc(1533)] MSPL::OnSpeedLimitChange({this=00004BFC022BED40}, {new_limit=61})
[1472:18424:0923/214454.476:VERBOSE1:media_stream_manager.cc(1533)] MSPL::OnSpeedLimitChange({this=00004BFC022BED40}, {new_limit=60})
[1472:18424:0923/214456.480:VERBOSE1:media_stream_manager.cc(1533)] MSPL::OnSpeedLimitChange({this=00004BFC022BED40}, {new_limit=58})
[1472:18424:0923/214458.477:VERBOSE1:media_stream_manager.cc(1533)] MSPL::OnSpeedLimitChange({this=00004BFC022BED40}, {new_limit=57})
[1472:18424:0923/214502.492:VERBOSE1:media_stream_manager.cc(1533)] MSPL::OnSpeedLimitChange({this=00004BFC022BED40}, {new_limit=58})
[1472:18424:0923/214503.484:VERBOSE1:media_stream_manager.cc(1533)] MSPL::OnSpeedLimitChange({this=00004BFC022BED40}, {new_limit=59})
[1472:18424:0923/214504.482:VERBOSE1:media_stream_manager.cc(1533)] MSPL::OnSpeedLimitChange({this=00004BFC022BED40}, {new_limit=60})
[1472:18424:0923/214505.483:VERBOSE1:media_stream_manager.cc(1533)] MSPL::OnSpeedLimitChange({this=00004BFC022BED40}, {new_limit=62})
[1472:18424:0923/214506.483:VERBOSE1:media_stream_manager.cc(1533)] MSPL::OnSpeedLimitChange({this=00004BFC022BED40}, {new_limit=64})
[1472:18424:0923/214507.491:VERBOSE1:media_stream_manager.cc(1533)] MSPL::OnSpeedLimitChange({this=00004BFC022BED40}, {new_limit=65})
[1472:18424:0923/214508.487:VERBOSE1:media_stream_manager.cc(1533)] MSPL::OnSpeedLimitChange({this=00004BFC022BED40}, {new_limit=66})
[1472:18424:0923/214509.487:VERBOSE1:media_stream_manager.cc(1533)] MSPL::OnSpeedLimitChange({this=00004BFC022BED40}, {new_limit=67})
[1472:18424:0923/214511.484:VERBOSE1:media_stream_manager.cc(1533)] MSPL::OnSpeedLimitChange({this=00004BFC022BED40}, {new_limit=66})
[1472:18424:0923/214513.489:VERBOSE1:media_stream_manager.cc(1533)] MSPL::OnSpeedLimitChange({this=00004BFC022BED40}, {new_limit=65})
[1472:18424:0923/214515.491:VERBOSE1:media_stream_manager.cc(1533)] MSPL::OnSpeedLimitChange({this=00004BFC022BED40}, {new_limit=64})
[1472:18424:0923/214516.490:VERBOSE1:media_stream_manager.cc(1533)] MSPL::OnSpeedLimitChange({this=00004BFC022BED40}, {new_limit=62})
[1472:18424:0923/214518.492:VERBOSE1:media_stream_manager.cc(1533)] MSPL::OnSpeedLimitChange({this=00004BFC022BED40}, {new_limit=61})
[1472:18424:0923/214522.008:VERBOSE1:media_stream_manager.cc(1533)] MSPL::OnSpeedLimitChange({this=00004BFC022BED40}, {new_limit=63})
[1472:18424:0923/214522.602:VERBOSE1:media_stream_manager.cc(1533)] MSPL::OnSpeedLimitChange({this=00004BFC022BED40}, {new_limit=65})
[1472:18424:0923/214523.495:VERBOSE1:media_stream_manager.cc(1533)] MSPL::OnSpeedLimitChange({this=00004BFC022BED40}, {new_limit=64})
[1472:18424:0923/214525.501:VERBOSE1:media_stream_manager.cc(1533)] MSPL::OnSpeedLimitChange({this=00004BFC022BED40}, {new_limit=63})
[1472:18424:0923/214530.503:VERBOSE1:media_stream_manager.cc(1533)] MSPL::OnSpeedLimitChange({this=00004BFC022BED40}, {new_limit=62})
[1472:18424:0923/214531.499:VERBOSE1:media_stream_manager.cc(1533)] MSPL::OnSpeedLimitChange({this=00004BFC022BED40}, {new_limit=59})
[1472:18424:0923/214532.507:VERBOSE1:media_stream_manager.cc(1533)] MSPL::OnSpeedLimitChange({this=00004BFC022BED40}, {new_limit=57})
[1472:18424:0923/214536.501:VERBOSE1:media_stream_manager.cc(1533)] MSPL::OnSpeedLimitChange({this=00004BFC022BED40}, {new_limit=58})
[1472:18424:0923/214541.502:VERBOSE1:media_stream_manager.cc(1533)] MSPL::OnSpeedLimitChange({this=00004BFC022BED40}, {new_limit=60})
[1472:18424:0923/214542.507:VERBOSE1:media_stream_manager.cc(1533)] MSPL::OnSpeedLimitChange({this=00004BFC022BED40}, {new_limit=59})
[1472:18424:0923/214543.506:VERBOSE1:media_stream_manager.cc(1533)] MSPL::OnSpeedLimitChange({this=00004BFC022BED40}, {new_limit=60})
[1472:18424:0923/214546.511:VERBOSE1:media_stream_manager.cc(1533)] MSPL::OnSpeedLimitChange({this=00004BFC022BED40}, {new_limit=61})
[4672:7044:0923/214548.168:VERBOSE1:network_delegate.cc(36)] NetworkDelegate::NotifyBeforeURLRequest: https://optimizationguide-pa.googleapis.com/v1:GetModels?key=dummytoken
[4672:7044:0923/214548.174:VERBOSE1:tls_handshaker.cc(105)] TlsClient: Continuing handshake
[4672:7044:0923/214548.174:VERBOSE1:tls_handshaker.cc(126)] TlsClient: SSL_do_handshake returned when entering early data. After retry, rv=-1, SSL_in_early_data=1
[4672:7044:0923/214548.237:VERBOSE1:tls_handshaker.cc(105)] TlsClient: Continuing handshake
[4672:7044:0923/214548.238:VERBOSE1:tls_handshaker.cc(105)] TlsClient: Continuing handshake
[4672:7044:0923/214548.238:VERBOSE1:tls_client_handshaker.cc(528)] Client: handshake finished
[1472:18424:0923/214554.795:VERBOSE1:media_stream_manager.cc(1533)] MSPL::OnSpeedLimitChange({this=00004BFC022BED40}, {new_limit=62})
[1472:18424:0923/214556.149:VERBOSE1:media_stream_manager.cc(1533)] MSPL::OnSpeedLimitChange({this=00004BFC022BED40}, {new_limit=64})
[1472:18424:0923/214556.511:VERBOSE1:media_stream_manager.cc(1533)] MSPL::OnSpeedLimitChange({this=00004BFC022BED40}, {new_limit=63})
[1472:18424:0923/214603.525:VERBOSE1:media_stream_manager.cc(1533)] MSPL::OnSpeedLimitChange({this=00004BFC022BED40}, {new_limit=62})
[1472:18424:0923/214604.517:VERBOSE1:media_stream_manager.cc(1533)] MSPL::OnSpeedLimitChange({this=00004BFC022BED40}, {new_limit=60})
[1472:18424:0923/214605.521:VERBOSE1:media_stream_manager.cc(1533)] MSPL::OnSpeedLimitChange({this=00004BFC022BED40}, {new_limit=58})
[1472:18424:0923/214606.522:VERBOSE1:media_stream_manager.cc(1533)] MSPL::OnSpeedLimitChange({this=00004BFC022BED40}, {new_limit=59})
[1472:18424:0923/214611.529:VERBOSE1:media_stream_manager.cc(1533)] MSPL::OnSpeedLimitChange({this=00004BFC022BED40}, {new_limit=58})
[1472:18424:0923/214612.529:VERBOSE1:media_stream_manager.cc(1533)] MSPL::OnSpeedLimitChange({this=00004BFC022BED40}, {new_limit=59})
[1472:18424:0923/214614.522:VERBOSE1:media_stream_manager.cc(1533)] MSPL::OnSpeedLimitChange({this=00004BFC022BED40}, {new_limit=60})
[1472:18424:0923/214618.527:VERBOSE1:media_stream_manager.cc(1533)] MSPL::OnSpeedLimitChange({this=00004BFC022BED40}, {new_limit=61})
[1472:18424:0923/214625.534:VERBOSE1:media_stream_manager.cc(1533)] MSPL::OnSpeedLimitChange({this=00004BFC022BED40}, {new_limit=60})
[1472:18424:0923/214627.537:VERBOSE1:media_stream_manager.cc(1533)] MSPL::OnSpeedLimitChange({this=00004BFC022BED40}, {new_limit=59})
[1472:18424:0923/214632.591:VERBOSE1:media_stream_manager.cc(1533)] MSPL::OnSpeedLimitChange({this=00004BFC022BED40}, {new_limit=61})
[1472:18424:0923/214636.541:VERBOSE1:media_stream_manager.cc(1533)] MSPL::OnSpeedLimitChange({this=00004BFC022BED40}, {new_limit=60})
[1472:18424:0923/214637.543:VERBOSE1:media_stream_manager.cc(1533)] MSPL::OnSpeedLimitChange({this=00004BFC022BED40}, {new_limit=61})
[1472:18424:0923/214642.551:VERBOSE1:media_stream_manager.cc(1533)] MSPL::OnSpeedLimitChange({this=00004BFC022BED40}, {new_limit=60})
[1472:18424:0923/214645.548:VERBOSE1:media_stream_manager.cc(1533)] MSPL::OnSpeedLimitChange({this=00004BFC022BED40}, {new_limit=61})
[1472:18424:0923/214654.559:VERBOSE1:media_stream_manager.cc(1533)] MSPL::OnSpeedLimitChange({this=00004BFC022BED40}, {new_limit=62})
[1472:18424:0923/214655.555:VERBOSE1:media_stream_manager.cc(1533)] MSPL::OnSpeedLimitChange({this=00004BFC022BED40}, {new_limit=61})
[1472:18424:0923/214656.558:VERBOSE1:media_stream_manager.cc(1533)] MSPL::OnSpeedLimitChange({this=00004BFC022BED40}, {new_limit=62})
[1472:18424:0923/214704.559:VERBOSE1:media_stream_manager.cc(1533)] MSPL::OnSpeedLimitChange({this=00004BFC022BED40}, {new_limit=61})
[1472:18424:0923/214710.565:VERBOSE1:media_stream_manager.cc(1533)] MSPL::OnSpeedLimitChange({this=00004BFC022BED40}, {new_limit=60})
[1472:18424:0923/214720.588:VERBOSE1:media_stream_manager.cc(1533)] MSPL::OnSpeedLimitChange({this=00004BFC022BED40}, {new_limit=61})
[1472:18424:0923/214722.172:VERBOSE1:media_stream_manager.cc(1533)] MSPL::OnSpeedLimitChange({this=00004BFC022BED40}, {new_limit=62})
[1472:18424:0923/214728.577:VERBOSE1:media_stream_manager.cc(1533)] MSPL::OnSpeedLimitChange({this=00004BFC022BED40}, {new_limit=61})
[1472:18424:0923/214731.572:VERBOSE1:media_stream_manager.cc(1533)] MSPL::OnSpeedLimitChange({this=00004BFC022BED40}, {new_limit=60})
[1472:18424:0923/214736.610:VERBOSE1:media_stream_manager.cc(1533)] MSPL::OnSpeedLimitChange({this=00004BFC022BED40}, {new_limit=62})
[1472:18424:0923/214741.579:VERBOSE1:media_stream_manager.cc(1533)] MSPL::OnSpeedLimitChange({this=00004BFC022BED40}, {new_limit=61})
[1472:18424:0923/214746.589:VERBOSE1:media_stream_manager.cc(1533)] MSPL::OnSpeedLimitChange({this=00004BFC022BED40}, {new_limit=59})
[1472:18424:0923/214748.591:VERBOSE1:media_stream_manager.cc(1533)] MSPL::OnSpeedLimitChange({this=00004BFC022BED40}, {new_limit=60})
[1472:18424:0923/214751.590:VERBOSE1:media_stream_manager.cc(1533)] MSPL::OnSpeedLimitChange({this=00004BFC022BED40}, {new_limit=61})
[1472:18424:0923/214754.587:VERBOSE1:media_stream_manager.cc(1533)] MSPL::OnSpeedLimitChange({this=00004BFC022BED40}, {new_limit=62})
[1472:18424:0923/214756.591:VERBOSE1:media_stream_manager.cc(1533)] MSPL::OnSpeedLimitChange({this=00004BFC022BED40}, {new_limit=61})
[1472:18424:0923/214800.595:VERBOSE1:media_stream_manager.cc(1533)] MSPL::OnSpeedLimitChange({this=00004BFC022BED40}, {new_limit=62})
[1472:18424:0923/214816.601:VERBOSE1:media_stream_manager.cc(1533)] MSPL::OnSpeedLimitChange({this=00004BFC022BED40}, {new_limit=61})
[1472:18424:0923/214817.599:VERBOSE1:media_stream_manager.cc(1533)] MSPL::OnSpeedLimitChange({this=00004BFC022BED40}, {new_limit=62})
[1472:18424:0923/214819.666:VERBOSE1:media_stream_manager.cc(1533)] MSPL::OnSpeedLimitChange({this=00004BFC022BED40}, {new_limit=63})
[1472:18424:0923/214822.638:VERBOSE1:media_stream_manager.cc(1533)] MSPL::OnSpeedLimitChange({this=00004BFC022BED40}, {new_limit=64})
[1472:18424:0923/214826.605:VERBOSE1:media_stream_manager.cc(1533)] MSPL::OnSpeedLimitChange({this=00004BFC022BED40}, {new_limit=65})
[1472:18424:0923/214827.857:VERBOSE1:media_stream_manager.cc(1533)] MSPL::OnSpeedLimitChange({this=00004BFC022BED40}, {new_limit=67})
[1472:18424:0923/214828.615:VERBOSE1:media_stream_manager.cc(1533)] MSPL::OnSpeedLimitChange({this=00004BFC022BED40}, {new_limit=66})
[1472:18424:0923/214829.621:VERBOSE1:media_stream_manager.cc(1533)] MSPL::OnSpeedLimitChange({this=00004BFC022BED40}, {new_limit=64})
[1472:18424:0923/214832.620:VERBOSE1:media_stream_manager.cc(1533)] MSPL::OnSpeedLimitChange({this=00004BFC022BED40}, {new_limit=62})
[4672:7044:0923/214832.821:VERBOSE1:network_delegate.cc(36)] NetworkDelegate::NotifyBeforeURLRequest: https://optimizationguide-pa.googleapis.com/v1:GetModels?key=dummytoken
[4672:7044:0923/214832.827:VERBOSE1:tls_handshaker.cc(105)] TlsClient: Continuing handshake
[4672:7044:0923/214832.828:VERBOSE1:tls_handshaker.cc(126)] TlsClient: SSL_do_handshake returned when entering early data. After retry, rv=-1, SSL_in_early_data=1
[4672:7044:0923/214832.890:VERBOSE1:tls_handshaker.cc(105)] TlsClient: Continuing handshake
[4672:7044:0923/214832.890:VERBOSE1:tls_handshaker.cc(105)] TlsClient: Continuing handshake
[4672:7044:0923/214832.890:VERBOSE1:tls_client_handshaker.cc(528)] Client: handshake finished
[1472:18424:0923/214836.618:VERBOSE1:media_stream_manager.cc(1533)] MSPL::OnSpeedLimitChange({this=00004BFC022BED40}, {new_limit=61})
[1472:18424:0923/214837.613:VERBOSE1:media_stream_manager.cc(1533)] MSPL::OnSpeedLimitChange({this=00004BFC022BED40}, {new_limit=59})
[1472:18424:0923/214840.619:VERBOSE1:media_stream_manager.cc(1533)] MSPL::OnSpeedLimitChange({this=00004BFC022BED40}, {new_limit=60})
[1472:18424:0923/214842.628:VERBOSE1:media_stream_manager.cc(1533)] MSPL::OnSpeedLimitChange({this=00004BFC022BED40}, {new_limit=61})
[1472:18424:0923/214846.626:VERBOSE1:media_stream_manager.cc(1533)] MSPL::OnSpeedLimitChange({this=00004BFC022BED40}, {new_limit=62})
[1472:18424:0923/214848.628:VERBOSE1:media_stream_manager.cc(1533)] MSPL::OnSpeedLimitChange({this=00004BFC022BED40}, {new_limit=61})
[1472:18424:0923/214853.628:VERBOSE1:media_stream_manager.cc(1533)] MSPL::OnSpeedLimitChange({this=00004BFC022BED40}, {new_limit=60})
[1472:18424:0923/214903.636:VERBOSE1:media_stream_manager.cc(1533)] MSPL::OnSpeedLimitChange({this=00004BFC022BED40}, {new_limit=61})
[1472:18424:0923/214910.631:VERBOSE1:media_stream_manager.cc(1533)] MSPL::OnSpeedLimitChange({this=00004BFC022BED40}, {new_limit=62})
[1472:18424:0923/214913.644:VERBOSE1:media_stream_manager.cc(1533)] MSPL::OnSpeedLimitChange({this=00004BFC022BED40}, {new_limit=61})
[1472:18424:0923/214920.345:VERBOSE1:media_stream_manager.cc(1533)] MSPL::OnSpeedLimitChange({this=00004BFC022BED40}, {new_limit=62})
[1472:18424:0923/214920.658:VERBOSE1:media_stream_manager.cc(1533)] MSPL::OnSpeedLimitChange({this=00004BFC022BED40}, {new_limit=61})
[1472:18424:0923/214921.643:VERBOSE1:media_stream_manager.cc(1533)] MSPL::OnSpeedLimitChange({this=00004BFC022BED40}, {new_limit=60})
[1472:18424:0923/214922.641:VERBOSE1:media_stream_manager.cc(1533)] MSPL::OnSpeedLimitChange({this=00004BFC022BED40}, {new_limit=61})
[1472:18424:0923/214924.642:VERBOSE1:media_stream_manager.cc(1533)] MSPL::OnSpeedLimitChange({this=00004BFC022BED40}, {new_limit=63})
[1472:18424:0923/214925.650:VERBOSE1:media_stream_manager.cc(1533)] MSPL::OnSpeedLimitChange({this=00004BFC022BED40}, {new_limit=62})
[1472:18424:0923/214929.653:VERBOSE1:media_stream_manager.cc(1533)] MSPL::OnSpeedLimitChange({this=00004BFC022BED40}, {new_limit=61})
[1472:18424:0923/214931.651:VERBOSE1:media_stream_manager.cc(1533)] MSPL::OnSpeedLimitChange({this=00004BFC022BED40}, {new_limit=62})
[1472:18424:0923/214933.648:VERBOSE1:media_stream_manager.cc(1533)] MSPL::OnSpeedLimitChange({this=00004BFC022BED40}, {new_limit=61})
[1472:18424:0923/214934.650:VERBOSE1:media_stream_manager.cc(1533)] MSPL::OnSpeedLimitChange({this=00004BFC022BED40}, {new_limit=59})
[1472:18424:0923/214943.660:VERBOSE1:media_stream_manager.cc(1533)] MSPL::OnSpeedLimitChange({this=00004BFC022BED40}, {new_limit=60})
[1472:18424:0923/214946.658:VERBOSE1:media_stream_manager.cc(1533)] MSPL::OnSpeedLimitChange({this=00004BFC022BED40}, {new_limit=61})
[1472:18424:0923/214948.662:VERBOSE1:media_stream_manager.cc(1533)] MSPL::OnSpeedLimitChange({this=00004BFC022BED40}, {new_limit=62})
[1472:18424:0923/214950.657:VERBOSE1:media_stream_manager.cc(1533)] MSPL::OnSpeedLimitChange({this=00004BFC022BED40}, {new_limit=63})
[1472:18424:0923/214954.660:VERBOSE1:media_stream_manager.cc(1533)] MSPL::OnSpeedLimitChange({this=00004BFC022BED40}, {new_limit=64})
[1472:18424:0923/214955.666:VERBOSE1:media_stream_manager.cc(1533)] MSPL::OnSpeedLimitChange({this=00004BFC022BED40}, {new_limit=63})
[1472:18424:0923/214958.668:VERBOSE1:media_stream_manager.cc(1533)] MSPL::OnSpeedLimitChange({this=00004BFC022BED40}, {new_limit=62})
[1472:18424:0923/214959.668:VERBOSE1:media_stream_manager.cc(1533)] MSPL::OnSpeedLimitChange({this=00004BFC022BED40}, {new_limit=63})
[1472:18424:0923/215000.701:VERBOSE1:media_stream_manager.cc(1533)] MSPL::OnSpeedLimitChange({this=00004BFC022BED40}, {new_limit=64})
[1472:18424:0923/215004.668:VERBOSE1:media_stream_manager.cc(1533)] MSPL::OnSpeedLimitChange({this=00004BFC022BED40}, {new_limit=63})
[1472:18424:0923/215007.670:VERBOSE1:media_stream_manager.cc(1533)] MSPL::OnSpeedLimitChange({this=00004BFC022BED40}, {new_limit=64})
[1472:18424:0923/215009.667:VERBOSE1:media_stream_manager.cc(1533)] MSPL::OnSpeedLimitChange({this=00004BFC022BED40}, {new_limit=62})
[1472:18424:0923/215010.671:VERBOSE1:media_stream_manager.cc(1533)] MSPL::OnSpeedLimitChange({this=00004BFC022BED40}, {new_limit=61})
[1472:18424:0923/215011.676:VERBOSE1:media_stream_manager.cc(1533)] MSPL::OnSpeedLimitChange({this=00004BFC022BED40}, {new_limit=60})
[1472:18424:0923/215013.670:VERBOSE1:media_stream_manager.cc(1533)] MSPL::OnSpeedLimitChange({this=00004BFC022BED40}, {new_limit=59})
[1472:18424:0923/215017.678:VERBOSE1:media_stream_manager.cc(1533)] MSPL::OnSpeedLimitChange({this=00004BFC022BED40}, {new_limit=58})
[1472:18424:0923/215018.684:VERBOSE1:media_stream_manager.cc(1533)] MSPL::OnSpeedLimitChange({this=00004BFC022BED40}, {new_limit=57})
[1472:18424:0923/215019.686:VERBOSE1:media_stream_manager.cc(1533)] MSPL::OnSpeedLimitChange({this=00004BFC022BED40}, {new_limit=58})
[1472:18424:0923/215020.684:VERBOSE1:media_stream_manager.cc(1533)] MSPL::OnSpeedLimitChange({this=00004BFC022BED40}, {new_limit=59})
[1472:18424:0923/215024.680:VERBOSE1:media_stream_manager.cc(1533)] MSPL::OnSpeedLimitChange({this=00004BFC022BED40}, {new_limit=58})
[1472:18424:0923/215027.690:VERBOSE1:media_stream_manager.cc(1533)] MSPL::OnSpeedLimitChange({this=00004BFC022BED40}, {new_limit=57})
[1472:18424:0923/215034.687:VERBOSE1:media_stream_manager.cc(1533)] MSPL::OnSpeedLimitChange({this=00004BFC022BED40}, {new_limit=58})
[1472:18424:0923/215036.695:VERBOSE1:media_stream_manager.cc(1533)] MSPL::OnSpeedLimitChange({this=00004BFC022BED40}, {new_limit=59})
[1472:18424:0923/215038.694:VERBOSE1:media_stream_manager.cc(1533)] MSPL::OnSpeedLimitChange({this=00004BFC022BED40}, {new_limit=60})
[1472:18424:0923/215039.695:VERBOSE1:media_stream_manager.cc(1533)] MSPL::OnSpeedLimitChange({this=00004BFC022BED40}, {new_limit=61})
[1472:18424:0923/215055.705:VERBOSE1:media_stream_manager.cc(1533)] MSPL::OnSpeedLimitChange({this=00004BFC022BED40}, {new_limit=60})
[1472:18424:0923/215058.703:VERBOSE1:media_stream_manager.cc(1533)] MSPL::OnSpeedLimitChange({this=00004BFC022BED40}, {new_limit=59})
[1472:18424:0923/215101.709:VERBOSE1:media_stream_manager.cc(1533)] MSPL::OnSpeedLimitChange({this=00004BFC022BED40}, {new_limit=60})
[1472:18424:0923/215102.708:VERBOSE1:media_stream_manager.cc(1533)] MSPL::OnSpeedLimitChange({this=00004BFC022BED40}, {new_limit=59})
[1472:18424:0923/215103.706:VERBOSE1:media_stream_manager.cc(1533)] MSPL::OnSpeedLimitChange({this=00004BFC022BED40}, {new_limit=61})
[1472:18424:0923/215108.710:VERBOSE1:media_stream_manager.cc(1533)] MSPL::OnSpeedLimitChange({this=00004BFC022BED40}, {new_limit=62})
[1472:18424:0923/215110.714:VERBOSE1:media_stream_manager.cc(1533)] MSPL::OnSpeedLimitChange({this=00004BFC022BED40}, {new_limit=61})
[1472:18424:0923/215113.707:VERBOSE1:media_stream_manager.cc(1533)] MSPL::OnSpeedLimitChange({this=00004BFC022BED40}, {new_limit=60})
[1472:18424:0923/215117.717:VERBOSE1:media_stream_manager.cc(1533)] MSPL::OnSpeedLimitChange({this=00004BFC022BED40}, {new_limit=61})
[1472:18424:0923/215119.712:VERBOSE1:media_stream_manager.cc(1533)] MSPL::OnSpeedLimitChange({this=00004BFC022BED40}, {new_limit=60})
[1472:18424:0923/215122.717:VERBOSE1:media_stream_manager.cc(1533)] MSPL::OnSpeedLimitChange({this=00004BFC022BED40}, {new_limit=61})
[1472:18424:0923/215129.750:VERBOSE1:media_stream_manager.cc(1533)] MSPL::OnSpeedLimitChange({this=00004BFC022BED40}, {new_limit=62})
[4672:7044:0923/215131.950:VERBOSE1:network_delegate.cc(36)] NetworkDelegate::NotifyBeforeURLRequest: https://optimizationguide-pa.googleapis.com/v1:GetModels?key=dummytoken
[4672:7044:0923/215131.957:VERBOSE1:tls_handshaker.cc(105)] TlsClient: Continuing handshake
[4672:7044:0923/215131.957:VERBOSE1:tls_handshaker.cc(126)] TlsClient: SSL_do_handshake returned when entering early data. After retry, rv=-1, SSL_in_early_data=1
[4672:7044:0923/215132.015:VERBOSE1:tls_handshaker.cc(105)] TlsClient: Continuing handshake
[4672:7044:0923/215132.015:VERBOSE1:tls_handshaker.cc(105)] TlsClient: Continuing handshake
[4672:7044:0923/215132.015:VERBOSE1:tls_client_handshaker.cc(528)] Client: handshake finished
[1472:18424:0923/215138.733:VERBOSE1:media_stream_manager.cc(1533)] MSPL::OnSpeedLimitChange({this=00004BFC022BED40}, {new_limit=61})
[1472:18424:0923/215139.811:VERBOSE1:media_stream_manager.cc(1533)] MSPL::OnSpeedLimitChange({this=00004BFC022BED40}, {new_limit=62})
[1472:18424:0923/215140.753:VERBOSE1:media_stream_manager.cc(1533)] MSPL::OnSpeedLimitChange({this=00004BFC022BED40}, {new_limit=63})
[1472:18424:0923/215144.736:VERBOSE1:media_stream_manager.cc(1533)] MSPL::OnSpeedLimitChange({this=00004BFC022BED40}, {new_limit=62})
[1472:18424:0923/215149.735:VERBOSE1:media_stream_manager.cc(1533)] MSPL::OnSpeedLimitChange({this=00004BFC022BED40}, {new_limit=61})
[1472:18424:0923/215150.744:VERBOSE1:media_stream_manager.cc(1533)] MSPL::OnSpeedLimitChange({this=00004BFC022BED40}, {new_limit=60})
[1472:18424:0923/215157.886:VERBOSE1:media_stream_manager.cc(1533)] MSPL::OnSpeedLimitChange({this=00004BFC022BED40}, {new_limit=62})
[1472:18424:0923/215159.218:VERBOSE1:media_stream_manager.cc(1533)] MSPL::OnSpeedLimitChange({this=00004BFC022BED40}, {new_limit=63})
[1472:18424:0923/215207.754:VERBOSE1:media_stream_manager.cc(1533)] MSPL::OnSpeedLimitChange({this=00004BFC022BED40}, {new_limit=61})
[1472:18424:0923/215208.753:VERBOSE1:media_stream_manager.cc(1533)] MSPL::OnSpeedLimitChange({this=00004BFC022BED40}, {new_limit=60})
[1472:18424:0923/215210.754:VERBOSE1:media_stream_manager.cc(1533)] MSPL::OnSpeedLimitChange({this=00004BFC022BED40}, {new_limit=61})
[1472:18424:0923/215214.749:VERBOSE1:media_stream_manager.cc(1533)] MSPL::OnSpeedLimitChange({this=00004BFC022BED40}, {new_limit=62})
[1472:18424:0923/215215.762:VERBOSE1:media_stream_manager.cc(1533)] MSPL::OnSpeedLimitChange({this=00004BFC022BED40}, {new_limit=61})
[1472:18424:0923/215217.751:VERBOSE1:media_stream_manager.cc(1533)] MSPL::OnSpeedLimitChange({this=00004BFC022BED40}, {new_limit=59})
[1472:18424:0923/215219.758:VERBOSE1:media_stream_manager.cc(1533)] MSPL::OnSpeedLimitChange({this=00004BFC022BED40}, {new_limit=58})
[1472:18424:0923/215220.768:VERBOSE1:media_stream_manager.cc(1533)] MSPL::OnSpeedLimitChange({this=00004BFC022BED40}, {new_limit=57})
[1472:18424:0923/215222.757:VERBOSE1:media_stream_manager.cc(1533)] MSPL::OnSpeedLimitChange({this=00004BFC022BED40}, {new_limit=58})
[1472:18424:0923/215227.756:VERBOSE1:media_stream_manager.cc(1533)] MSPL::OnSpeedLimitChange({this=00004BFC022BED40}, {new_limit=59})
[1472:18424:0923/215228.758:VERBOSE1:media_stream_manager.cc(1533)] MSPL::OnSpeedLimitChange({this=00004BFC022BED40}, {new_limit=60})
[1472:18424:0923/215230.761:VERBOSE1:media_stream_manager.cc(1533)] MSPL::OnSpeedLimitChange({this=00004BFC022BED40}, {new_limit=61})
[1472:18424:0923/215232.765:VERBOSE1:media_stream_manager.cc(1533)] MSPL::OnSpeedLimitChange({this=00004BFC022BED40}, {new_limit=59})
[1472:18424:0923/215233.770:VERBOSE1:media_stream_manager.cc(1533)] MSPL::OnSpeedLimitChange({this=00004BFC022BED40}, {new_limit=58})
[1472:18424:0923/215234.769:VERBOSE1:media_stream_manager.cc(1533)] MSPL::OnSpeedLimitChange({this=00004BFC022BED40}, {new_limit=57})
[1472:18424:0923/215236.764:VERBOSE1:media_stream_manager.cc(1533)] MSPL::OnSpeedLimitChange({this=00004BFC022BED40}, {new_limit=58})
[1472:18424:0923/215239.767:VERBOSE1:media_stream_manager.cc(1533)] MSPL::OnSpeedLimitChange({this=00004BFC022BED40}, {new_limit=59})
[1472:18424:0923/215242.771:VERBOSE1:media_stream_manager.cc(1533)] MSPL::OnSpeedLimitChange({this=00004BFC022BED40}, {new_limit=61})
[1472:18424:0923/215246.772:VERBOSE1:media_stream_manager.cc(1533)] MSPL::OnSpeedLimitChange({this=00004BFC022BED40}, {new_limit=60})
[1472:18424:0923/215248.772:VERBOSE1:media_stream_manager.cc(1533)] MSPL::OnSpeedLimitChange({this=00004BFC022BED40}, {new_limit=61})
[1472:18424:0923/215249.775:VERBOSE1:media_stream_manager.cc(1533)] MSPL::OnSpeedLimitChange({this=00004BFC022BED40}, {new_limit=60})
[1472:18424:0923/215251.781:VERBOSE1:media_stream_manager.cc(1533)] MSPL::OnSpeedLimitChange({this=00004BFC022BED40}, {new_limit=59})
[1472:18424:0923/215255.008:VERBOSE1:media_stream_manager.cc(1533)] MSPL::OnSpeedLimitChange({this=00004BFC022BED40}, {new_limit=100})
[1472:18424:0923/215304.784:VERBOSE1:media_stream_manager.cc(1533)] MSPL::OnSpeedLimitChange({this=00004BFC022BED40}, {new_limit=62})
[1472:18424:0923/215309.782:VERBOSE1:media_stream_manager.cc(1533)] MSPL::OnSpeedLimitChange({this=00004BFC022BED40}, {new_limit=61})
[1472:18424:0923/215322.790:VERBOSE1:media_stream_manager.cc(1533)] MSPL::OnSpeedLimitChange({this=00004BFC022BED40}, {new_limit=60})
[1472:18424:0923/215337.808:VERBOSE1:media_stream_manager.cc(1533)] MSPL::OnSpeedLimitChange({this=00004BFC022BED40}, {new_limit=61})
[1472:18424:0923/215343.809:VERBOSE1:media_stream_manager.cc(1533)] MSPL::OnSpeedLimitChange({this=00004BFC022BED40}, {new_limit=60})
[1472:18424:0923/215344.815:VERBOSE1:media_stream_manager.cc(1533)] MSPL::OnSpeedLimitChange({this=00004BFC022BED40}, {new_limit=59})
[1472:18424:0923/215348.810:VERBOSE1:media_stream_manager.cc(1533)] MSPL::OnSpeedLimitChange({this=00004BFC022BED40}, {new_limit=58})
[1472:18424:0923/215349.810:VERBOSE1:media_stream_manager.cc(1533)] MSPL::OnSpeedLimitChange({this=00004BFC022BED40}, {new_limit=57})
[1472:18424:0923/215352.821:VERBOSE1:media_stream_manager.cc(1533)] MSPL::OnSpeedLimitChange({this=00004BFC022BED40}, {new_limit=58})
[1472:18424:0923/215355.811:VERBOSE1:media_stream_manager.cc(1533)] MSPL::OnSpeedLimitChange({this=00004BFC022BED40}, {new_limit=59})
[1472:18424:0923/215356.810:VERBOSE1:media_stream_manager.cc(1533)] MSPL::OnSpeedLimitChange({this=00004BFC022BED40}, {new_limit=60})
[1472:18424:0923/215358.815:VERBOSE1:media_stream_manager.cc(1533)] MSPL::OnSpeedLimitChange({this=00004BFC022BED40}, {new_limit=61})
[8040:4156:0923/215409.186:VERBOSE1:frame_impl.cc(620)] frame 6-A4B1995619587D875D3F6441DD1711C7 disconnected (reason=BROWSER_FRAME_DISCONNECT, current_state=CONNECTION_ACKED)
[8040:4156:0923/215409.186:VERBOSE1:frame_impl.cc(633)] frame 6-A4B1995619587D875D3F6441DD1711C7 connection retry scheduled
[8040:4156:0923/215409.186:VERBOSE1:frame_impl.cc(620)] frame 6-85773E22D721B9CFEF34C3FD428B92EF disconnected (reason=BROWSER_FRAME_DISCONNECT, current_state=CONNECTION_ACKED)
[8040:4156:0923/215409.186:VERBOSE1:frame_impl.cc(633)] frame 6-85773E22D721B9CFEF34C3FD428B92EF connection retry scheduled
